r,l,t,true_completion_rate,cheat_rate,report_rate
5.7,150,6.756635,0.6666666666666667,0.0,2.3333333333333335
5.55,150,7.096226,0.19999999999999996,0.08333333333333333,0.6
5.5,150,7.527371,0.23076923076923073,0.0,1.0769230769230769
5.35,150,8.057687,0.17647058823529416,0.06666666666666667,0.8823529411764706
8.0,150,8.431788,0.07692307692307687,0.35714285714285715,1.0769230769230769
6.05,150,8.75477,0.2222222222222222,0.0,1.4444444444444444
8.15,150,9.311078,0.15384615384615385,0.17647058823529413,1.3076923076923077
7.45,150,9.926388,0.3846153846153846,0.0,1.3076923076923077
6.45,150,10.198493,0.1333333333333333,0.08333333333333333,0.8
6.85,150,10.502896,0.09090909090909094,0.0,0.8181818181818182
5.9,150,10.823116,0.33333333333333337,0.05555555555555555,1.5
5.45,150,11.237064,0.06666666666666665,0.14285714285714285,0.9333333333333333
6.4,150,11.545988,0.09999999999999998,0.058823529411764705,1.7
7.05,150,12.946081,0.06666666666666665,0.0,0.7333333333333333
9.4,150,13.358958,0.33333333333333337,0.0,1.7777777777777777
8.45,150,14.159596,0.16666666666666663,0.0,1.25
8.95,150,14.744034,0.41666666666666663,0.0,1.3333333333333333
5.2,150,15.031121,0.125,0.08333333333333333,0.75
9.65,150,15.395416,0.2941176470588235,0.0,0.9411764705882353
7.1,150,15.740239,0.06666666666666665,0.0,0.7333333333333333
7.4,150,16.088571,0.2222222222222222,0.07142857142857142,1.5555555555555556
6.9,150,16.472876,0.25,0.06666666666666667,1.25
8.25,150,16.929342,0.125,0.0,1.875
8.2,150,17.411476,0.07692307692307687,0.0,0.9230769230769231
5.1,150,17.721195,0.1428571428571429,0.0,0.5
8.0,150,18.005085,0.23076923076923073,0.0,1.1538461538461537
9.65,150,18.432277,0.17647058823529416,0.06666666666666667,0.8823529411764706
9.1,150,19.815023,0.15384615384615385,0.058823529411764705,1.3076923076923077
7.05,150,20.19992,0.4,0.0,1.2
5.55,150,20.863557,0.19999999999999996,0.0,1.3
9.85,150,21.261891,0.1428571428571429,0.0,0.7142857142857143
7.75,150,21.566709,0.4117647058823529,0.0,0.8823529411764706
7.9,150,21.934881,0.19999999999999996,0.058823529411764705,1.1333333333333333
9.0,150,22.322453,0.16666666666666663,0.0,2.8333333333333335
9.65,150,22.786534,0.18181818181818177,0.0,1.2727272727272727
9.95,150,23.306612,0.15384615384615385,0.0,1.0769230769230769
7.65,150,23.642876,0.1428571428571429,0.0,1.0
10.0,150,23.954544,0.15384615384615385,0.05263157894736842,1.4615384615384615
8.7,150,24.222418,0.2857142857142857,0.07142857142857142,1.0
8.5,150,24.520876,0.16666666666666663,0.0,1.1666666666666667
8.25,150,25.721828,0.07692307692307687,0.0,1.0769230769230769
10.55,150,26.019202,0.25,0.0,1.5833333333333333
11.35,150,26.428234,0.10526315789473684,0.0,0.7368421052631579
9.8,150,26.809025,0.09090909090909094,0.0,1.2727272727272727
9.65,150,27.087035,0.3571428571428571,0.0,0.9285714285714286
10.9,150,27.430606,0.125,0.0,1.5
8.55,150,27.716805,0.5,0.05555555555555555,1.2857142857142858
9.1,150,27.991329,0.2857142857142857,0.0,0.8571428571428571
11.35,150,28.198559,0.2857142857142857,0.0625,1.1428571428571428
10.45,150,28.403842,0.09999999999999998,0.0,1.4
12.5,150,28.727881,0.3157894736842105,0.0,0.8421052631578947
12.45,150,29.02811,0.33333333333333337,0.05,1.6666666666666667
12.25,150,29.343596,0.05882352941176472,0.07692307692307693,0.7647058823529411
10.6,150,29.634315,0.2142857142857143,0.05555555555555555,1.2857142857142858
9.5,150,30.660061,0.4285714285714286,0.0,1.0
12.3,150,31.086827,0.09090909090909094,0.0,1.2727272727272727
13.25,150,31.465536,0.19999999999999996,0.06666666666666667,1.5
10.75,150,32.073334,0.0,0.0,1.2857142857142858
12.4,150,32.44053,0.19999999999999996,0.0,1.8
11.15,150,32.844036,0.11764705882352944,0.0,0.8823529411764706
13.05,150,33.189129,0.33333333333333337,0.0,1.0666666666666667
11.2,150,33.471915,0.11111111111111116,0.0,1.3333333333333333
11.3,150,33.786619,0.0,0.0,0.6923076923076923
13.4,150,34.070943,0.4117647058823529,0.0,0.8235294117647058
13.9,150,34.452918,0.15384615384615385,0.0,1.3076923076923077
13.75,150,34.78948,0.3846153846153846,0.0,0.7692307692307693
12.15,150,35.093693,0.2222222222222222,0.13333333333333333,0.8333333333333334
10.6,150,35.386341,0.16666666666666663,0.0,1.0833333333333333
15.05,150,36.625481,0.0,0.0,0.8
13.55,150,36.985281,0.16666666666666663,0.0,1.1666666666666667
14.85,150,37.278336,0.2857142857142857,0.0,0.8571428571428571
11.45,150,37.631714,0.25,0.0,1.375
15.65,150,38.157037,0.11111111111111116,0.0,1.5555555555555556
14.1,150,38.687351,0.2857142857142857,0.0,1.5
13.05,150,39.200974,0.25,0.058823529411764705,2.125
14.05,150,39.743051,0.4444444444444444,0.0,1.8888888888888888
13.05,150,40.102369,0.19999999999999996,0.0,1.5
14.75,150,40.36297,0.09999999999999998,0.0,1.6
13.65,150,40.690899,0.15384615384615385,0.0,1.1538461538461537
14.05,150,41.142443,0.33333333333333337,0.0,0.8888888888888888
10.6,150,41.452072,0.08333333333333337,0.0,1.3333333333333333
14.55,150,42.748069,0.2142857142857143,0.0,1.0
16.7,150,43.152422,0.0,0.0,2.75
14.45,150,43.568499,0.125,0.0,1.375
15.4,150,43.953447,0.2222222222222222,0.0,1.1111111111111112
17.85,150,44.264688,0.1428571428571429,0.0,0.5714285714285714
16.3,150,44.586766,0.2142857142857143,0.0,1.0714285714285714
14.1,150,44.893526,0.125,0.07692307692307693,1.625
13.4,150,45.192557,0.1333333333333333,0.0,0.9333333333333333
13.95,150,45.5653,0.5,0.0,1.75
16.05,150,45.919261,0.4444444444444444,0.0,1.6666666666666667
15.8,150,46.214373,0.1333333333333333,0.0,0.9333333333333333
15.4,150,46.531783,0.3076923076923077,0.0,0.8461538461538461
15.7,150,46.837296,0.09090909090909094,0.0,1.1818181818181819
13.9,150,47.133892,0.4,0.0,1.0
15.65,150,48.618978,0.07692307692307687,0.0,0.5384615384615384
17.75,150,49.069966,0.23529411764705888,0.0,0.9411764705882353
15.95,150,49.434525,0.375,0.0,0.9375
17.05,150,49.776821,0.30000000000000004,0.0,1.2
17.1,150,50.058732,0.2222222222222222,0.0,1.4444444444444444
16.3,150,50.35447,0.2222222222222222,0.0,1.2222222222222223
17.95,150,50.741719,0.0625,0.0,0.8125
16.65,150,51.15839,0.15384615384615385,0.0,0.9230769230769231
17.6,150,51.455279,0.09999999999999998,0.0,1.2
18.5,150,51.846156,0.1333333333333333,0.0,0.4
15.35,150,52.172401,0.33333333333333337,0.0,1.6666666666666667
17.65,150,52.50645,0.23076923076923073,0.0,1.0
19.15,150,52.851041,0.21052631578947367,0.0,0.631578947368421
17.45,150,53.216117,0.33333333333333337,0.0,1.4444444444444444
19.3,150,54.683831,0.0,0.0,0.6666666666666666
17.65,150,55.027446,0.30000000000000004,0.0,1.2
20.15,150,55.396598,0.125,0.0,0.5
17.7,150,55.769727,0.09999999999999998,0.0,1.0
18.3,150,56.233646,0.1428571428571429,0.0,0.7142857142857143
17.4,150,56.628839,0.11764705882352944,0.0,0.5882352941176471
17.35,150,56.936064,0.09090909090909094,0.0,1.2727272727272727
16.85,150,57.26632,0.1428571428571429,0.0,2.0
18.8,150,57.616852,0.11111111111111116,0.0,0.5555555555555556
17.9,150,58.020159,0.17647058823529416,0.0,0.5882352941176471
17.6,150,58.530525,0.1428571428571429,0.0,0.7142857142857143
20.05,150,58.963879,0.0,0.0,0.5
17.0,150,59.302298,0.1333333333333333,0.0,0.6
18.95,150,60.532835,0.09523809523809523,0.0,0.38095238095238093
18.9,150,60.787776,0.15384615384615385,0.0,0.6153846153846154
17.55,150,61.174069,0.375,0.0,2.25
19.35,150,61.516505,0.125,0.0,0.4375
17.95,150,61.849973,0.09090909090909094,0.0,1.0909090909090908
19.55,150,62.224402,0.0,0.0,0.6363636363636364
20.55,150,62.563783,0.09090909090909094,0.0,0.5454545454545454
18.65,150,62.895251,0.23529411764705888,0.0,0.6470588235294118
19.65,150,63.155729,0.0,0.0,0.8888888888888888
18.9,150,63.470879,0.09090909090909094,0.0,0.7272727272727273
19.5,150,63.840842,0.08333333333333337,0.0,0.6666666666666666
18.25,150,64.161787,0.19999999999999996,0.0,1.2
20.35,150,64.544934,0.0,0.0,0.5555555555555556
18.95,150,64.988542,0.125,0.0,0.625
19.35,150,66.264697,0.19999999999999996,0.0,0.5
18.9,150,66.639702,0.16666666666666663,0.0,0.5
18.95,150,66.964203,0.16666666666666663,0.0,0.6666666666666666
18.75,150,67.317907,0.31818181818181823,0.0,0.6363636363636364
20.15,150,67.7058,0.1875,0.0,0.375
20.95,150,68.000126,0.1428571428571429,0.0,0.5714285714285714
20.45,150,68.342996,0.0,0.0,0.38461538461538464
21.0,150,68.735456,0.0,0.0,0.6363636363636364
20.9,150,69.071084,0.15384615384615385,0.0,0.6153846153846154
19.25,150,69.398982,0.15384615384615385,0.0,0.5384615384615384
20.05,150,69.75587,0.1333333333333333,0.0,0.6
20.35,150,70.088781,0.16666666666666663,0.0,0.6666666666666666
19.05,150,70.411581,0.06666666666666665,0.0,0.6666666666666666
20.25,150,70.855208,0.0,0.0,0.9
20.2,150,72.056874,0.19999999999999996,0.0,0.4
21.75,150,72.424657,0.0,0.16666666666666666,0.35294117647058826
20.5,150,72.756349,0.23529411764705888,0.0,0.5294117647058824
20.3,150,73.115077,0.08333333333333337,0.0,0.4166666666666667
21.25,150,73.450294,0.17647058823529416,0.0,0.35294117647058826
20.85,150,73.847946,0.0,0.0,0.5555555555555556
21.45,150,74.127137,0.09999999999999998,0.0,0.5
20.75,150,74.548746,0.0714285714285714,0.0,0.35714285714285715
20.25,150,75.138506,0.06666666666666665,0.0,0.4666666666666667
20.65,150,75.566112,0.09090909090909094,0.0,0.7272727272727273
20.35,150,75.958738,0.11111111111111116,0.0,0.8888888888888888
20.45,150,76.303177,0.09999999999999998,0.0,0.6
20.45,150,76.644078,0.15384615384615385,0.0,0.38461538461538464
20.8,150,77.949853,0.16666666666666663,0.0,1.0
20.0,150,78.215225,0.09090909090909094,0.0,0.8181818181818182
20.65,150,78.563768,0.0,0.0,0.3684210526315789
20.95,150,78.897402,0.19999999999999996,0.0,0.8
21.2,150,79.253007,0.0625,0.0,0.375
21.45,150,79.637553,0.06666666666666665,0.0,0.3333333333333333
20.3,150,80.014452,0.18181818181818177,0.0,0.7272727272727273
21.3,150,80.369595,0.0,0.0,0.36363636363636365
20.35,150,80.706265,0.2222222222222222,0.0,0.8888888888888888
20.65,150,81.068128,0.1578947368421053,0.0,0.42105263157894735
21.15,150,81.429567,0.1428571428571429,0.0,0.7142857142857143
21.25,150,81.787649,0.15384615384615385,0.0,0.38461538461538464
20.5,150,82.163439,0.125,0.0,0.375
20.55,150,82.493016,0.125,0.0,0.875
22.2,150,83.77762,0.0625,0.0,0.1875
20.85,150,84.134691,0.0,0.0,0.3157894736842105
21.7,150,84.467946,0.0625,0.0,0.3125
21.6,150,84.80627,0.0,0.0,0.5
21.85,150,85.146026,0.05882352941176472,0.0,0.17647058823529413
21.8,150,85.482095,0.09090909090909094,0.0,0.36363636363636365
19.6,150,85.838922,0.1333333333333333,0.0,0.6
21.3,150,86.122473,0.0,0.0,1.2
21.6,150,86.429745,0.0,0.0,0.375
21.55,150,86.78656,0.05555555555555558,0.0,0.2222222222222222
20.9,150,87.127203,0.11111111111111116,0.0,0.5555555555555556
21.2,150,87.419992,0.09999999999999998,0.0,0.6
21.15,150,87.832298,0.06666666666666665,0.0,0.4
21.9,150,88.126419,0.0,0.0,0.3
21.25,150,89.382617,0.0,0.0,0.4166666666666667
21.75,150,89.833966,0.05555555555555558,0.0,0.16666666666666666
20.9,150,90.176528,0.0,0.0,0.38461538461538464
20.85,150,90.626072,0.09090909090909094,0.0,0.6363636363636364
21.6,150,91.106294,0.05882352941176472,0.0,0.23529411764705882
21.1,150,91.489483,0.0,0.0,0.2
21.9,150,91.823939,0.16666666666666663,0.0,0.3333333333333333
21.6,150,92.186872,0.06666666666666665,0.0,0.3333333333333333
22.1,150,92.536874,0.0625,0.0,0.125
21.45,150,92.873036,0.05882352941176472,0.0,0.29411764705882354
20.9,150,93.194007,0.16666666666666663,0.0,0.5833333333333334
21.6,150,93.83166,0.05882352941176472,0.0,0.29411764705882354
21.55,150,94.340922,0.0,0.0,0.23529411764705882
21.5,150,95.858165,0.0,0.0,0.23076923076923078
21.15,150,96.111208,0.0,0.0,0.23076923076923078
21.55,150,96.467923,0.07692307692307687,0.0,0.3076923076923077
21.5,150,96.782047,0.06666666666666665,0.0,0.4
21.9,150,97.179317,0.0,0.0,0.3125
21.9,150,97.787777,0.09090909090909094,0.0,0.2727272727272727
20.6,150,98.245661,0.08333333333333337,0.0,0.5833333333333334
20.45,150,98.8475,0.05882352941176472,0.0,0.4117647058823529
21.3,150,99.483306,0.0,0.0,0.7
22.2,150,100.122272,0.0,0.0,0.3333333333333333
22.3,150,100.450897,0.0,0.0,0.5454545454545454
22.1,150,100.758875,0.0,0.0,0.125
21.5,150,101.154807,0.07692307692307687,0.0,0.46153846153846156
21.55,150,101.527589,0.0,0.0,0.26666666666666666
21.5,150,102.552137,0.0,0.0,0.29411764705882354
21.6,150,102.795597,0.0,0.0,0.38461538461538464
21.15,150,103.159963,0.09999999999999998,0.0,0.5
21.4,150,103.39374,0.0,0.0,0.21428571428571427
22.2,150,103.69905,0.0,0.0,0.21428571428571427
21.5,150,104.022799,0.15384615384615385,0.0,0.23076923076923078
20.6,150,104.313495,0.3076923076923077,0.0,0.8461538461538461
21.85,150,104.677602,0.0,0.0,0.4
21.6,150,105.026262,0.0625,0.0,0.1875
22.8,150,105.295632,0.1333333333333333,0.0,0.2
21.6,150,105.567706,0.06666666666666665,0.0,0.26666666666666666
21.5,150,105.909706,0.0,0.0,0.6
21.45,150,106.157777,0.08333333333333337,0.0,0.25
21.8,150,106.477347,0.0,0.0,0.5
21.8,150,107.698736,0.0714285714285714,0.0,0.2857142857142857
21.6,150,108.199446,0.1428571428571429,0.0,0.35714285714285715
21.55,150,108.570698,0.0,0.0,0.6666666666666666
22.15,150,109.113883,0.0,0.0,0.16666666666666666
22.2,150,109.443704,0.0,0.0,0.14285714285714285
22.1,150,109.791476,0.0,0.0,0.16666666666666666
21.55,150,110.042504,0.05555555555555558,0.0,0.2777777777777778
21.45,150,110.293541,0.06666666666666665,0.0,0.26666666666666666
21.9,150,110.5762,0.09999999999999998,0.0,0.4
21.5,150,110.879224,0.07692307692307687,0.0,0.38461538461538464
21.8,150,111.198435,0.07692307692307687,0.0,0.23076923076923078
21.85,150,111.543329,0.0,0.0,0.2727272727272727
22.2,150,111.892329,0.05555555555555558,0.0,0.16666666666666666
21.55,150,113.220644,0.08333333333333337,0.0,0.4166666666666667
21.2,150,113.626652,0.125,0.0,0.75
22.15,150,113.936661,0.0625,0.0,0.125
21.45,150,114.314775,0.05882352941176472,0.0,0.23529411764705882
22.2,150,114.689599,0.0,0.0,0.2
22.2,150,115.026183,0.07692307692307687,0.0,0.23076923076923078
21.55,150,115.344491,0.23076923076923073,0.0,0.46153846153846156
21.6,150,115.761992,0.2222222222222222,0.0,0.5555555555555556
21.5,150,116.119641,0.0,0.0,0.25
21.85,150,116.429373,0.06666666666666665,0.0,0.13333333333333333
22.2,150,116.812085,0.06666666666666665,0.0,0.2
22.1,150,117.266435,0.09090909090909094,0.0,0.18181818181818182
21.85,150,117.787727,0.0,0.0,0.2
21.6,150,118.098294,0.09090909090909094,0.0,0.6363636363636364
21.85,150,119.436444,0.0,0.0,0.16666666666666666
22.1,150,119.82051,0.0,0.0,0.25
21.5,150,120.210912,0.2222222222222222,0.0,0.6666666666666666
22.8,150,120.453207,0.0,0.0,0.3333333333333333
21.75,150,120.799625,0.0,0.0,0.25
21.5,150,121.312176,0.0,0.0,0.3333333333333333
22.1,150,121.742074,0.15384615384615385,0.0,0.15384615384615385
21.75,150,122.157846,0.07692307692307687,0.0,0.23076923076923078
21.5,150,122.526897,0.0,0.0,0.26666666666666666
22.2,150,122.839833,0.0,0.0,0.21428571428571427
22.2,150,123.16382,0.0,0.0,0.3333333333333333
22.1,150,123.435875,0.0,0.0,0.18181818181818182
21.9,150,123.748271,0.125,0.0,0.3125
22.1,150,124.090661,0.0625,0.0,0.125
22.1,150,125.387302,0.11111111111111116,0.0,0.2222222222222222
21.8,150,125.729915,0.06666666666666665,0.0,0.2
22.2,150,126.209696,0.0,0.0,0.23076923076923078
21.2,150,126.611977,0.0625,0.0,0.3125
22.2,150,126.925784,0.15384615384615385,0.0,0.23076923076923078
22.2,150,127.257874,0.09090909090909094,0.0,0.2727272727272727
21.75,150,127.557689,0.08333333333333337,0.0,0.25
21.8,150,127.897839,0.0,0.0,0.23076923076923078
22.2,150,128.22676,0.0,0.0,0.2
22.2,150,128.517117,0.0714285714285714,0.0,0.14285714285714285
22.1,150,128.803376,0.06666666666666665,0.0,0.13333333333333333
22.2,150,129.106925,0.0,0.0,0.25
22.1,150,129.391404,0.0,0.0,0.16666666666666666
22.1,150,130.649725,0.0,0.0,0.13333333333333333
22.5,150,131.059015,0.0,0.0,0.08333333333333333
22.5,150,131.361494,0.0,0.0,0.08333333333333333
22.5,150,131.741469,0.11111111111111116,0.0,0.1111111111111111
22.1,150,132.156245,0.0,0.0,0.18181818181818182
21.9,150,132.529703,0.0,0.0,0.6666666666666666
22.1,150,133.139992,0.0,0.0,0.16666666666666666
22.1,150,133.818995,0.0,0.0,0.14285714285714285
23.5,150,134.566842,0.0,0.0,0.1
22.2,150,135.18116,0.0,0.0,0.23076923076923078
22.2,150,135.676026,0.09090909090909094,0.0,0.2727272727272727
22.1,150,136.006781,0.0,0.0,0.2
22.1,150,136.347297,0.0,0.0,0.16666666666666666
22.1,150,136.70796,0.0,0.0,0.1111111111111111
22.5,150,138.165434,0.0,0.0,0.07692307692307693
22.5,150,138.557309,0.0625,0.0,0.0625
22.5,150,139.291103,0.0,0.0,0.08333333333333333
22.1,150,140.364122,0.0,0.0,0.14285714285714285
22.2,150,140.828162,0.1333333333333333,0.0,0.2
22.2,150,141.544924,0.0,0.0,0.1875
22.2,150,142.305255,0.0,0.0,0.23076923076923078
22.1,150,143.079746,0.0,0.0,0.2
22.1,150,143.615389,0.0,0.0,0.16666666666666666
22.1,150,144.313064,0.0,0.0,0.11764705882352941
22.5,150,144.757951,0.0,0.0,0.07142857142857142
22.2,150,145.105007,0.0,0.0,0.375
22.1,150,145.431715,0.125,0.0,0.25
22.1,150,145.751762,0.0,0.0,0.14285714285714285
22.1,150,146.838305,0.0,0.0,0.13333333333333333
22.5,150,147.242462,0.0,0.0,0.07692307692307693
21.85,150,147.773875,0.09090909090909094,0.0,0.36363636363636365
22.5,150,148.30723,0.0,0.0,0.1
22.5,150,148.624436,0.0,0.0,0.07142857142857142
22.1,150,148.888349,0.18181818181818177,0.0,0.18181818181818182
22.1,150,149.212831,0.0,0.0,0.125
22.5,150,149.538359,0.0,0.0,0.09090909090909091
22.2,150,149.838129,0.0,0.0,0.1875
22.15,150,150.238028,0.09999999999999998,0.0,0.2
23.2,150,150.590039,0.09090909090909094,0.0,0.2727272727272727
22.1,150,150.93786,0.05555555555555558,0.0,0.1111111111111111
22.1,150,151.274363,0.08333333333333337,0.0,0.16666666666666666
22.1,150,153.125408,0.0,0.0,0.14285714285714285
22.5,150,153.689321,0.05555555555555558,0.0,0.05555555555555555
22.1,150,154.325871,0.0,0.0,0.2222222222222222
22.1,150,154.839692,0.05882352941176472,0.0,0.11764705882352941
22.2,150,155.659463,0.0,0.0,0.21428571428571427
22.1,150,156.211774,0.0,0.0,0.4
22.1,150,157.065598,0.09999999999999998,0.0,0.1
21.75,150,157.519315,0.125,0.0,0.1875
22.15,150,158.119302,0.05555555555555558,0.0,0.1111111111111111
22.1,150,158.629748,0.05555555555555558,0.0,0.1111111111111111
22.5,150,159.099761,0.0,0.0,0.07142857142857142
23.5,150,159.570354,0.0,0.0,0.07142857142857142
23.05,150,160.087798,0.0,0.0,0.1
22.1,150,160.518299,0.05555555555555558,0.0,0.1111111111111111
22.5,150,162.292927,0.0,0.0,0.08333333333333333
22.2,150,162.787815,0.0,0.0,0.2
22.5,150,163.363614,0.0,0.0,0.0625
22.2,150,163.815056,0.06666666666666665,0.0,0.13333333333333333
22.1,150,164.486977,0.0,0.0,0.16666666666666666
22.5,150,164.954305,0.05882352941176472,0.0,0.058823529411764705
22.5,150,165.352788,0.0,0.0,0.07142857142857142
22.5,150,165.796114,0.0,0.0,0.0625
22.5,150,166.178484,0.0,0.0,0.07692307692307693
23.2,150,166.507495,0.05882352941176472,0.0,0.11764705882352941
22.1,150,166.866186,0.0,0.0,0.14285714285714285
22.15,150,167.230733,0.0,0.0,0.13333333333333333
22.5,150,167.602903,0.0,0.0,0.1
22.1,150,169.397211,0.0,0.0,0.2857142857142857
22.5,150,169.787662,0.0,0.0,0.06666666666666667
21.8,150,170.152705,0.16666666666666663,0.0,0.25
22.2,150,170.556529,0.09090909090909094,0.0,0.2727272727272727
22.1,150,170.971998,0.0,0.0,0.16666666666666666
22.5,150,171.279085,0.0,0.0,0.07692307692307693
22.1,150,171.63538,0.11111111111111116,0.0,0.2222222222222222
22.1,150,172.091195,0.0,0.0,0.14285714285714285
22.1,150,172.422057,0.0,0.0,0.07142857142857142
22.2,150,172.816849,0.09090909090909094,0.0,0.2727272727272727
22.5,150,173.137407,0.0,0.0,0.08333333333333333
21.85,150,173.487083,0.09090909090909094,0.0,0.36363636363636365
22.2,150,173.86815,0.0,0.0,0.2727272727272727
22.5,150,174.175256,0.0,0.0,0.1111111111111111
22.5,150,175.755657,0.0714285714285714,0.0,0.07142857142857142
22.5,150,176.223513,0.0,0.0,0.1111111111111111
21.85,150,176.714317,0.0,0.0,0.21428571428571427
22.5,150,177.163948,0.11111111111111116,0.0,0.1111111111111111
22.1,150,177.608398,0.16666666666666663,0.0,0.16666666666666666
22.2,150,177.97208,0.07692307692307687,0.0,0.23076923076923078
22.5,150,178.301115,0.0,0.0,0.07142857142857142
22.1,150,178.63372,0.0,0.0,0.13333333333333333
22.15,150,178.984351,0.0,0.0,0.16666666666666666
23.1,150,179.353593,0.05882352941176472,0.0,0.11764705882352941
22.1,150,179.750804,0.0,0.0,0.15384615384615385
22.5,150,180.070854,0.0,0.0,0.08333333333333333
22.5,150,180.367454,0.0,0.0,0.07692307692307693
22.2,150,180.694283,0.0,0.0,0.2727272727272727
22.1,150,182.407352,0.09090909090909094,0.0,0.18181818181818182
23.1,150,182.954587,0.0,0.0,0.15384615384615385
21.8,150,183.301588,0.09090909090909094,0.0,0.18181818181818182
22.5,150,183.644726,0.0,0.0,0.09090909090909091
22.1,150,183.979826,0.1333333333333333,0.0,0.13333333333333333
23.05,150,184.301124,0.0,0.0,0.1111111111111111
22.5,150,184.666936,0.0,0.0,0.07142857142857142
22.1,150,185.000829,0.0,0.0,0.16666666666666666
22.5,150,185.350045,0.0,0.0,0.07142857142857142
22.05,150,185.666621,0.05555555555555558,0.0,0.05555555555555555
22.1,150,186.01779,0.0,0.0,0.16666666666666666
22.5,150,186.374641,0.08333333333333337,0.0,0.08333333333333333
22.2,150,186.818181,0.06666666666666665,0.0,0.2
22.1,150,188.575889,0.0714285714285714,0.0,0.14285714285714285
22.5,150,188.924385,0.0714285714285714,0.0,0.07142857142857142
21.8,150,189.248751,0.1333333333333333,0.0,0.26666666666666666
23.5,150,189.568717,0.0,0.0,0.1
23.2,150,189.902787,0.0625,0.0,0.1875
22.5,150,190.232,0.0,0.0,0.1
22.5,150,190.555985,0.0,0.0,0.1111111111111111
22.5,150,190.87892,0.0,0.0,0.09090909090909091
23.15,150,191.217419,0.07692307692307687,0.0,0.15384615384615385
22.2,150,191.560174,0.0,0.0,0.2222222222222222
22.1,150,192.006754,0.0,0.0,0.18181818181818182
22.2,150,192.502624,0.0,0.0,0.23076923076923078
22.5,150,192.869371,0.0,0.0,0.08333333333333333
22.05,150,193.209766,0.09999999999999998,0.0,0.1
22.1,150,195.076723,0.0,0.0,0.18181818181818182
22.1,150,195.619884,0.0,0.0,0.1
22.2,150,196.384054,0.0,0.0,0.21428571428571427
22.5,150,196.733507,0.0,0.0,0.07142857142857142
22.5,150,197.067309,0.0,0.0,0.1
22.5,150,197.410661,0.0625,0.0,0.0625
22.5,150,197.758261,0.0,0.0,0.07142857142857142
22.5,150,198.082864,0.0,0.0,0.08333333333333333
22.5,150,198.407177,0.0,0.0,0.07142857142857142
22.1,150,198.733623,0.09999999999999998,0.0,0.2
22.1,150,199.067572,0.0,0.0,0.25
22.1,150,199.384207,0.0,0.0,0.2
22.1,150,199.732512,0.0,0.0,0.09523809523809523
22.5,150,200.049376,0.0,0.0,0.08333333333333333
21.75,150,201.820016,0.0625,0.0,0.1875
22.5,150,202.221579,0.0,0.0,0.07142857142857142
22.5,150,202.597799,0.09999999999999998,0.0,0.1
22.5,150,202.96494,0.0,0.0,0.07142857142857142
22.1,150,203.269836,0.0,0.0,0.2
22.1,150,203.580928,0.0,0.0,0.2
22.5,150,203.897532,0.11111111111111116,0.0,0.1111111111111111
22.5,150,204.210545,0.0,0.0,0.058823529411764705
23.5,150,204.530213,0.0,0.0,0.07692307692307693
22.5,150,204.84519,0.0,0.0,0.07692307692307693
22.5,150,205.205056,0.0,0.0,0.07692307692307693
22.1,150,205.54763,0.0,0.0,0.25
22.5,150,205.883494,0.0,0.0,0.07692307692307693
22.5,150,207.54448,0.0,0.0,0.07142857142857142
22.5,150,207.924319,0.06666666666666665,0.0,0.06666666666666667
22.5,150,208.235081,0.0,0.0,0.125
22.1,150,208.597113,0.0,0.0,0.14285714285714285
22.1,150,208.940489,0.11111111111111116,0.0,0.2222222222222222
22.5,150,209.289292,0.0,0.0,0.07692307692307693
22.5,150,209.633882,0.0,0.0,0.07692307692307693
22.1,150,210.123658,0.0,0.0,0.2857142857142857
22.5,150,210.463581,0.0,0.0,0.05263157894736842
22.5,150,210.918029,0.0,0.0,0.08333333333333333
22.2,150,211.218494,0.0,0.0,0.2727272727272727
22.1,150,211.596791,0.0,0.0,0.25
22.5,150,211.920177,0.06666666666666665,0.0,0.06666666666666667
22.5,150,212.254115,0.0,0.0,0.058823529411764705
22.1,150,213.955005,0.0,0.0,0.13333333333333333
22.5,150,214.268548,0.0,0.0,0.07692307692307693
22.5,150,214.579497,0.0,0.0,0.1111111111111111
22.1,150,214.896132,0.0,0.0,0.16666666666666666
22.5,150,215.203034,0.0,0.0,0.08333333333333333
22.5,150,215.512586,0.05555555555555558,0.0,0.05555555555555555
22.5,150,215.870469,0.0,0.0,0.08333333333333333
22.5,150,216.179721,0.07692307692307687,0.0,0.07692307692307693
22.1,150,216.498525,0.0,0.0,0.25
22.5,150,216.814701,0.06666666666666665,0.0,0.06666666666666667
22.5,150,217.127212,0.0,0.0,0.08333333333333333
22.1,150,217.429051,0.0,0.0,0.25
22.5,150,217.742007,0.0,0.0,0.125
22.5,150,218.101133,0.0,0.0,0.1111111111111111
22.2,150,219.777095,0.07692307692307687,0.0,0.23076923076923078
22.5,150,220.516664,0.0,0.0,0.0625
22.1,150,221.587002,0.0,0.0,0.11764705882352941
22.5,150,222.383984,0.0,0.0,0.05263157894736842
22.5,150,222.837989,0.0,0.0,0.08333333333333333
22.5,150,223.458272,0.0,0.0,0.05555555555555555
22.2,150,223.931401,0.125,0.0,0.375
22.1,150,224.730922,0.06666666666666665,0.0,0.13333333333333333
22.1,150,225.275892,0.0,0.0,0.2
22.5,150,225.657016,0.0,0.0,0.07142857142857142
22.5,150,225.986454,0.0,0.0,0.0625
22.5,150,226.327317,0.0,0.0,0.058823529411764705
22.5,150,226.649852,0.0,0.0,0.07692307692307693
22.5,150,227.886506,0.0,0.0,0.058823529411764705
22.5,150,228.273125,0.0,0.0,0.0625
22.5,150,228.660824,0.0,0.0,0.06666666666666667
22.5,150,229.080805,0.0,0.0,0.0625
22.5,150,229.671776,0.0,0.0,0.09090909090909091
22.5,150,230.304692,0.09999999999999998,0.0,0.1
22.5,150,231.10351,0.0625,0.0,0.0625
22.5,150,231.512585,0.09999999999999998,0.0,0.1
22.5,150,231.820096,0.0,0.0,0.08333333333333333
22.1,150,232.15394,0.0,0.0,0.14285714285714285
22.5,150,232.518014,0.08333333333333337,0.0,0.08333333333333333
22.05,150,232.918556,0.05555555555555558,0.0,0.05555555555555555
22.5,150,233.315328,0.0,0.0,0.0625
22.5,150,233.697214,0.0,0.0,0.058823529411764705
22.1,150,235.19041,0.0,0.0,0.18181818181818182
22.5,150,235.670361,0.0,0.0,0.07692307692307693
22.5,150,235.949786,0.0,0.0,0.1111111111111111
22.5,150,236.350782,0.08333333333333337,0.0,0.08333333333333333
22.5,150,236.743443,0.0,0.0,0.08333333333333333
22.5,150,237.079167,0.0,0.0,0.09090909090909091
22.5,150,237.415048,0.0,0.0,0.06666666666666667
22.5,150,237.762209,0.05882352941176472,0.0,0.058823529411764705
22.5,150,238.183068,0.07692307692307687,0.0,0.07692307692307693
22.5,150,238.506515,0.0,0.0,0.06666666666666667
22.5,150,238.942906,0.0,0.0,0.1
22.5,150,239.336736,0.0,0.0,0.1
22.5,150,239.675465,0.0,0.0,0.1
22.5,150,240.048762,0.0,0.0,0.14285714285714285
22.1,150,241.52593,0.09999999999999998,0.0,0.2
22.5,150,241.94199,0.0,0.0,0.1
22.5,150,242.364782,0.0,0.0,0.07142857142857142
23.5,150,242.714252,0.0,0.0,0.14285714285714285
22.1,150,243.067141,0.0,0.0,0.18181818181818182
22.5,150,243.403338,0.0,0.0,0.08333333333333333
22.5,150,243.708956,0.07692307692307687,0.0,0.07692307692307693
23.5,150,244.012119,0.0,0.0,0.09090909090909091
22.5,150,244.327955,0.04761904761904767,0.0,0.047619047619047616
22.5,150,244.59216,0.06666666666666665,0.0,0.06666666666666667
22.5,150,244.944505,0.0,0.0,0.07142857142857142
22.5,150,245.29306,0.0714285714285714,0.0,0.07142857142857142
22.5,150,245.594333,0.0,0.0,0.07142857142857142
22.5,150,246.808471,0.045454545454545414,0.0,0.045454545454545456
22.5,150,247.138432,0.0,0.0,0.07142857142857142
22.1,150,247.507751,0.0,0.0,0.25
22.5,150,248.129826,0.0,0.0,0.05555555555555555
22.5,150,248.820419,0.0,0.0,0.09090909090909091
22.5,150,249.165817,0.0,0.0,0.09090909090909091
22.5,150,249.551367,0.0,0.0,0.09090909090909091
22.5,150,249.879744,0.0714285714285714,0.0,0.07142857142857142
22.5,150,250.202945,0.06666666666666665,0.0,0.06666666666666667
22.1,150,250.492122,0.0,0.0,0.14285714285714285
22.5,150,250.825601,0.05555555555555558,0.0,0.05555555555555555
22.5,150,251.129555,0.0,0.0,0.06666666666666667
22.5,150,251.542454,0.0,0.0,0.1
22.5,150,251.825553,0.0,0.0,0.06666666666666667
22.5,150,252.874183,0.0,0.0,0.06666666666666667
22.5,150,253.236271,0.0625,0.0,0.0625
22.5,150,253.722126,0.0,0.0,0.07142857142857142
22.5,150,254.293015,0.0,0.0,0.16666666666666666
22.5,150,254.569982,0.0,0.0,0.07692307692307693
22.5,150,254.822412,0.0,0.0,0.0625
22.5,150,255.123456,0.0,0.0,0.125
23.5,150,255.360584,0.0,0.0,0.06666666666666667
22.1,150,255.590524,0.0,0.0,0.125
22.5,150,255.85402,0.0,0.0,0.07692307692307693
22.5,150,256.213242,0.0,0.0,0.08333333333333333
22.5,150,256.69252,0.0,0.0,0.1111111111111111
22.5,150,257.461081,0.0,0.0,0.07692307692307693
22.5,150,258.219658,0.06666666666666665,0.0,0.06666666666666667
22.5,150,259.945684,0.0,0.0,0.09090909090909091
22.5,150,260.405814,0.0,0.0,0.125
22.5,150,261.131305,0.0,0.0,0.08333333333333333
22.1,150,261.490077,0.0,0.0,0.15384615384615385
22.05,150,261.805919,0.0,0.0,0.07142857142857142
22.5,150,262.122558,0.0,0.0,0.0625
22.05,150,262.416735,0.11111111111111116,0.0,0.1111111111111111
22.5,150,262.807687,0.0,0.0,0.08333333333333333
22.5,150,263.266567,0.0,0.0,0.06666666666666667
22.1,150,263.573184,0.052631578947368474,0.0,0.10526315789473684
22.2,150,263.892912,0.11111111111111116,0.0,0.2222222222222222
22.5,150,264.246818,0.0,0.0,0.058823529411764705
22.5,150,264.691992,0.09999999999999998,0.0,0.1
22.5,150,266.346039,0.0,0.0,0.14285714285714285
22.2,150,266.875256,0.05882352941176472,0.0,0.17647058823529413
22.5,150,267.335891,0.0,0.0,0.058823529411764705
22.5,150,267.749,0.0,0.0,0.07692307692307693
22.5,150,268.148888,0.0,0.0,0.1111111111111111
22.5,150,268.542954,0.0,0.0,0.1
22.5,150,268.851333,0.0,0.0,0.0625
22.5,150,269.210878,0.0,0.0,0.058823529411764705
22.5,150,269.538309,0.0,0.0,0.07142857142857142
22.5,150,269.838915,0.0,0.0,0.07142857142857142
23.1,150,270.132984,0.0,0.0,0.16666666666666666
22.5,150,270.438769,0.0,0.0,0.09090909090909091
22.5,150,270.788955,0.0,0.0,0.0625
22.5,150,271.136872,0.07692307692307687,0.0,0.07692307692307693
22.1,150,272.782219,0.0,0.0,0.16666666666666666
22.5,150,273.212408,0.08333333333333337,0.0,0.08333333333333333
22.5,150,273.575313,0.09999999999999998,0.0,0.1
22.5,150,274.165202,0.0,0.0,0.1
22.5,150,274.494608,0.0,0.0,0.08333333333333333
22.05,150,274.835942,0.0,0.0,0.07692307692307693
22.5,150,275.171199,0.06666666666666665,0.0,0.06666666666666667
22.5,150,275.488676,0.0,0.0,0.08333333333333333
22.5,150,275.820812,0.0,0.0,0.09090909090909091
22.5,150,276.180904,0.0,0.0,0.07692307692307693
22.5,150,276.555107,0.08333333333333337,0.0,0.08333333333333333
22.1,150,276.907401,0.05882352941176472,0.0,0.11764705882352941
22.5,150,277.211507,0.0,0.0,0.07692307692307693
22.5,150,277.523225,0.0,0.0,0.0625
22.5,150,279.145397,0.0,0.0,0.07692307692307693
22.5,150,279.446565,0.0,0.0,0.1
22.5,150,279.804147,0.0,0.0,0.05
22.5,150,280.148382,0.05882352941176472,0.0,0.058823529411764705
22.5,150,280.471156,0.0,0.0,0.09090909090909091
22.5,150,280.837637,0.05555555555555558,0.0,0.05555555555555555
22.1,150,281.213273,0.0,0.0,0.125
22.5,150,281.524636,0.0,0.0,0.125
22.5,150,281.820637,0.0,0.0,0.07692307692307693
22.5,150,282.147554,0.0,0.0,0.1111111111111111
22.5,150,282.47646,0.0,0.0,0.07142857142857142
22.5,150,282.864164,0.0,0.0,0.09090909090909091
22.5,150,283.180114,0.0,0.0,0.07142857142857142
22.5,150,284.795926,0.07692307692307687,0.0,0.07692307692307693
22.5,150,285.163406,0.0,0.0,0.07692307692307693
22.5,150,285.491957,0.0,0.0,0.07142857142857142
22.5,150,285.829084,0.0,0.0,0.1111111111111111
22.5,150,286.119391,0.0,0.0,0.05263157894736842
22.5,150,286.462216,0.0,0.0,0.0625
22.5,150,286.796481,0.0,0.0,0.07692307692307693
22.5,150,287.119252,0.0,0.0,0.07142857142857142
22.5,150,287.415989,0.0,0.0,0.09090909090909091
22.5,150,287.81997,0.0,0.0,0.0625
22.5,150,288.182135,0.0,0.0,0.07142857142857142
22.5,150,288.520337,0.0,0.0,0.14285714285714285
23.5,150,288.90325,0.0,0.0,0.05555555555555555
22.05,150,289.257094,0.0,0.0,0.09090909090909091
22.5,150,291.011384,0.05882352941176472,0.0,0.058823529411764705
22.5,150,291.352777,0.0,0.0,0.08333333333333333
22.5,150,291.769622,0.0,0.0,0.07692307692307693
22.5,150,292.156275,0.0,0.0,0.08333333333333333
22.5,150,292.688853,0.0,0.0,0.08333333333333333
22.1,150,293.035992,0.09090909090909094,0.0,0.18181818181818182
22.5,150,293.333855,0.06666666666666665,0.0,0.06666666666666667
22.1,150,293.669353,0.06666666666666665,0.0,0.13333333333333333
22.1,150,294.002687,0.0,0.0,0.16666666666666666
22.5,150,294.320114,0.0,0.0,0.1111111111111111
22.1,150,294.636059,0.07692307692307687,0.0,0.15384615384615385
22.5,150,294.935821,0.0,0.0,0.06666666666666667
22.5,150,295.228563,0.0625,0.0,0.0625
22.5,150,295.568887,0.0,0.0,0.0625
22.5,150,297.231458,0.0,0.0,0.058823529411764705
22.5,150,297.685694,0.0,0.0,0.09090909090909091
22.5,150,298.002007,0.0,0.0,0.05555555555555555
22.5,150,298.332514,0.0,0.0,0.0625
22.5,150,298.685136,0.0,0.0,0.07692307692307693
22.5,150,298.995094,0.0,0.0,0.09090909090909091
22.5,150,299.338613,0.0,0.0,0.1111111111111111
22.2,150,299.66096,0.0,0.0,0.1875
22.5,150,299.977117,0.0,0.0,0.07692307692307693
22.1,150,300.27642,0.0,0.0,0.14285714285714285
22.5,150,300.595372,0.0,0.0,0.1111111111111111
22.5,150,300.924955,0.0,0.0,0.125
22.5,150,301.235128,0.0,0.0,0.09090909090909091
22.5,150,302.918276,0.0,0.0,0.05
22.1,150,303.287476,0.0,0.0,0.2
22.5,150,303.611639,0.0,0.0,0.09090909090909091
22.5,150,303.924219,0.0,0.0,0.1111111111111111
22.1,150,304.240037,0.06666666666666665,0.0,0.13333333333333333
22.5,150,304.551053,0.0,0.0,0.058823529411764705
22.5,150,304.884545,0.0,0.0,0.07692307692307693
22.5,150,305.178311,0.0,0.0,0.1
22.5,150,305.484178,0.0,0.0,0.0625
22.5,150,305.827519,0.0,0.0,0.07692307692307693
22.5,150,306.148553,0.0,0.0,0.1
22.5,150,306.444165,0.0,0.0,0.1
22.5,150,306.800911,0.0,0.0,0.07692307692307693
22.5,150,307.191268,0.0,0.0,0.07142857142857142
22.5,150,308.883999,0.0,0.0,0.06666666666666667
22.5,150,309.218108,0.09090909090909094,0.0,0.09090909090909091
22.5,150,309.552697,0.0,0.0,0.125
22.5,150,309.888287,0.0,0.0,0.08333333333333333
22.5,150,310.207448,0.0,0.0,0.09090909090909091
22.5,150,310.600559,0.06666666666666665,0.0,0.06666666666666667
22.5,150,310.932918,0.0,0.0,0.1
22.5,150,311.302311,0.0,0.0,0.0625
22.5,150,311.667477,0.0,0.0,0.0625
22.5,150,312.033504,0.0,0.0,0.08333333333333333
22.5,150,312.335176,0.0625,0.0,0.0625
22.5,150,312.816848,0.0,0.0,0.07692307692307693
22.5,150,313.19243,0.0,0.0,0.09090909090909091
23.5,150,313.516606,0.0,0.0,0.07142857142857142
23.1,150,315.221901,0.0,0.0,0.16666666666666666
22.5,150,315.529855,0.07692307692307687,0.0,0.07692307692307693
22.5,150,315.883161,0.0,0.0,0.08333333333333333
22.5,150,316.258098,0.0,0.0,0.07142857142857142
22.5,150,316.616098,0.0,0.0,0.09090909090909091
22.5,150,317.058209,0.0,0.0,0.09090909090909091
22.5,150,317.466265,0.0,0.0,0.09090909090909091
22.1,150,317.782667,0.0,0.0,0.15384615384615385
22.5,150,318.129743,0.0,0.0,0.05555555555555555
22.1,150,318.442263,0.0,0.0,0.05555555555555555
22.5,150,318.820269,0.0,0.0,0.125
22.15,150,319.175848,0.0,0.0,0.2
22.5,150,319.498366,0.0,0.0,0.08333333333333333
22.5,150,321.274448,0.0,0.0,0.08333333333333333
22.5,150,321.851856,0.0,0.0,0.07142857142857142
22.5,150,322.221111,0.0,0.0,0.0625
22.5,150,322.615337,0.0,0.0,0.05555555555555555
22.5,150,322.948635,0.0,0.0,0.1
22.1,150,323.255402,0.0,0.0,0.14285714285714285
22.05,150,323.61549,0.09999999999999998,0.0,0.1
22.5,150,324.061885,0.0,0.0,0.14285714285714285
22.5,150,324.382057,0.0,0.0,0.1
22.5,150,324.79843,0.0,0.0,0.05555555555555555
22.5,150,325.168629,0.0,0.0,0.05555555555555555
22.5,150,325.481708,0.07692307692307687,0.0,0.07692307692307693
22.5,150,325.868913,0.0,0.0,0.125
22.5,150,326.174204,0.050000000000000044,0.0,0.05
22.5,150,327.847986,0.0,0.0,0.1111111111111111
22.5,150,328.19096,0.0,0.0,0.07142857142857142
22.5,150,328.518037,0.0,0.0,0.0625
22.5,150,328.81473,0.0,0.0,0.1111111111111111
22.5,150,329.138566,0.0,0.0,0.07692307692307693
22.5,150,329.44779,0.0,0.0,0.08333333333333333
22.5,150,329.752968,0.07692307692307687,0.0,0.07692307692307693
22.5,150,330.11361,0.0714285714285714,0.0,0.07142857142857142
22.5,150,330.464804,0.0,0.0,0.1
22.5,150,330.834537,0.0,0.0,0.06666666666666667
23.5,150,331.164897,0.06666666666666665,0.0,0.06666666666666667
22.5,150,331.497633,0.0,0.0,0.14285714285714285
22.5,150,331.834554,0.0,0.0,0.08333333333333333
22.5,150,333.435085,0.0,0.0,0.1111111111111111
22.5,150,333.797277,0.0,0.0,0.05555555555555555
22.5,150,334.162171,0.0,0.0,0.08333333333333333
22.5,150,334.463114,0.0714285714285714,0.0,0.07142857142857142
22.5,150,334.763795,0.0,0.0,0.07692307692307693
22.5,150,335.063894,0.0,0.0,0.08333333333333333
22.5,150,335.396052,0.0,0.0,0.058823529411764705
22.5,150,335.697136,0.0,0.0,0.1111111111111111
22.5,150,336.01362,0.06666666666666665,0.0,0.06666666666666667
22.2,150,336.319392,0.0,0.0,0.23076923076923078
23.5,150,336.621515,0.0,0.0,0.0625
22.5,150,336.947291,0.0,0.0,0.0625
22.5,150,337.253453,0.0,0.0,0.125
22.5,150,337.639254,0.09090909090909094,0.0,0.09090909090909091
22.5,150,339.242544,0.0,0.0,0.08333333333333333
22.05,150,339.705575,0.0,0.0,0.06666666666666667
23.5,150,340.083288,0.0,0.0,0.05555555555555555
22.5,150,340.396508,0.0,0.0,0.125
22.5,150,340.784312,0.0,0.0,0.058823529411764705
22.5,150,341.221696,0.0625,0.0,0.0625
22.5,150,341.567716,0.0,0.0,0.058823529411764705
22.5,150,341.896231,0.0,0.0,0.05263157894736842
22.5,150,342.256699,0.09999999999999998,0.0,0.1
22.5,150,342.718525,0.0,0.0,0.058823529411764705
23.5,150,343.063083,0.05555555555555558,0.0,0.05555555555555555
22.5,150,343.438314,0.0,0.0,0.047619047619047616
23.5,150,343.785449,0.0,0.0,0.08333333333333333
22.5,150,344.149621,0.0,0.0,0.05
22.5,150,346.18768,0.07692307692307687,0.0,0.07692307692307693
22.5,150,346.525809,0.09999999999999998,0.0,0.1
22.5,150,347.155433,0.09090909090909094,0.0,0.09090909090909091
22.5,150,347.602124,0.07692307692307687,0.0,0.07692307692307693
22.5,150,348.018917,0.08333333333333337,0.0,0.08333333333333333
22.5,150,348.421227,0.05882352941176472,0.0,0.058823529411764705
22.5,150,348.808151,0.0,0.0,0.05263157894736842
22.5,150,349.18186,0.07692307692307687,0.0,0.07692307692307693
22.5,150,349.52005,0.0,0.0,0.058823529411764705
22.5,150,349.906435,0.0,0.0,0.09090909090909091
22.5,150,350.507275,0.0,0.0,0.0625
22.5,150,350.97133,0.0,0.0,0.09090909090909091
22.5,150,351.406228,0.0,0.0,0.07692307692307693
22.5,150,352.899259,0.05555555555555558,0.0,0.05555555555555555
22.5,150,353.286005,0.0,0.0,0.08333333333333333
22.5,150,353.941658,0.0,0.0,0.14285714285714285
22.5,150,354.579888,0.0,0.0,0.08333333333333333
22.1,150,355.236042,0.0,0.0,0.15384615384615385
22.05,150,355.579029,0.0,0.0,0.1111111111111111
22.5,150,355.929353,0.0,0.0,0.05
22.5,150,356.333397,0.0,0.0,0.07142857142857142
22.5,150,356.749071,0.0,0.0,0.14285714285714285
22.5,150,357.160599,0.0,0.0,0.1
22.5,150,357.416762,0.0,0.0,0.09090909090909091
22.5,150,357.742303,0.0,0.0,0.07142857142857142
22.1,150,358.018461,0.05882352941176472,0.0,0.11764705882352941
22.5,150,358.305663,0.050000000000000044,0.0,0.05
22.5,150,359.426428,0.0,0.0,0.1
22.5,150,359.771081,0.0,0.0,0.125
22.5,150,360.179223,0.0,0.0,0.1
22.5,150,360.501468,0.0,0.0,0.0625
22.5,150,360.84392,0.0,0.0,0.07692307692307693
22.5,150,361.163766,0.0,0.0,0.14285714285714285
22.5,150,361.484093,0.0,0.0,0.07142857142857142
22.5,150,361.852377,0.0714285714285714,0.0,0.07142857142857142
22.5,150,362.269536,0.0,0.0,0.05555555555555555
22.5,150,363.044404,0.09090909090909094,0.0,0.09090909090909091
22.5,150,363.478059,0.06666666666666665,0.0,0.06666666666666667
22.5,150,363.819366,0.0,0.0,0.07142857142857142
22.5,150,364.109692,0.09090909090909094,0.0,0.09090909090909091
22.5,150,364.439671,0.05882352941176472,0.0,0.058823529411764705
22.5,150,365.681919,0.0,0.0,0.07142857142857142
22.5,150,366.02657,0.0,0.0,0.07142857142857142
22.5,150,366.433046,0.0,0.0,0.09090909090909091
22.1,150,366.683007,0.0,0.0,0.2
22.5,150,367.009844,0.0,0.0,0.06666666666666667
22.5,150,367.409882,0.0,0.0,0.08333333333333333
22.5,150,367.793052,0.0,0.0,0.08333333333333333
22.5,150,368.135102,0.0,0.0,0.1
22.5,150,368.763986,0.0,0.0,0.05263157894736842
22.5,150,369.352896,0.0,0.0,0.08333333333333333
22.5,150,369.698644,0.09090909090909094,0.0,0.09090909090909091
22.5,150,370.025114,0.09999999999999998,0.0,0.1
22.5,150,370.310721,0.0,0.0,0.07142857142857142
22.5,150,371.643395,0.0,0.0,0.058823529411764705
22.5,150,371.917856,0.0,0.0,0.058823529411764705
22.5,150,372.597517,0.0,0.0,0.047619047619047616
22.5,150,372.94641,0.0,0.0,0.09090909090909091
22.1,150,373.256775,0.0,0.0,0.18181818181818182
22.5,150,373.582294,0.0,0.0,0.1111111111111111
22.5,150,373.96228,0.0,0.0,0.0625
23.5,150,374.33316,0.0,0.0,0.0625
22.5,150,374.646113,0.0,0.0,0.08333333333333333
22.5,150,374.996125,0.0,0.0,0.058823529411764705
22.5,150,375.293646,0.0,0.0,0.1
22.5,150,375.635542,0.0,0.0,0.09090909090909091
22.5,150,376.019073,0.0,0.0,0.25
22.5,150,376.332158,0.0,0.0,0.06666666666666667
22.5,150,377.589781,0.0,0.0,0.1
22.5,150,378.075742,0.0,0.0,0.07142857142857142
22.5,150,378.745073,0.08333333333333337,0.0,0.08333333333333333
22.5,150,379.257537,0.09090909090909094,0.0,0.09090909090909091
22.5,150,379.646735,0.07692307692307687,0.0,0.07692307692307693
22.5,150,379.971934,0.06666666666666665,0.0,0.06666666666666667
22.5,150,380.239041,0.0,0.0,0.07142857142857142
22.5,150,380.558894,0.0,0.0,0.1
22.5,150,380.916304,0.0,0.0,0.058823529411764705
22.5,150,381.192912,0.0,0.0,0.08333333333333333
22.5,150,381.524343,0.0,0.0,0.1
22.5,150,381.875749,0.0,0.0,0.07692307692307693
22.5,150,382.208277,0.0,0.0,0.25
22.5,150,382.667039,0.0,0.0,0.06666666666666667
22.1,150,383.995888,0.0,0.0,0.1
22.5,150,384.378245,0.0,0.0,0.1
22.5,150,384.957955,0.0,0.0,0.06666666666666667
22.5,150,385.323495,0.0,0.0,0.16666666666666666
22.1,150,385.708163,0.0,0.0,0.2
22.5,150,385.997061,0.0,0.0,0.1111111111111111
22.5,150,386.259938,0.06666666666666665,0.0,0.06666666666666667
22.5,150,386.560328,0.09999999999999998,0.0,0.1
22.5,150,386.913721,0.0625,0.0,0.0625
22.5,150,387.206253,0.0,0.0,0.07692307692307693
22.5,150,387.491376,0.0,0.0,0.0625
22.5,150,387.854619,0.0,0.0,0.09090909090909091
22.1,150,388.174193,0.07692307692307687,0.0,0.15384615384615385
22.5,150,389.627666,0.0,0.0,0.14285714285714285
22.5,150,389.952814,0.07692307692307687,0.0,0.07692307692307693
22.5,150,390.254855,0.0,0.0,0.0625
22.5,150,390.575342,0.0,0.0,0.06666666666666667
22.5,150,390.841008,0.08333333333333337,0.0,0.08333333333333333
22.5,150,391.161679,0.05882352941176472,0.0,0.058823529411764705
22.5,150,391.407363,0.0,0.0,0.09090909090909091
22.5,150,391.729196,0.0,0.0,0.07692307692307693
22.1,150,392.042687,0.07692307692307687,0.0,0.15384615384615385
22.5,150,392.530181,0.0625,0.0,0.0625
22.5,150,392.879541,0.0,0.0,0.058823529411764705
22.5,150,393.413256,0.0,0.0,0.09090909090909091
22.5,150,393.830168,0.0,0.0,0.09090909090909091
22.5,150,394.138494,0.0,0.0,0.058823529411764705
22.5,150,395.276496,0.08333333333333337,0.0,0.08333333333333333
22.5,150,395.737717,0.0,0.0,0.058823529411764705
22.5,150,396.19682,0.08333333333333337,0.0,0.08333333333333333
22.5,150,396.58899,0.0,0.0,0.08333333333333333
22.5,150,396.932224,0.05555555555555558,0.0,0.05555555555555555
22.1,150,397.209431,0.0,0.0,0.2222222222222222
22.5,150,397.612242,0.0,0.0,0.1111111111111111
22.5,150,397.942467,0.0,0.0,0.09090909090909091
22.5,150,398.251944,0.0,0.0,0.08333333333333333
22.5,150,398.580673,0.0,0.0,0.058823529411764705
22.5,150,398.92875,0.0,0.0,0.058823529411764705
22.5,150,399.227942,0.0,0.0,0.0625
23.1,150,399.757463,0.0,0.0,0.07142857142857142
22.5,150,400.474884,0.0,0.0,0.07692307692307693
22.1,150,401.886666,0.05555555555555558,0.0,0.1111111111111111
22.5,150,402.361555,0.0,0.0,0.08333333333333333
22.1,150,403.137607,0.0,0.0,0.2222222222222222
22.5,150,403.999426,0.11111111111111116,0.0,0.1111111111111111
22.5,150,404.894957,0.0,0.0,0.09090909090909091
22.5,150,405.50564,0.0714285714285714,0.0,0.07142857142857142
22.1,150,405.860984,0.0,0.0,0.11764705882352941
22.5,150,406.119621,0.0,0.0,0.1111111111111111
22.5,150,406.355393,0.0,0.0,0.06666666666666667
22.5,150,406.672538,0.0,0.0,0.07142857142857142
22.5,150,407.030524,0.0,0.0,0.125
22.1,150,407.745116,0.11111111111111116,0.0,0.2222222222222222
22.5,150,408.204971,0.07692307692307687,0.0,0.07692307692307693
22.5,150,409.617758,0.0,0.0,0.0625
22.5,150,410.094734,0.0,0.0,0.08333333333333333
22.5,150,410.519812,0.0,0.0,0.125
22.5,150,411.023077,0.052631578947368474,0.0,0.05263157894736842
22.5,150,411.342999,0.0,0.0,0.1111111111111111
22.5,150,411.82481,0.0,0.0,0.14285714285714285
22.5,150,412.226184,0.06666666666666665,0.0,0.06666666666666667
22.5,150,412.725391,0.0,0.0,0.07142857142857142
22.5,150,413.121194,0.0,0.0,0.07692307692307693
22.5,150,413.437127,0.07692307692307687,0.0,0.07692307692307693
22.5,150,413.759582,0.0,0.0,0.1
22.5,150,414.11199,0.0,0.0,0.1
22.5,150,414.453533,0.0,0.0,0.07142857142857142
22.5,150,414.978689,0.0,0.0,0.0625
22.5,150,416.366036,0.0,0.0,0.07692307692307693
22.1,150,416.740968,0.07692307692307687,0.0,0.15384615384615385
22.1,150,417.120351,0.0714285714285714,0.0,0.14285714285714285
22.5,150,417.493583,0.0,0.0,0.09090909090909091
22.5,150,418.258917,0.07692307692307687,0.0,0.07692307692307693
22.05,150,418.661175,0.0,0.0,0.06666666666666667
22.05,150,418.970022,0.0,0.0,0.1111111111111111
22.5,150,419.241298,0.0,0.0,0.09090909090909091
22.5,150,419.71863,0.11111111111111116,0.0,0.1111111111111111
22.5,150,420.019682,0.0,0.0,0.07692307692307693
22.5,150,420.37554,0.0,0.0,0.1
22.5,150,420.988071,0.0,0.0,0.1111111111111111
22.5,150,421.386017,0.0,0.0,0.08333333333333333
22.1,150,421.686723,0.0,0.0,0.13333333333333333
22.5,150,422.85335,0.05882352941176472,0.0,0.058823529411764705
22.5,150,423.218466,0.0,0.0,0.058823529411764705
22.5,150,423.942955,0.0625,0.0,0.0625
22.5,150,424.570365,0.0,0.0,0.125
22.5,150,424.985756,0.0,0.0,0.06666666666666667
22.5,150,425.3744,0.0,0.0,0.09090909090909091
22.5,150,425.667735,0.0625,0.0,0.0625
22.1,150,426.061172,0.0,0.0,0.15384615384615385
22.5,150,426.327152,0.0,0.0,0.1111111111111111
22.5,150,426.684011,0.09999999999999998,0.0,0.1
23.5,150,427.024195,0.0714285714285714,0.0,0.07142857142857142
22.1,150,427.335527,0.0,0.0,0.13333333333333333
22.5,150,427.653947,0.0,0.0,0.125
22.5,150,428.845225,0.0,0.0,0.06666666666666667
22.5,150,429.319003,0.052631578947368474,0.0,0.05263157894736842
22.5,150,429.825367,0.0,0.0,0.09090909090909091
22.1,150,430.407431,0.0,0.0,0.2857142857142857
22.5,150,430.736933,0.0,0.0,0.1
22.5,150,431.09304,0.0,0.0,0.07692307692307693
22.5,150,431.407473,0.0,0.0,0.14285714285714285
22.5,150,431.723231,0.0,0.0,0.058823529411764705
22.5,150,432.134661,0.05882352941176472,0.0,0.058823529411764705
22.5,150,432.418038,0.0,0.0,0.1111111111111111
22.5,150,432.740299,0.0,0.0,0.1
22.5,150,433.073234,0.0,0.0,0.0625
22.5,150,433.420793,0.0714285714285714,0.0,0.07142857142857142
22.5,150,433.894867,0.0,0.0,0.08333333333333333
23.5,150,435.117821,0.05882352941176472,0.0,0.058823529411764705
22.5,150,435.460963,0.0,0.0,0.2
22.5,150,436.091062,0.0,0.0,0.16666666666666666
22.5,150,436.613284,0.0,0.0,0.08333333333333333
22.5,150,436.918321,0.0,0.0,0.08333333333333333
22.5,150,437.237435,0.11111111111111116,0.0,0.1111111111111111
22.5,150,437.644087,0.0,0.0,0.125
22.5,150,438.067347,0.0,0.0,0.0625
22.5,150,438.468231,0.0,0.0,0.09090909090909091
22.5,150,438.783751,0.0,0.0,0.09090909090909091
22.5,150,439.073487,0.0,0.0,0.1111111111111111
22.5,150,439.364838,0.0,0.0,0.06666666666666667
22.5,150,439.723355,0.0,0.0,0.14285714285714285
22.5,150,440.090332,0.0,0.0,0.0625
22.5,150,441.233728,0.0,0.0,0.058823529411764705
22.5,150,441.744509,0.0,0.0,0.06666666666666667
22.5,150,442.458534,0.0,0.0,0.16666666666666666
22.5,150,442.773064,0.0,0.0,0.07692307692307693
22.5,150,443.105755,0.0,0.0,0.06666666666666667
22.5,150,443.408009,0.0,0.0,0.125
22.1,150,443.689826,0.0,0.0,0.18181818181818182
22.5,150,444.034229,0.0625,0.0,0.0625
22.5,150,444.335945,0.0,0.0,0.08333333333333333
22.5,150,444.639636,0.0,0.0,0.125
22.5,150,444.966803,0.0,0.0,0.08333333333333333
22.5,150,445.487127,0.0,0.0,0.09090909090909091
22.1,150,446.219319,0.05882352941176472,0.0,0.11764705882352941
22.5,150,447.487537,0.08333333333333337,0.0,0.08333333333333333
22.5,150,447.836436,0.0,0.0,0.1
22.1,150,448.3318,0.0,0.0,0.2222222222222222
22.5,150,448.971284,0.0,0.0,0.09090909090909091
22.1,150,449.30122,0.0,0.0,0.1111111111111111
22.5,150,449.880761,0.06666666666666665,0.0,0.06666666666666667
22.5,150,450.235111,0.0,0.0,0.1111111111111111
22.1,150,450.548938,0.0,0.0,0.15384615384615385
22.5,150,451.07212,0.0,0.0,0.07142857142857142
22.5,150,451.435201,0.0,0.0,0.06666666666666667
22.5,150,451.982457,0.0,0.0,0.058823529411764705
22.5,150,452.424792,0.0,0.0,0.1
22.5,150,452.78841,0.0,0.0,0.06666666666666667
22.1,150,453.146631,0.0,0.0,0.2
22.5,150,454.282004,0.0,0.0,0.07142857142857142
22.5,150,454.657108,0.0,0.0,0.125
22.5,150,455.266032,0.052631578947368474,0.0,0.05263157894736842
22.5,150,455.755535,0.0,0.0,0.08333333333333333
22.5,150,456.162203,0.0,0.0,0.14285714285714285
23.5,150,456.487875,0.0,0.0,0.06666666666666667
22.5,150,456.804918,0.0714285714285714,0.0,0.07142857142857142
22.5,150,457.178813,0.0,0.0,0.125
22.5,150,457.61538,0.0,0.0,0.07692307692307693
22.5,150,457.998876,0.0,0.0,0.07142857142857142
22.5,150,458.364346,0.0,0.0,0.08333333333333333
22.5,150,458.831412,0.0,0.0,0.07692307692307693
22.5,150,459.152101,0.0,0.0,0.058823529411764705
22.5,150,459.47093,0.0,0.0,0.07692307692307693
23.5,150,460.755477,0.0,0.0,0.1
22.5,150,461.387397,0.0,0.0,0.07142857142857142
22.5,150,462.07057,0.0,0.0,0.07142857142857142
22.5,150,462.381182,0.0,0.0,0.07692307692307693
22.5,150,462.738384,0.0,0.0,0.05555555555555555
22.1,150,463.05124,0.0,0.0,0.05263157894736842
22.5,150,463.334793,0.0,0.0,0.07692307692307693
22.5,150,463.64783,0.08333333333333337,0.0,0.08333333333333333
22.5,150,463.969579,0.0,0.0,0.0625
22.5,150,464.399357,0.0,0.0,0.07692307692307693
22.5,150,464.679886,0.0,0.0,0.058823529411764705
22.5,150,465.069385,0.0,0.0,0.07142857142857142
22.5,150,465.381212,0.0,0.0,0.08333333333333333
22.05,150,466.518941,0.0,0.0,0.08333333333333333
22.5,150,466.962426,0.06666666666666665,0.0,0.06666666666666667
22.5,150,467.453446,0.0,0.0,0.1
22.5,150,468.050731,0.06666666666666665,0.0,0.06666666666666667
22.5,150,468.397494,0.0,0.0,0.125
22.5,150,468.715916,0.0,0.0,0.125
22.5,150,469.063505,0.0,0.0,0.06666666666666667
22.5,150,469.422508,0.0,0.0,0.1
22.5,150,470.083244,0.08333333333333337,0.0,0.08333333333333333
22.5,150,470.596325,0.0,0.0,0.14285714285714285
22.5,150,471.079334,0.0,0.0,0.1111111111111111
22.5,150,471.407419,0.0,0.0,0.09090909090909091
22.5,150,471.747153,0.0714285714285714,0.0,0.07142857142857142
22.5,150,472.127722,0.0,0.0,0.08333333333333333
22.5,150,473.356478,0.0,0.0,0.07692307692307693
22.5,150,473.868456,0.0,0.0,0.1
22.5,150,474.279724,0.0,0.0,0.08333333333333333
22.5,150,474.59345,0.0,0.0,0.07692307692307693
22.5,150,474.982687,0.0,0.0,0.06666666666666667
22.5,150,475.335565,0.0,0.0,0.06666666666666667
22.5,150,475.67432,0.0,0.0,0.07692307692307693
22.5,150,476.020723,0.0,0.0,0.0625
22.5,150,476.349185,0.0,0.0,0.058823529411764705
22.1,150,476.72113,0.0,0.0,0.125
22.5,150,477.030552,0.0,0.0,0.0625
23.5,150,477.620055,0.0,0.0,0.07692307692307693
22.5,150,477.911696,0.1428571428571429,0.0,0.14285714285714285
22.5,150,478.277566,0.0,0.0,0.1
22.5,150,479.746774,0.0,0.0,0.09090909090909091
22.5,150,480.095563,0.07692307692307687,0.0,0.07692307692307693
22.5,150,480.496148,0.0,0.0,0.06666666666666667
22.5,150,481.267801,0.0,0.0,0.07142857142857142
22.1,150,481.629255,0.052631578947368474,0.0,0.10526315789473684
22.5,150,482.023878,0.0,0.0,0.1
22.5,150,482.417934,0.0,0.0,0.05263157894736842
23.5,150,482.794821,0.0,0.0,0.07692307692307693
23.5,150,483.131543,0.0,0.0,0.09090909090909091
22.5,150,483.617202,0.0,0.0,0.07692307692307693
22.5,150,484.046827,0.0,0.0,0.07142857142857142
22.5,150,484.333768,0.0,0.0,0.07692307692307693
23.5,150,484.647771,0.0,0.0,0.06666666666666667
22.05,150,486.011359,0.0,0.0,0.09090909090909091
22.5,150,486.344346,0.0,0.0,0.25
23.5,150,486.949767,0.0,0.0,0.1111111111111111
22.5,150,487.444021,0.0,0.0,0.1111111111111111
22.5,150,487.863475,0.0,0.0,0.09090909090909091
22.5,150,488.198998,0.0,0.0,0.06666666666666667
22.5,150,488.529819,0.0,0.0,0.1
22.5,150,489.128109,0.0,0.0,0.125
22.5,150,489.417667,0.0,0.0,0.07142857142857142
22.5,150,489.71863,0.0,0.0,0.058823529411764705
22.5,150,490.04492,0.052631578947368474,0.0,0.05263157894736842
22.5,150,490.402816,0.0,0.0,0.14285714285714285
22.5,150,490.794289,0.0,0.0,0.09090909090909091
22.5,150,491.142674,0.0,0.0,0.08333333333333333
22.5,150,492.314958,0.0,0.0,0.07142857142857142
22.5,150,492.691246,0.0,0.0,0.07692307692307693
22.5,150,493.180532,0.0,0.0,0.07692307692307693
22.1,150,493.509048,0.05882352941176472,0.0,0.11764705882352941
22.5,150,493.844596,0.0,0.0,0.06666666666666667
22.5,150,494.236096,0.0,0.0,0.05
22.5,150,494.582503,0.0,0.0,0.08333333333333333
23.1,150,494.97752,0.07692307692307687,0.0,0.15384615384615385
22.5,150,495.325321,0.0,0.0,0.058823529411764705
22.5,150,495.716035,0.0,0.0,0.047619047619047616
22.5,150,496.125272,0.0,0.0,0.08333333333333333
22.5,150,496.842223,0.0,0.0,0.07692307692307693
22.1,150,497.408464,0.08333333333333337,0.0,0.16666666666666666
22.5,150,498.54224,0.0,0.0,0.1
22.5,150,498.84055,0.0,0.0,0.06666666666666667
22.5,150,499.233754,0.08333333333333337,0.0,0.08333333333333333
22.5,150,499.930593,0.050000000000000044,0.0,0.05
22.5,150,500.797329,0.0,0.0,0.09090909090909091
22.5,150,501.667053,0.0,0.0,0.07692307692307693
22.5,150,502.01048,0.08333333333333337,0.0,0.08333333333333333
23.5,150,502.660659,0.0,0.0,0.07692307692307693
22.5,150,503.359278,0.0,0.0,0.1
22.5,150,503.728233,0.05555555555555558,0.0,0.05555555555555555
22.5,150,504.191211,0.0,0.0,0.1111111111111111
22.5,150,504.581413,0.0,0.0,0.14285714285714285
22.5,150,504.859158,0.0,0.0,0.07142857142857142
22.5,150,505.187846,0.0,0.0,0.07142857142857142
22.5,150,506.508127,0.0,0.0,0.058823529411764705
22.5,150,506.875951,0.0,0.0,0.1111111111111111
23.5,150,507.383939,0.0,0.0,0.1111111111111111
22.5,150,507.692514,0.0,0.0,0.14285714285714285
22.5,150,508.033503,0.0,0.0,0.06666666666666667
22.5,150,508.392338,0.0,0.0,0.1
22.5,150,508.805751,0.0,0.0,0.07142857142857142
22.5,150,509.295802,0.0,0.0,0.07142857142857142
22.5,150,509.773498,0.0,0.0,0.07142857142857142
22.1,150,510.172546,0.08333333333333337,0.0,0.16666666666666666
22.5,150,510.440763,0.0,0.0,0.0625
22.5,150,510.774139,0.07692307692307687,0.0,0.07692307692307693
22.1,150,511.097456,0.0,0.0,0.13333333333333333
22.5,150,511.527774,0.0,0.0,0.07692307692307693
22.5,150,512.705151,0.0714285714285714,0.0,0.07142857142857142
22.5,150,513.080973,0.0,0.0,0.0625
22.5,150,513.801295,0.0,0.0,0.05263157894736842
22.5,150,514.347674,0.09090909090909094,0.0,0.09090909090909091
22.5,150,514.674234,0.0,0.0,0.07142857142857142
22.5,150,514.956646,0.0,0.0,0.1
22.5,150,515.40294,0.0,0.0,0.07142857142857142
22.5,150,515.738646,0.09999999999999998,0.0,0.1
23.5,150,516.060299,0.0714285714285714,0.0,0.07142857142857142
22.5,150,516.355997,0.07692307692307687,0.0,0.07692307692307693
22.5,150,516.976541,0.05555555555555558,0.0,0.05555555555555555
22.5,150,517.694862,0.0,0.0,0.07142857142857142
22.5,150,518.283482,0.0,0.0,0.125
22.5,150,519.57132,0.0,0.0,0.125
22.5,150,519.900197,0.0,0.0,0.05555555555555555
22.5,150,520.402266,0.0,0.0,0.07142857142857142
22.5,150,521.188447,0.0,0.0,0.07692307692307693
22.5,150,521.556699,0.0,0.0,0.0625
22.5,150,521.881021,0.0,0.0,0.07692307692307693
22.5,150,522.191277,0.0,0.0,0.0625
22.5,150,522.54435,0.0,0.0,0.07692307692307693
23.5,150,523.014874,0.0,0.0,0.0625
22.5,150,523.461722,0.0,0.0,0.07142857142857142
22.5,150,523.948166,0.0,0.0,0.08333333333333333
22.5,150,524.391983,0.0,0.0,0.08333333333333333
22.5,150,524.83715,0.0,0.0,0.1
22.5,150,525.172089,0.0,0.0,0.09090909090909091
22.5,150,526.273832,0.0,0.0,0.05263157894736842
22.5,150,526.788632,0.0,0.0,0.06666666666666667
22.5,150,527.222529,0.125,0.0,0.125
22.5,150,527.82888,0.0,0.0,0.0625
22.5,150,528.274117,0.0,0.0,0.1111111111111111
22.5,150,528.605654,0.0,0.0,0.1111111111111111
22.5,150,528.916326,0.05555555555555558,0.0,0.05555555555555555
22.5,150,529.415235,0.0,0.0,0.06666666666666667
22.5,150,529.976883,0.0,0.0,0.09090909090909091
22.5,150,530.323383,0.0,0.0,0.06666666666666667
22.5,150,530.655634,0.0,0.0,0.09090909090909091
22.5,150,531.242574,0.0,0.0,0.07692307692307693
22.5,150,531.786685,0.0,0.0,0.08333333333333333
22.5,150,532.060721,0.0,0.0,0.09090909090909091
22.5,150,533.295428,0.0,0.0,0.125
22.5,150,533.678849,0.09090909090909094,0.0,0.09090909090909091
22.5,150,534.437263,0.06666666666666665,0.0,0.06666666666666667
22.5,150,534.98913,0.0,0.0,0.08333333333333333
22.5,150,535.661542,0.0,0.0,0.1111111111111111
22.5,150,536.262024,0.0,0.0,0.07692307692307693
22.5,150,536.529297,0.0,0.0,0.14285714285714285
22.5,150,536.852206,0.0,0.0,0.058823529411764705
22.5,150,537.193701,0.0,0.0,0.07692307692307693
22.5,150,537.61978,0.0,0.0,0.07142857142857142
22.5,150,537.936495,0.05555555555555558,0.0,0.05555555555555555
22.5,150,538.202308,0.0,0.0,0.07142857142857142
22.5,150,538.519785,0.0,0.0,0.08333333333333333
22.5,150,540.393823,0.0,0.0,0.125
22.5,150,540.860843,0.0,0.0,0.07142857142857142
22.5,150,541.499744,0.0,0.0,0.09090909090909091
22.05,150,542.369583,0.0625,0.0,0.0625
22.5,150,543.159673,0.0,0.0,0.045454545454545456
22.5,150,544.02171,0.0,0.0,0.08333333333333333
22.2,150,544.775931,0.15384615384615385,0.0,0.23076923076923078
22.1,150,545.337829,0.05555555555555558,0.0,0.1111111111111111
23.5,150,545.876542,0.0,0.0,0.1111111111111111
22.5,150,546.236998,0.0,0.0,0.0625
22.5,150,546.526597,0.11111111111111116,0.0,0.1111111111111111
22.5,150,546.864864,0.0,0.0,0.09090909090909091
22.5,150,547.189291,0.0,0.0,0.08333333333333333
22.5,150,547.663196,0.0,0.0,0.14285714285714285
22.5,150,548.891737,0.0,0.0,0.07142857142857142
22.5,150,549.232606,0.0,0.0,0.1
22.5,150,549.54231,0.0,0.0,0.1111111111111111
22.05,150,549.852659,0.0,0.0,0.0625
22.5,150,550.198298,0.0625,0.0,0.0625
22.5,150,550.47171,0.0,0.0,0.07142857142857142
22.5,150,550.802651,0.0,0.0,0.06666666666666667
22.5,150,551.092658,0.0,0.0,0.07142857142857142
22.5,150,551.484322,0.0,0.0,0.1
22.5,150,551.811012,0.0,0.0,0.1111111111111111
22.5,150,552.150789,0.0,0.0,0.1
22.5,150,552.426825,0.0,0.0,0.05263157894736842
22.5,150,552.770075,0.0,0.0,0.1
22.5,150,553.091934,0.0,0.0,0.06666666666666667
22.5,150,554.805937,0.0,0.0,0.125
22.5,150,555.146813,0.09999999999999998,0.0,0.1
22.5,150,555.631081,0.0,0.0,0.06666666666666667
22.1,150,556.008464,0.0,0.0,0.18181818181818182
22.1,150,556.537807,0.06666666666666665,0.0,0.13333333333333333
22.1,150,557.11923,0.0,0.0,0.14285714285714285
22.5,150,557.832767,0.0,0.0,0.06666666666666667
22.5,150,558.132245,0.0,0.0,0.058823529411764705
23.5,150,558.469264,0.0,0.0,0.08333333333333333
22.1,150,558.757612,0.07692307692307687,0.0,0.15384615384615385
22.5,150,559.090423,0.0,0.0,0.14285714285714285
22.5,150,559.468174,0.0,0.0,0.08333333333333333
22.5,150,559.926539,0.0,0.0,0.14285714285714285
22.5,150,561.204639,0.0,0.0,0.08333333333333333
22.1,150,561.553059,0.0,0.0,0.2
23.1,150,561.936017,0.0,0.0,0.18181818181818182
22.5,150,562.303839,0.0,0.0,0.09090909090909091
22.5,150,562.662614,0.0,0.0,0.07142857142857142
22.5,150,563.049902,0.0,0.0,0.14285714285714285
22.5,150,563.672611,0.0,0.0,0.05555555555555555
22.5,150,564.00127,0.0,0.0,0.09090909090909091
22.5,150,564.302237,0.0,0.0,0.07692307692307693
22.5,150,564.629805,0.0,0.0,0.14285714285714285
22.5,150,564.973793,0.09999999999999998,0.0,0.1
22.5,150,565.280261,0.0,0.0,0.09090909090909091
22.5,150,565.566595,0.0,0.0,0.09090909090909091
22.5,150,565.964656,0.0,0.0,0.08333333333333333
22.1,150,567.273777,0.0,0.0,0.2222222222222222
22.1,150,567.620077,0.0,0.0,0.2
22.1,150,568.233696,0.0,0.0,0.2
22.5,150,568.851632,0.0,0.0,0.125
22.5,150,569.255745,0.0,0.0,0.1
23.5,150,569.622699,0.0,0.0,0.08333333333333333
22.5,150,569.949443,0.0,0.0,0.1111111111111111
22.5,150,570.242875,0.0,0.0,0.09090909090909091
22.5,150,570.49141,0.0,0.0,0.09090909090909091
22.5,150,570.84874,0.0,0.0,0.05263157894736842
22.5,150,571.439853,0.0,0.0,0.14285714285714285
22.5,150,571.802514,0.0714285714285714,0.0,0.07142857142857142
23.5,150,572.127285,0.05882352941176472,0.0,0.058823529411764705
22.5,150,572.407427,0.0,0.0,0.09090909090909091
22.5,150,573.632965,0.0,0.0,0.06666666666666667
22.5,150,574.068871,0.08333333333333337,0.0,0.08333333333333333
22.5,150,574.606682,0.0,0.0,0.1
22.5,150,574.932398,0.0,0.0,0.0625
22.1,150,575.273588,0.0,0.0,0.16666666666666666
22.1,150,575.727456,0.0,0.0,0.14285714285714285
22.5,150,576.338373,0.0,0.0,0.07142857142857142
22.5,150,576.848097,0.0,0.0,0.09090909090909091
22.5,150,577.140504,0.0,0.0,0.06666666666666667
22.5,150,577.438328,0.0,0.0,0.06666666666666667
22.5,150,577.731985,0.0,0.0,0.1
22.5,150,578.124482,0.08333333333333337,0.0,0.08333333333333333
22.1,150,578.407453,0.06666666666666665,0.0,0.13333333333333333
22.5,150,579.667737,0.0,0.0,0.058823529411764705
22.5,150,579.995189,0.0,0.0,0.09090909090909091
22.5,150,580.40315,0.0,0.0,0.06666666666666667
22.2,150,580.8325,0.0,0.0,0.1875
22.5,150,581.155384,0.0,0.0,0.07142857142857142
22.1,150,581.482827,0.0,0.0,0.13333333333333333
22.5,150,581.746192,0.0,0.0,0.09090909090909091
22.5,150,582.121456,0.0,0.0,0.0625
22.5,150,582.423973,0.0,0.0,0.08333333333333333
22.5,150,582.722541,0.0,0.0,0.06666666666666667
22.5,150,583.050553,0.09999999999999998,0.0,0.1
22.2,150,583.496492,0.0625,0.0,0.125
22.5,150,583.854582,0.0,0.0,0.09090909090909091
22.5,150,584.173836,0.0,0.0,0.1111111111111111
22.5,150,585.482619,0.0,0.0,0.07142857142857142
22.5,150,585.837378,0.05882352941176472,0.0,0.058823529411764705
22.5,150,586.427958,0.0,0.0,0.058823529411764705
22.5,150,586.697412,0.0,0.0,0.07692307692307693
22.5,150,587.031625,0.0625,0.0,0.0625
22.5,150,587.298673,0.125,0.0,0.125
22.5,150,587.852067,0.0,0.0,0.07142857142857142
22.5,150,588.336677,0.0,0.0,0.0625
22.5,150,588.7146,0.0,0.0,0.1111111111111111
22.5,150,589.046477,0.07692307692307687,0.0,0.07692307692307693
23.5,150,589.3471,0.0,0.0,0.058823529411764705
22.5,150,589.661632,0.0,0.0,0.1
22.5,150,590.0035,0.09090909090909094,0.0,0.09090909090909091
22.5,150,590.3536,0.0,0.0,0.058823529411764705
22.5,150,591.497192,0.0,0.0,0.1111111111111111
22.5,150,591.999125,0.0,0.0,0.1111111111111111
22.5,150,592.353689,0.0,0.0,0.1
22.5,150,592.765183,0.0,0.0,0.1
22.5,150,593.139138,0.0,0.0,0.07692307692307693
22.5,150,593.5302,0.0,0.0,0.08333333333333333
22.5,150,593.945041,0.0,0.0,0.09090909090909091
22.5,150,594.212316,0.0,0.0,0.05555555555555555
23.5,150,594.519583,0.06666666666666665,0.0,0.06666666666666667
22.5,150,594.818369,0.0,0.0,0.1
22.5,150,595.128699,0.0,0.0,0.07142857142857142
22.5,150,595.429935,0.0,0.0,0.16666666666666666
22.5,150,595.787625,0.0,0.0,0.07692307692307693
22.5,150,597.217207,0.0,0.0,0.1
23.5,150,597.591875,0.0,0.0,0.07692307692307693
22.5,150,598.0674,0.08333333333333337,0.0,0.08333333333333333
22.1,150,598.355905,0.06666666666666665,0.0,0.13333333333333333
22.5,150,598.729767,0.0,0.0,0.1
22.5,150,599.412132,0.07692307692307687,0.0,0.07692307692307693
22.5,150,599.973202,0.0,0.0,0.07692307692307693
23.5,150,600.688051,0.0,0.0,0.125
22.5,150,601.032182,0.0,0.0,0.07692307692307693
22.5,150,601.698262,0.05555555555555558,0.0,0.05555555555555555
22.5,150,602.274703,0.06666666666666665,0.0,0.06666666666666667
22.5,150,602.993711,0.0,0.0,0.09090909090909091
22.5,150,603.470724,0.0,0.0,0.08333333333333333
23.5,150,604.25482,0.0714285714285714,0.0,0.07142857142857142
22.5,150,605.957326,0.0,0.0,0.1
22.5,150,606.330283,0.09999999999999998,0.0,0.1
22.5,150,606.961644,0.0,0.0,0.0625
22.5,150,607.360774,0.07692307692307687,0.0,0.07692307692307693
22.5,150,607.66274,0.05555555555555558,0.0,0.05555555555555555
22.5,150,608.012719,0.0,0.0,0.05555555555555555
22.5,150,608.332321,0.0,0.0,0.058823529411764705
22.5,150,608.651852,0.0,0.0,0.1111111111111111
22.5,150,608.970669,0.06666666666666665,0.0,0.06666666666666667
22.5,150,609.353769,0.0714285714285714,0.0,0.07142857142857142
22.5,150,609.657207,0.0,0.0,0.06666666666666667
22.5,150,609.965857,0.0,0.0,0.058823529411764705
22.5,150,610.270581,0.0,0.0,0.1
22.5,150,610.611393,0.0,0.0,0.08333333333333333
22.5,150,611.958167,0.09090909090909094,0.0,0.09090909090909091
22.5,150,612.428157,0.0,0.0,0.0625
22.5,150,613.182485,0.0,0.0,0.1111111111111111
22.1,150,613.745524,0.0,0.0,0.1111111111111111
22.5,150,614.072452,0.0,0.0,0.07142857142857142
22.5,150,614.345991,0.09999999999999998,0.0,0.1
22.5,150,614.806207,0.05882352941176472,0.0,0.058823529411764705
22.5,150,615.14917,0.07692307692307687,0.0,0.07692307692307693
22.5,150,615.463895,0.0714285714285714,0.0,0.07142857142857142
22.5,150,615.817716,0.0,0.0,0.07142857142857142
22.5,150,616.136222,0.0,0.0,0.06666666666666667
22.5,150,616.426934,0.0714285714285714,0.0,0.07142857142857142
22.5,150,616.826213,0.0,0.0,0.07142857142857142
22.5,150,618.09972,0.0,0.0,0.09090909090909091
22.5,150,618.513924,0.0,0.0,0.14285714285714285
22.5,150,618.939263,0.0,0.0,0.05555555555555555
22.5,150,619.278441,0.0,0.0,0.125
22.1,150,619.62642,0.05882352941176472,0.0,0.11764705882352941
22.5,150,619.956385,0.0,0.0,0.1
22.5,150,620.295118,0.0,0.0,0.1
22.5,150,620.753623,0.0,0.0,0.07142857142857142
22.5,150,621.195231,0.0,0.0,0.07142857142857142
22.5,150,621.655708,0.0,0.0,0.07692307692307693
22.5,150,622.057562,0.0,0.0,0.1111111111111111
22.5,150,622.496246,0.05882352941176472,0.0,0.058823529411764705
22.5,150,623.194552,0.0,0.0,0.07692307692307693
22.5,150,623.87579,0.16666666666666663,0.0,0.16666666666666666
22.5,150,625.131771,0.0,0.0,0.09090909090909091
22.5,150,625.466125,0.0,0.0,0.0625
22.5,150,625.812542,0.0,0.0,0.09090909090909091
22.5,150,626.254491,0.0,0.0,0.09090909090909091
22.5,150,626.549818,0.0,0.0,0.06666666666666667
22.5,150,626.858844,0.0625,0.0,0.0625
22.5,150,627.15493,0.0,0.0,0.06666666666666667
22.5,150,627.481517,0.0,0.0,0.08333333333333333
22.5,150,627.839045,0.0,0.0,0.07142857142857142
22.5,150,628.176638,0.0,0.0,0.09090909090909091
22.5,150,628.458575,0.0,0.0,0.09090909090909091
22.5,150,628.776751,0.0,0.0,0.07142857142857142
23.5,150,629.491527,0.0,0.0,0.08333333333333333
22.5,150,630.424646,0.0,0.0,0.125
22.5,150,632.575418,0.0,0.0,0.1
22.5,150,633.534588,0.0,0.0,0.08333333333333333
22.1,150,634.041502,0.06666666666666665,0.0,0.13333333333333333
22.5,150,634.424788,0.0,0.0,0.125
22.5,150,634.775778,0.0,0.0,0.06666666666666667
22.5,150,635.244304,0.0,0.0,0.09090909090909091
22.5,150,635.63132,0.06666666666666665,0.0,0.06666666666666667
22.5,150,636.073564,0.0,0.0,0.1
22.5,150,636.580483,0.0,0.0,0.06666666666666667
22.5,150,637.023503,0.0,0.0,0.08333333333333333
22.5,150,637.498082,0.0,0.0,0.09090909090909091
22.5,150,638.301103,0.06666666666666665,0.0,0.06666666666666667
22.5,150,638.77966,0.0,0.0,0.09090909090909091
22.5,150,640.413364,0.0,0.0,0.05555555555555555
22.5,150,641.013861,0.0,0.0,0.09090909090909091
22.5,150,641.363811,0.0,0.0,0.07692307692307693
22.5,150,641.885345,0.0,0.0,0.07692307692307693
22.5,150,642.357578,0.0,0.0,0.07142857142857142
22.5,150,642.809862,0.0,0.0,0.08333333333333333
22.5,150,643.354929,0.0,0.0,0.16666666666666666
22.1,150,643.874371,0.0,0.0,0.2
22.5,150,644.212715,0.0,0.0,0.16666666666666666
22.5,150,644.737969,0.0,0.0,0.1
22.5,150,645.173247,0.0,0.0,0.06666666666666667
22.5,150,645.612357,0.0,0.0,0.07692307692307693
22.5,150,645.940018,0.0,0.0,0.08333333333333333
22.5,150,646.26245,0.0,0.0,0.09090909090909091
22.1,150,648.062898,0.0,0.0,0.14285714285714285
22.5,150,648.52125,0.0,0.0,0.05263157894736842
22.5,150,648.889531,0.0,0.0,0.08333333333333333
22.5,150,649.264585,0.0,0.0,0.09090909090909091
23.5,150,649.611988,0.0,0.0,0.07692307692307693
22.5,150,649.996071,0.0,0.0,0.0625
22.5,150,650.335795,0.0,0.0,0.06666666666666667
23.5,150,650.70381,0.0,0.0,0.09090909090909091
22.5,150,651.183332,0.0,0.0,0.1
22.5,150,651.669153,0.0,0.0,0.09090909090909091
22.5,150,652.182259,0.05882352941176472,0.0,0.058823529411764705
22.1,150,652.609889,0.08333333333333337,0.0,0.16666666666666666
22.5,150,653.190969,0.0,0.0,0.07142857142857142
22.5,150,655.376433,0.0625,0.0,0.0625
22.5,150,655.884185,0.0,0.0,0.0625
22.5,150,656.375102,0.0,0.0,0.05555555555555555
22.5,150,656.729416,0.0714285714285714,0.0,0.07142857142857142
22.1,150,657.08798,0.07692307692307687,0.0,0.15384615384615385
22.5,150,657.5634,0.0,0.0,0.07142857142857142
22.5,150,658.072781,0.0,0.0,0.0625
22.1,150,658.791331,0.0,0.0,0.10526315789473684
22.5,150,659.640277,0.0,0.0,0.1
22.5,150,660.209177,0.0,0.0,0.07692307692307693
22.5,150,660.604738,0.0,0.0,0.16666666666666666
22.5,150,661.048526,0.0,0.0,0.1
22.5,150,661.601025,0.0,0.0,0.08333333333333333
22.5,150,662.120306,0.0,0.0,0.07692307692307693
22.5,150,663.8449,0.0,0.0,0.06666666666666667
22.5,150,664.487226,0.05882352941176472,0.0,0.058823529411764705
22.5,150,664.968934,0.0,0.0,0.0625
22.5,150,665.470719,0.052631578947368474,0.0,0.05263157894736842
22.5,150,665.824229,0.07692307692307687,0.0,0.07692307692307693
22.5,150,666.393173,0.0,0.0,0.07142857142857142
22.5,150,666.837439,0.0,0.0,0.09090909090909091
22.5,150,667.306899,0.0625,0.0,0.0625
22.5,150,668.003089,0.125,0.0,0.125
22.5,150,668.533535,0.07692307692307687,0.0,0.07692307692307693
22.5,150,669.002115,0.0,0.0,0.07142857142857142
22.5,150,669.676883,0.0,0.0,0.08333333333333333
22.1,150,670.041951,0.0,0.0,0.2
22.5,150,670.55346,0.06666666666666665,0.0,0.06666666666666667
22.5,150,672.35862,0.0,0.0,0.09090909090909091
22.5,150,672.855335,0.0,0.0,0.08333333333333333
22.5,150,673.62645,0.07692307692307687,0.0,0.07692307692307693
22.5,150,673.95201,0.05882352941176472,0.0,0.058823529411764705
22.5,150,674.27908,0.0,0.0,0.06666666666666667
22.5,150,674.771401,0.05555555555555558,0.0,0.05555555555555555
22.1,150,675.405705,0.0,0.0,0.2
22.5,150,675.936839,0.0,0.0,0.1
22.5,150,676.318416,0.0,0.0,0.058823529411764705
22.5,150,676.937622,0.09090909090909094,0.0,0.09090909090909091
22.5,150,677.353044,0.0,0.0,0.06666666666666667
22.5,150,677.684583,0.0,0.0,0.07142857142857142
23.5,150,678.020471,0.0,0.0,0.06666666666666667
22.5,150,679.72096,0.0,0.0,0.07142857142857142
22.1,150,680.18539,0.0,0.0,0.2222222222222222
23.1,150,681.004029,0.0,0.0,0.16666666666666666
22.5,150,681.339124,0.0625,0.0,0.0625
22.5,150,681.958436,0.0,0.0,0.09090909090909091
22.1,150,682.30426,0.15384615384615385,0.0,0.15384615384615385
22.5,150,682.649061,0.0,0.0,0.06666666666666667
22.5,150,683.003805,0.0,0.0,0.1
22.5,150,683.625609,0.0,0.0,0.1
22.5,150,684.328727,0.0,0.0,0.09090909090909091
22.5,150,684.971453,0.0,0.0,0.08333333333333333
22.5,150,685.358927,0.0,0.0,0.14285714285714285
22.5,150,685.737946,0.0,0.0,0.07142857142857142
22.5,150,686.150517,0.0,0.0,0.06666666666666667
22.5,150,688.160203,0.0,0.0,0.07692307692307693
22.5,150,688.904782,0.0,0.0,0.07692307692307693
22.5,150,689.267854,0.0,0.0,0.07692307692307693
22.5,150,689.59988,0.0,0.0,0.0625
22.5,150,689.932606,0.0,0.0,0.058823529411764705
22.5,150,690.288122,0.0,0.0,0.1
22.5,150,690.935102,0.08333333333333337,0.0,0.08333333333333333
22.5,150,691.691274,0.0625,0.0,0.0625
23.5,150,692.446493,0.0,0.0,0.07692307692307693
22.5,150,693.155899,0.0,0.0,0.09090909090909091
22.5,150,693.971679,0.0,0.0,0.06666666666666667
22.5,150,694.766306,0.0,0.0,0.1
22.5,150,695.228414,0.0,0.0,0.0625
22.1,150,695.625627,0.16666666666666663,0.0,0.16666666666666666
22.5,150,697.48743,0.0,0.0,0.07692307692307693
22.5,150,698.14824,0.0,0.0,0.1111111111111111
22.5,150,698.751563,0.0,0.0,0.09090909090909091
22.5,150,699.383313,0.0,0.0,0.06666666666666667
22.5,150,700.031941,0.0,0.0,0.09090909090909091
22.5,150,700.372386,0.0,0.0,0.0625
22.5,150,700.833951,0.0,0.0,0.07692307692307693
22.5,150,701.489305,0.0,0.0,0.058823529411764705
22.5,150,702.11759,0.0,0.0,0.05263157894736842
23.1,150,702.722104,0.09999999999999998,0.0,0.2
22.5,150,703.502006,0.0,0.0,0.08333333333333333
22.5,150,704.351997,0.0,0.0,0.125
22.5,150,705.239212,0.0,0.0,0.07692307692307693
22.5,150,707.092561,0.09090909090909094,0.0,0.09090909090909091
23.5,150,707.532373,0.0,0.0,0.08333333333333333
22.5,150,708.316669,0.0,0.0,0.08333333333333333
22.5,150,709.144034,0.0,0.0,0.0625
22.5,150,709.501412,0.0,0.0,0.09090909090909091
22.1,150,709.897752,0.0,0.0,0.2
22.1,150,710.315662,0.0,0.0,0.14285714285714285
22.5,150,710.732837,0.0625,0.0,0.0625
22.5,150,711.234443,0.05882352941176472,0.0,0.058823529411764705
22.1,150,711.681195,0.0714285714285714,0.0,0.14285714285714285
22.5,150,712.108157,0.0,0.0,0.06666666666666667
22.5,150,712.507282,0.0,0.0,0.045454545454545456
22.5,150,712.926472,0.0,0.0,0.125
22.5,150,713.448966,0.0,0.0,0.1111111111111111
22.5,150,715.180802,0.0,0.0,0.07692307692307693
22.5,150,715.611892,0.08333333333333337,0.0,0.08333333333333333
22.5,150,716.065074,0.0,0.0,0.06666666666666667
22.5,150,716.482864,0.0,0.0,0.1
22.5,150,716.980689,0.0,0.0,0.09090909090909091
22.5,150,717.608759,0.0,0.0,0.09090909090909091
22.5,150,718.168906,0.0,0.0,0.07692307692307693
22.5,150,718.560184,0.0,0.0,0.05263157894736842
22.5,150,719.724059,0.0,0.0,0.07142857142857142
22.1,150,720.129275,0.0,0.0,0.18181818181818182
23.5,150,720.59302,0.0,0.0,0.07692307692307693
22.5,150,721.08438,0.0,0.0,0.07692307692307693
22.5,150,721.703784,0.0,0.0,0.07142857142857142
22.5,150,722.382352,0.0,0.0,0.07692307692307693
22.5,150,723.726211,0.0,0.0,0.09090909090909091
22.5,150,724.270642,0.0,0.0,0.08333333333333333
22.5,150,724.696457,0.0,0.0,0.07692307692307693
22.5,150,725.025331,0.05882352941176472,0.0,0.058823529411764705
22.5,150,725.316153,0.0,0.0,0.0625
22.5,150,725.666954,0.0,0.0,0.1
22.5,150,726.1018,0.0714285714285714,0.0,0.07142857142857142
22.5,150,726.659899,0.0,0.0,0.08333333333333333
22.5,150,727.065617,0.0,0.0,0.08333333333333333
22.5,150,727.504341,0.0,0.0,0.06666666666666667
22.5,150,728.285131,0.16666666666666663,0.0,0.16666666666666666
23.5,150,728.922292,0.052631578947368474,0.0,0.05263157894736842
22.5,150,729.395808,0.06666666666666665,0.0,0.06666666666666667
22.5,150,730.647772,0.07692307692307687,0.0,0.07692307692307693
22.5,150,731.000581,0.0,0.0,0.1111111111111111
22.5,150,731.597654,0.0,0.0,0.09090909090909091
22.5,150,732.265831,0.0,0.0,0.07692307692307693
22.5,150,732.683996,0.0,0.0,0.058823529411764705
22.1,150,733.034459,0.0,0.0,0.18181818181818182
22.5,150,733.359426,0.0,0.0,0.1
22.5,150,733.662413,0.0,0.0,0.07142857142857142
22.5,150,733.965171,0.11111111111111116,0.0,0.1111111111111111
22.5,150,734.282291,0.09090909090909094,0.0,0.09090909090909091
22.5,150,734.61534,0.0,0.0,0.08333333333333333
22.5,150,734.944153,0.0,0.0,0.1111111111111111
22.1,150,735.354173,0.0,0.0,0.14285714285714285
22.5,150,735.769963,0.0,0.0,0.1111111111111111
22.5,150,737.220655,0.0,0.0,0.07692307692307693
22.1,150,737.7218,0.0,0.0,0.25
22.5,150,738.418236,0.0,0.0,0.07692307692307693
22.5,150,739.103668,0.0,0.0,0.07142857142857142
22.1,150,739.735087,0.0,0.0,0.15384615384615385
22.5,150,740.339682,0.08333333333333337,0.0,0.08333333333333333
22.5,150,740.876886,0.0,0.0,0.07142857142857142
22.5,150,741.626892,0.08333333333333337,0.0,0.08333333333333333
22.5,150,742.225542,0.0,0.0,0.1
22.5,150,742.934356,0.0,0.0,0.08333333333333333
22.5,150,743.52673,0.0,0.0,0.07692307692307693
23.5,150,744.267681,0.0,0.0,0.0625
22.5,150,744.890539,0.125,0.0,0.125
22.5,150,745.449781,0.0714285714285714,0.0,0.07142857142857142
22.5,150,746.877051,0.0,0.0,0.07142857142857142
22.5,150,747.239331,0.0,0.0,0.07692307692307693
22.5,150,747.714762,0.0,0.0,0.07142857142857142
22.1,150,748.182243,0.11764705882352944,0.0,0.11764705882352941
22.5,150,748.644605,0.0,0.0,0.058823529411764705
22.1,150,749.4321,0.0,0.0,0.16666666666666666
22.5,150,749.826406,0.0,0.0,0.05263157894736842
22.2,150,750.130784,0.0714285714285714,0.0,0.21428571428571427
22.5,150,750.417861,0.05882352941176472,0.0,0.058823529411764705
22.5,150,750.781339,0.0,0.0,0.05555555555555555
22.5,150,751.286451,0.0,0.0,0.16666666666666666
22.5,150,752.227172,0.0,0.0,0.1
22.5,150,753.02262,0.0,0.0,0.0625
22.5,150,754.773381,0.0,0.0,0.05555555555555555
23.5,150,755.258773,0.0714285714285714,0.0,0.07142857142857142
22.5,150,756.022059,0.0,0.0,0.125
22.5,150,756.834732,0.07692307692307687,0.0,0.07692307692307693
22.5,150,757.564764,0.07692307692307687,0.0,0.07692307692307693
23.5,150,758.151993,0.0,0.0,0.07692307692307693
22.5,150,758.608248,0.0,0.0,0.16666666666666666
22.5,150,759.31237,0.0,0.0,0.125
22.5,150,760.274528,0.0,0.0,0.14285714285714285
22.5,150,761.158256,0.07692307692307687,0.0,0.07692307692307693
22.5,150,762.131907,0.0625,0.0,0.0625
22.5,150,763.027895,0.0,0.0,0.07692307692307693
22.5,150,763.84468,0.0,0.0,0.1
22.1,150,764.777848,0.0,0.0,0.15384615384615385
22.5,150,766.352953,0.052631578947368474,0.0,0.05263157894736842
22.5,150,766.679105,0.0,0.0,0.1111111111111111
22.5,150,767.042996,0.0,0.0,0.1
22.5,150,767.324904,0.0,0.0,0.2
22.5,150,767.602031,0.0,0.0,0.08333333333333333
22.5,150,768.064112,0.0,0.0,0.14285714285714285
22.5,150,768.574278,0.0,0.0,0.1111111111111111
22.1,150,769.150043,0.0,0.0,0.16666666666666666
22.5,150,769.763968,0.0,0.0,0.08333333333333333
22.5,150,770.240379,0.0,0.0,0.1
22.5,150,770.700053,0.0,0.0,0.1111111111111111
22.5,150,771.109912,0.09090909090909094,0.0,0.09090909090909091
22.5,150,771.575101,0.0,0.0,0.1111111111111111
22.1,150,772.208186,0.06666666666666665,0.0,0.13333333333333333
22.5,150,774.418954,0.0,0.0,0.0625
22.5,150,774.891847,0.0,0.0,0.06666666666666667
22.5,150,775.240623,0.050000000000000044,0.0,0.05
22.5,150,775.637751,0.0,0.0,0.07692307692307693
22.5,150,776.012759,0.0,0.0,0.07142857142857142
22.5,150,776.319717,0.06666666666666665,0.0,0.06666666666666667
22.5,150,777.074651,0.0,0.0,0.08333333333333333
22.5,150,777.617269,0.0,0.0,0.09090909090909091
22.5,150,778.042698,0.0,0.0,0.07692307692307693
22.5,150,778.444345,0.0,0.0,0.05555555555555555
22.5,150,778.928129,0.09999999999999998,0.0,0.1
22.1,150,779.248203,0.16666666666666663,0.0,0.16666666666666666
23.5,150,779.625882,0.0,0.0,0.16666666666666666
22.5,150,780.979755,0.0,0.0,0.1
22.05,150,781.447343,0.0,0.0,0.1
22.5,150,781.934594,0.0,0.0,0.08333333333333333
22.1,150,782.275471,0.07692307692307687,0.0,0.15384615384615385
22.5,150,782.688695,0.0,0.0,0.1
22.5,150,783.233994,0.0,0.0,0.08333333333333333
22.5,150,783.66089,0.0,0.0,0.07692307692307693
22.1,150,784.418048,0.0,0.0,0.16666666666666666
22.5,150,785.079401,0.0,0.0,0.08333333333333333
22.1,150,785.454811,0.0,0.0,0.25
22.5,150,785.780673,0.09999999999999998,0.0,0.1
23.5,150,786.093402,0.0,0.0,0.06666666666666667
22.5,150,786.512298,0.0,0.0,0.058823529411764705
22.5,150,786.981164,0.0,0.0,0.08333333333333333
22.5,150,788.571037,0.0,0.0,0.08333333333333333
22.5,150,788.887697,0.0,0.0,0.1
22.5,150,789.205018,0.0,0.0,0.1
22.15,150,789.52901,0.07692307692307687,0.0,0.15384615384615385
22.1,150,789.842262,0.09090909090909094,0.0,0.09090909090909091
22.2,150,790.188206,0.0,0.0,0.25
22.5,150,790.495409,0.0714285714285714,0.0,0.07142857142857142
22.5,150,790.820095,0.0,0.0,0.058823529411764705
22.5,150,791.179459,0.0,0.0,0.09090909090909091
22.1,150,791.503978,0.0,0.0,0.15384615384615385
23.1,150,791.820744,0.0,0.0,0.15384615384615385
22.1,150,792.150472,0.0,0.0,0.15384615384615385
22.5,150,792.461703,0.0,0.0,0.08333333333333333
22.5,150,792.83724,0.1428571428571429,0.0,0.14285714285714285
22.5,150,794.505902,0.0,0.0,0.08333333333333333
22.1,150,794.837188,0.0714285714285714,0.0,0.14285714285714285
22.5,150,795.164295,0.0,0.0,0.1111111111111111
22.5,150,795.501689,0.0,0.0,0.05
22.5,150,795.88741,0.0,0.0,0.07692307692307693
22.5,150,796.213845,0.0,0.0,0.06666666666666667
22.5,150,796.562906,0.08333333333333337,0.0,0.08333333333333333
22.5,150,796.888158,0.0,0.0,0.1
22.5,150,797.236377,0.0,0.0,0.07692307692307693
22.5,150,797.578307,0.0,0.0,0.14285714285714285
22.5,150,797.939385,0.0,0.0,0.09090909090909091
22.5,150,798.246429,0.0,0.0,0.058823529411764705
22.1,150,798.602466,0.06666666666666665,0.0,0.13333333333333333
22.5,150,800.297886,0.0,0.0,0.06666666666666667
22.5,150,800.619505,0.11111111111111116,0.0,0.1111111111111111
22.5,150,800.97772,0.0,0.0,0.1
22.5,150,801.333029,0.07692307692307687,0.0,0.07692307692307693
22.5,150,801.718745,0.0,0.0,0.08333333333333333
22.5,150,802.07104,0.09090909090909094,0.0,0.09090909090909091
22.5,150,802.386048,0.0,0.0,0.06666666666666667
22.5,150,802.719422,0.0,0.0,0.07142857142857142
22.5,150,803.052625,0.0,0.0,0.09090909090909091
22.5,150,803.352832,0.09999999999999998,0.0,0.1
22.5,150,803.671842,0.0,0.0,0.06666666666666667
22.5,150,804.00172,0.0,0.0,0.07692307692307693
22.5,150,804.33848,0.0,0.0,0.125
23.5,150,804.702486,0.0,0.0,0.06666666666666667
22.5,150,806.42507,0.05555555555555558,0.0,0.05555555555555555
22.5,150,806.752147,0.0,0.0,0.05
22.1,150,807.096732,0.0,0.0,0.25
22.5,150,807.435534,0.06666666666666665,0.0,0.06666666666666667
22.5,150,807.877389,0.0,0.0,0.08333333333333333
22.5,150,808.242118,0.0,0.0,0.1
22.5,150,808.585136,0.0,0.0,0.125
22.5,150,808.935191,0.0,0.0,0.06666666666666667
22.5,150,809.380385,0.0,0.0,0.1
22.5,150,809.723709,0.0,0.0,0.0625
22.1,150,810.111771,0.0,0.0,0.2
23.5,150,810.787185,0.0,0.0,0.09090909090909091
22.05,150,811.492745,0.0,0.0,0.1
22.5,150,812.085489,0.0,0.0,0.0625
22.1,150,813.793762,0.0,0.0,0.2
23.1,150,814.611719,0.0625,0.0,0.125
21.8,150,815.205046,0.0,0.0,0.3333333333333333
22.5,150,815.550209,0.0,0.0,0.07142857142857142
22.2,150,815.879512,0.0,0.0,0.23076923076923078
22.1,150,816.253853,0.0,0.0,0.16666666666666666
22.1,150,816.620831,0.0,0.0,0.2222222222222222
22.2,150,817.004162,0.15384615384615385,0.0,0.23076923076923078
21.8,150,817.343748,0.0,0.0,0.17647058823529413
22.5,150,817.722075,0.0,0.0,0.07692307692307693
22.5,150,818.071185,0.0,0.0,0.07692307692307693
21.9,150,818.425708,0.0,0.0,0.4166666666666667
22.1,150,818.770779,0.04761904761904767,0.0,0.09523809523809523
22.1,150,820.642888,0.0,0.0,0.2222222222222222
22.5,150,821.333032,0.0,0.0,0.1
22.1,150,822.195794,0.0,0.0,0.2
22.5,150,822.76107,0.0,0.0,0.08333333333333333
22.5,150,823.518653,0.0,0.0,0.14285714285714285
22.1,150,824.020867,0.0,0.0,0.15384615384615385
22.1,150,824.456516,0.0714285714285714,0.0,0.14285714285714285
22.5,150,825.151745,0.0,0.0,0.06666666666666667
21.8,150,826.004377,0.050000000000000044,0.0,0.15
22.1,150,826.819334,0.05882352941176472,0.0,0.11764705882352941
22.1,150,827.592641,0.05882352941176472,0.0,0.11764705882352941
22.2,150,828.249666,0.0625,0.0,0.125
22.5,150,828.587811,0.0,0.0,0.1
22.5,150,829.173185,0.0,0.0,0.07142857142857142
22.5,150,830.916529,0.0,0.0,0.08333333333333333
22.5,150,831.499385,0.0,0.0,0.1111111111111111
22.2,150,831.898837,0.15384615384615385,0.0,0.23076923076923078
22.2,150,832.242946,0.0,0.0,0.3333333333333333
22.2,150,832.634743,0.09999999999999998,0.0,0.3
22.1,150,833.032057,0.0,0.0,0.2222222222222222
22.5,150,833.381982,0.09090909090909094,0.0,0.09090909090909091
22.1,150,833.734168,0.0,0.0,0.18181818181818182
22.5,150,834.125987,0.0,0.0,0.07142857142857142
22.1,150,834.534042,0.09999999999999998,0.0,0.2
22.5,150,834.931858,0.0,0.0,0.08333333333333333
22.5,150,835.407182,0.0,0.0,0.06666666666666667
22.1,150,835.827975,0.0,0.0,0.125
23.2,150,836.270735,0.07692307692307687,0.0,0.23076923076923078
22.5,150,838.180393,0.0,0.0,0.058823529411764705
23.5,150,838.907588,0.0714285714285714,0.0,0.07142857142857142
22.5,150,839.400676,0.0,0.0,0.125
22.1,150,840.018982,0.0,0.0,0.18181818181818182
22.1,150,840.425397,0.04761904761904767,0.0,0.09523809523809523
21.8,150,840.847955,0.25,0.0,0.3333333333333333
21.75,150,841.221552,0.0,0.0,0.2
22.5,150,841.581058,0.0,0.0,0.1111111111111111
22.5,150,841.955339,0.0,0.0,0.1111111111111111
22.5,150,842.268075,0.0,0.0,0.05
22.1,150,842.639241,0.0,0.0,0.18181818181818182
22.5,150,843.066392,0.08333333333333337,0.0,0.08333333333333333
22.5,150,843.397307,0.0,0.0,0.06666666666666667
22.1,150,845.144117,0.09999999999999998,0.0,0.2
22.5,150,845.497225,0.0,0.0,0.1111111111111111
22.5,150,845.880482,0.0,0.0,0.08333333333333333
22.5,150,846.238222,0.0,0.0,0.06666666666666667
22.1,150,846.61567,0.11764705882352944,0.0,0.11764705882352941
22.5,150,847.030139,0.0,0.0,0.16666666666666666
22.5,150,847.359491,0.0,0.0,0.07692307692307693
22.5,150,847.663375,0.0,0.0,0.06666666666666667
22.5,150,847.996859,0.0,0.0,0.07142857142857142
22.5,150,848.336617,0.0,0.0,0.1
22.1,150,848.783574,0.0,0.0,0.13333333333333333
22.1,150,849.109713,0.1333333333333333,0.0,0.13333333333333333
22.5,150,849.422987,0.08333333333333337,0.0,0.08333333333333333
22.1,150,849.790903,0.0,0.0,0.18181818181818182
22.5,150,851.496251,0.0,0.0,0.1111111111111111
22.2,150,851.866639,0.0,0.0,0.3333333333333333
22.5,150,852.205243,0.0,0.0,0.1111111111111111
22.1,150,852.632054,0.05882352941176472,0.0,0.11764705882352941
22.2,150,853.056053,0.07692307692307687,0.0,0.15384615384615385
22.5,150,853.415085,0.0,0.0,0.1111111111111111
22.5,150,853.862824,0.0,0.0,0.058823529411764705
22.5,150,854.219241,0.11111111111111116,0.0,0.1111111111111111
22.5,150,854.629407,0.0,0.0,0.1111111111111111
22.5,150,855.086089,0.0,0.0,0.07142857142857142
22.2,150,855.412514,0.0714285714285714,0.0,0.21428571428571427
22.5,150,855.804127,0.0714285714285714,0.0,0.07142857142857142
22.5,150,856.159241,0.0,0.0,0.05555555555555555
22.1,150,857.825291,0.045454545454545414,0.0,0.09090909090909091
22.5,150,858.250175,0.0,0.0,0.125
22.1,150,858.76446,0.0,0.0,0.1111111111111111
22.5,150,859.237843,0.0714285714285714,0.0,0.07142857142857142
23.2,150,859.620427,0.0714285714285714,0.0,0.21428571428571427
22.5,150,860.09952,0.09090909090909094,0.0,0.09090909090909091
22.5,150,860.471263,0.05882352941176472,0.0,0.058823529411764705
22.5,150,860.89483,0.11111111111111116,0.0,0.1111111111111111
22.5,150,861.203372,0.0,0.0,0.07692307692307693
22.5,150,861.545099,0.0,0.0,0.1111111111111111
22.5,150,861.936401,0.0,0.0,0.1111111111111111
22.1,150,862.296627,0.0714285714285714,0.0,0.14285714285714285
22.5,150,862.678319,0.052631578947368474,0.0,0.05263157894736842
22.5,150,863.110653,0.0625,0.0,0.0625
22.1,150,864.836422,0.0,0.0,0.2
22.1,150,865.265305,0.0,0.0,0.15384615384615385
22.5,150,865.966806,0.06666666666666665,0.0,0.06666666666666667
22.1,150,866.477425,0.08333333333333337,0.0,0.16666666666666666
22.5,150,867.106463,0.0,0.0,0.09090909090909091
22.5,150,867.544295,0.0,0.0,0.1
22.5,150,867.960822,0.0,0.0,0.07142857142857142
22.5,150,868.328893,0.0625,0.0,0.0625
23.5,150,868.710654,0.0,0.0,0.08333333333333333
22.5,150,869.140603,0.0,0.0,0.07142857142857142
22.1,150,869.477414,0.0,0.0,0.16666666666666666
22.5,150,869.946244,0.0,0.0,0.1
22.5,150,870.360528,0.0714285714285714,0.0,0.07142857142857142
22.2,150,870.709636,0.07692307692307687,0.0,0.23076923076923078
22.5,150,872.37677,0.0,0.0,0.09090909090909091
23.5,150,872.759451,0.0,0.0,0.08333333333333333
22.5,150,873.157304,0.0,0.0,0.1
22.5,150,873.523374,0.08333333333333337,0.0,0.08333333333333333
22.05,150,873.920833,0.0,0.0,0.1111111111111111
22.5,150,874.317006,0.0,0.0,0.06666666666666667
22.1,150,874.675745,0.0,0.0,0.125
22.5,150,875.109813,0.0,0.0,0.14285714285714285
22.5,150,875.478598,0.0,0.0,0.08333333333333333
22.5,150,875.959863,0.0,0.0,0.125
22.1,150,876.359755,0.0,0.0,0.125
22.5,150,876.69561,0.0,0.0,0.1
22.5,150,877.097645,0.0,0.0,0.08333333333333333
22.1,150,878.930448,0.125,0.0,0.125
22.5,150,879.495751,0.0,0.0,0.1111111111111111
22.1,150,880.327712,0.0,0.0,0.2222222222222222
22.5,150,880.883504,0.0,0.0,0.08333333333333333
22.5,150,881.39591,0.0,0.0,0.05263157894736842
22.5,150,882.012866,0.0625,0.0,0.0625
22.5,150,882.327842,0.0,0.0,0.3333333333333333
22.5,150,882.658766,0.09090909090909094,0.0,0.09090909090909091
22.5,150,883.026159,0.07692307692307687,0.0,0.07692307692307693
22.1,150,883.359113,0.0714285714285714,0.0,0.14285714285714285
22.5,150,883.844556,0.0,0.0,0.0625
22.5,150,884.287682,0.0,0.0,0.08333333333333333
22.2,150,884.608546,0.0,0.0,0.2
22.5,150,884.98424,0.125,0.0,0.125
22.5,150,886.302634,0.0,0.0,0.07692307692307693
22.5,150,886.710969,0.0,0.0,0.05555555555555555
22.1,150,887.270456,0.0,0.0,0.2222222222222222
23.1,150,887.55926,0.0625,0.0,0.125
22.5,150,887.897226,0.0,0.0,0.06666666666666667
22.5,150,888.237933,0.0,0.0,0.1111111111111111
22.5,150,888.57703,0.125,0.0,0.125
23.1,150,888.8541,0.08333333333333337,0.0,0.16666666666666666
22.5,150,889.186052,0.0,0.0,0.07692307692307693
23.5,150,889.367633,0.0,0.0,0.08333333333333333
22.5,150,889.661083,0.0,0.0,0.0625
22.5,150,889.929269,0.0,0.0,0.09090909090909091
22.5,150,890.345322,0.0,0.0,0.07692307692307693
22.1,150,890.974404,0.0,0.0,0.16666666666666666
22.5,150,892.168579,0.08333333333333337,0.0,0.08333333333333333
23.5,150,892.853951,0.0,0.0,0.07692307692307693
22.5,150,893.635848,0.0,0.0,0.09090909090909091
22.5,150,894.254192,0.0714285714285714,0.0,0.07142857142857142
22.5,150,894.646499,0.0,0.0,0.058823529411764705
22.5,150,894.947198,0.08333333333333337,0.0,0.08333333333333333
21.85,150,895.235464,0.052631578947368474,0.0,0.15789473684210525
22.1,150,895.5524,0.0,0.0,0.15384615384615385
22.1,150,896.04687,0.0,0.0,0.1
22.5,150,896.523425,0.0,0.0,0.05555555555555555
22.5,150,896.830792,0.0,0.0,0.08333333333333333
22.1,150,897.179242,0.0,0.0,0.1111111111111111
22.5,150,897.445549,0.0,0.0,0.1111111111111111
22.5,150,898.882904,0.0625,0.0,0.0625
22.5,150,899.178171,0.0,0.0,0.07142857142857142
22.15,150,899.968404,0.08333333333333337,0.0,0.16666666666666666
22.5,150,900.41784,0.0,0.0,0.07142857142857142
22.1,150,900.7872,0.0,0.0,0.2222222222222222
22.1,150,901.089473,0.09999999999999998,0.0,0.2
22.5,150,901.323749,0.0,0.0,0.07142857142857142
22.5,150,901.762248,0.0,0.0,0.0625
22.1,150,902.132136,0.0,0.0,0.2857142857142857
22.1,150,902.377438,0.0,0.0,0.14285714285714285
21.8,150,902.687438,0.052631578947368474,0.0,0.21052631578947367
22.1,150,903.001791,0.0,0.0,0.1111111111111111
22.5,150,903.282132,0.0714285714285714,0.0,0.07142857142857142
22.5,150,903.650307,0.0,0.0,0.05
22.5,150,905.023499,0.0,0.0,0.05555555555555555
23.5,150,905.548038,0.0,0.0,0.06666666666666667
22.5,150,905.955526,0.08333333333333337,0.0,0.08333333333333333
22.1,150,906.253973,0.05882352941176472,0.0,0.11764705882352941
22.5,150,906.603325,0.0,0.0,0.09090909090909091
22.5,150,907.031059,0.0,0.0,0.06666666666666667
22.2,150,907.456183,0.0,0.0,0.11764705882352941
22.5,150,908.148451,0.0,0.0,0.06666666666666667
22.1,150,908.506481,0.0,0.0,0.15384615384615385
22.1,150,908.967966,0.11111111111111116,0.0,0.2222222222222222
22.5,150,909.573565,0.06666666666666665,0.0,0.06666666666666667
22.1,150,910.36311,0.0,0.0,0.2
22.5,150,911.001489,0.0,0.0,0.07692307692307693
22.5,150,911.490506,0.0,0.0,0.09090909090909091
22.05,150,912.724593,0.0,0.0,0.07692307692307693
22.1,150,912.916631,0.0,0.0,0.2
22.5,150,913.221066,0.0,0.0,0.07142857142857142
22.1,150,913.526853,0.0,0.0,0.11764705882352941
22.5,150,913.838412,0.0,0.0,0.09090909090909091
22.1,150,914.245718,0.0714285714285714,0.0,0.14285714285714285
22.5,150,914.537185,0.0,0.0,0.09090909090909091
22.5,150,914.858454,0.0,0.0,0.07692307692307693
22.5,150,915.18297,0.0,0.0,0.058823529411764705
22.5,150,915.434734,0.08333333333333337,0.0,0.08333333333333333
22.1,150,915.744061,0.18181818181818177,0.0,0.18181818181818182
22.1,150,916.33987,0.0,0.0,0.15384615384615385
22.5,150,917.13509,0.0,0.0,0.07692307692307693
22.5,150,918.862989,0.0,0.0,0.1
22.2,150,919.265614,0.07692307692307687,0.0,0.23076923076923078
22.5,150,920.039074,0.0,0.0,0.07692307692307693
22.5,150,920.464396,0.0,0.0,0.16666666666666666
23.5,150,921.145559,0.0,0.0,0.0625
22.5,150,922.024046,0.0,0.0,0.07142857142857142
22.5,150,922.720668,0.0,0.0,0.2
22.5,150,923.070349,0.0,0.0,0.09090909090909091
22.5,150,923.37816,0.0,0.0,0.08333333333333333
22.2,150,923.686728,0.0,0.0,0.375
22.1,150,924.05268,0.0625,0.0,0.125
22.5,150,924.363123,0.06666666666666665,0.0,0.06666666666666667
22.5,150,924.742723,0.06666666666666665,0.0,0.06666666666666667
22.5,150,925.052588,0.0,0.0,0.07142857142857142
22.2,150,926.647338,0.0,0.0,0.23076923076923078
22.5,150,926.97422,0.0,0.0,0.06666666666666667
22.1,150,927.295721,0.0,0.0,0.25
22.5,150,927.608219,0.0,0.0,0.08333333333333333
22.5,150,928.052946,0.0,0.0,0.07692307692307693
22.1,150,928.353142,0.0,0.0,0.05
22.5,150,928.669672,0.0,0.0,0.07692307692307693
22.5,150,929.052072,0.0,0.0,0.08333333333333333
22.5,150,929.401994,0.0,0.0,0.09090909090909091
22.15,150,929.752843,0.11764705882352944,0.0,0.11764705882352941
22.5,150,930.069344,0.06666666666666665,0.0,0.06666666666666667
22.5,150,930.384104,0.07692307692307687,0.0,0.07692307692307693
22.1,150,930.706193,0.0,0.0,0.14285714285714285
22.5,150,931.035965,0.06666666666666665,0.0,0.06666666666666667
22.5,150,932.602236,0.0,0.0,0.0625
22.2,150,932.90822,0.0,0.0,0.1875
23.1,150,933.276406,0.0,0.0,0.1111111111111111
22.5,150,933.57272,0.0,0.0,0.1111111111111111
22.5,150,933.889133,0.0,0.0,0.09090909090909091
22.1,150,934.240225,0.0,0.0,0.25
22.5,150,934.698345,0.06666666666666665,0.0,0.06666666666666667
22.1,150,935.38674,0.06666666666666665,0.0,0.13333333333333333
22.1,150,936.251868,0.0,0.0,0.10526315789473684
22.5,150,936.902373,0.0,0.0,0.07142857142857142
22.5,150,937.384981,0.05882352941176472,0.0,0.058823529411764705
22.5,150,937.78727,0.0,0.0,0.05555555555555555
22.05,150,938.201013,0.0,0.0,0.1
22.5,150,939.729679,0.0,0.0,0.05555555555555555
22.5,150,940.089097,0.0,0.0,0.125
22.5,150,940.38445,0.0,0.0,0.05
22.5,150,940.809251,0.0,0.0,0.16666666666666666
22.1,150,941.132486,0.0,0.0,0.09090909090909091
22.5,150,941.443434,0.0,0.0,0.14285714285714285
22.1,150,941.778958,0.0,0.0,0.125
22.5,150,942.121321,0.0,0.0,0.07692307692307693
23.5,150,942.453452,0.0,0.0,0.09090909090909091
22.5,150,942.867506,0.0,0.0,0.07692307692307693
22.5,150,943.223206,0.0,0.0,0.07692307692307693
22.5,150,943.534128,0.0,0.0,0.07142857142857142
22.1,150,943.960781,0.0,0.0,0.2857142857142857
22.5,150,944.267681,0.125,0.0,0.125
22.5,150,945.933727,0.0,0.0,0.07692307692307693
22.5,150,946.285253,0.09999999999999998,0.0,0.1
22.5,150,946.633611,0.0,0.0,0.06666666666666667
22.5,150,946.976068,0.0,0.0,0.07142857142857142
22.5,150,947.301578,0.0,0.0,0.07142857142857142
23.1,150,947.609468,0.06666666666666665,0.0,0.13333333333333333
22.5,150,947.944753,0.0,0.0,0.1111111111111111
22.5,150,948.271027,0.0,0.0,0.1
22.5,150,948.582876,0.0,0.0,0.07692307692307693
22.5,150,948.883338,0.0,0.0,0.07692307692307693
22.5,150,949.192612,0.0,0.0,0.2
22.5,150,949.549332,0.0,0.0,0.07142857142857142
22.5,150,949.977095,0.07692307692307687,0.0,0.07692307692307693
22.5,150,950.258535,0.0,0.0,0.07692307692307693
22.5,150,951.950016,0.09090909090909094,0.0,0.09090909090909091
22.5,150,952.301081,0.09090909090909094,0.0,0.09090909090909091
23.5,150,952.620224,0.0,0.0,0.07692307692307693
22.5,150,952.93288,0.0,0.0,0.058823529411764705
22.5,150,953.260717,0.0,0.0,0.08333333333333333
22.5,150,953.567704,0.08333333333333337,0.0,0.08333333333333333
22.5,150,953.904101,0.0,0.0,0.047619047619047616
22.5,150,954.273283,0.0,0.0,0.07692307692307693
22.5,150,954.593129,0.0,0.0,0.08333333333333333
22.1,150,954.903147,0.0,0.0,0.15384615384615385
22.5,150,955.215224,0.06666666666666665,0.0,0.06666666666666667
22.5,150,955.532523,0.0,0.0,0.1111111111111111
22.5,150,955.856407,0.0,0.0,0.07692307692307693
22.5,150,957.48216,0.0,0.0,0.058823529411764705
22.5,150,957.882628,0.0,0.0,0.0625
22.5,150,958.301149,0.0,0.0,0.07142857142857142
22.1,150,958.615558,0.0,0.0,0.13333333333333333
22.5,150,958.998947,0.0,0.0,0.0625
22.5,150,959.318496,0.0,0.0,0.09090909090909091
22.1,150,959.625095,0.05882352941176472,0.0,0.11764705882352941
22.5,150,959.990878,0.0714285714285714,0.0,0.07142857142857142
22.5,150,960.289084,0.0,0.0,0.08333333333333333
22.5,150,960.615125,0.0,0.0,0.06666666666666667
22.5,150,960.93201,0.0714285714285714,0.0,0.07142857142857142
23.5,150,961.238947,0.0,0.0,0.09090909090909091
22.5,150,961.57683,0.0,0.0,0.07142857142857142
22.5,150,961.913991,0.09090909090909094,0.0,0.09090909090909091
22.5,150,963.617035,0.0625,0.0,0.0625
22.5,150,964.314032,0.0,0.0,0.1111111111111111
22.5,150,964.881507,0.0,0.0,0.125
22.5,150,965.231006,0.0,0.0,0.07692307692307693
22.5,150,965.552351,0.0,0.0,0.06666666666666667
23.5,150,965.886175,0.0,0.0,0.125
22.5,150,966.188945,0.0,0.0,0.07692307692307693
22.5,150,966.689358,0.0,0.0,0.09090909090909091
22.1,150,967.350461,0.0,0.0,0.11764705882352941
22.5,150,967.767879,0.0,0.0,0.06666666666666667
22.5,150,968.315324,0.0,0.0,0.06666666666666667
22.5,150,968.77222,0.0,0.0,0.09090909090909091
22.5,150,969.13017,0.0,0.0,0.1
22.5,150,969.575536,0.07692307692307687,0.0,0.07692307692307693
22.5,150,971.425692,0.0,0.0,0.07142857142857142
22.5,150,971.797452,0.0,0.0,0.05263157894736842
22.5,150,972.174335,0.0,0.0,0.07692307692307693
22.1,150,972.496976,0.0,0.0,0.25
22.1,150,972.87261,0.05555555555555558,0.0,0.1111111111111111
22.5,150,973.240988,0.0,0.0,0.058823529411764705
22.1,150,973.596979,0.07692307692307687,0.0,0.15384615384615385
22.5,150,973.974939,0.0,0.0,0.1
22.5,150,974.284121,0.0,0.0,0.08333333333333333
22.5,150,974.663549,0.0,0.0,0.08333333333333333
22.5,150,974.996627,0.0,0.0,0.08333333333333333
22.1,150,975.285998,0.0,0.0,0.2222222222222222
22.5,150,975.644005,0.11111111111111116,0.0,0.1111111111111111
22.5,150,977.387073,0.0,0.0,0.1
22.5,150,977.907319,0.0,0.0,0.06666666666666667
22.5,150,978.422189,0.09090909090909094,0.0,0.09090909090909091
22.5,150,978.946554,0.0,0.0,0.0625
22.5,150,979.290946,0.08333333333333337,0.0,0.08333333333333333
22.05,150,979.59742,0.0,0.0,0.0625
22.5,150,979.942047,0.0,0.0,0.1
22.5,150,980.236329,0.0,0.0,0.1
22.5,150,980.529505,0.0,0.0,0.1
22.5,150,980.873294,0.09090909090909094,0.0,0.09090909090909091
23.2,150,981.175643,0.0,0.0,0.18181818181818182
22.5,150,981.512494,0.0,0.0,0.05
22.5,150,981.87902,0.0,0.0,0.08333333333333333
22.5,150,982.20424,0.0,0.0,0.1
22.5,150,983.855982,0.04761904761904767,0.0,0.047619047619047616
22.5,150,984.229186,0.0,0.0,0.08333333333333333
22.5,150,984.590819,0.0,0.0,0.1
22.5,150,984.928805,0.09999999999999998,0.0,0.1
22.1,150,985.26512,0.0,0.0,0.13333333333333333
22.5,150,985.578621,0.0,0.0,0.08333333333333333
22.1,150,985.895228,0.052631578947368474,0.0,0.10526315789473684
22.5,150,986.240149,0.0,0.0,0.08333333333333333
22.2,150,986.566235,0.0,0.0,0.15384615384615385
22.1,150,986.878428,0.050000000000000044,0.0,0.1
22.5,150,987.22036,0.0,0.0,0.07142857142857142
22.5,150,987.54512,0.0,0.0,0.125
22.5,150,987.861665,0.0,0.0,0.07692307692307693
22.1,150,988.18845,0.06666666666666665,0.0,0.13333333333333333
22.1,150,989.834705,0.0,0.0,0.13333333333333333
22.1,150,990.142274,0.0,0.0,0.2
22.5,150,990.444599,0.0,0.0,0.0625
22.5,150,990.761222,0.0,0.0,0.07142857142857142
22.5,150,991.071257,0.0,0.0,0.0625
23.5,150,991.372465,0.0,0.0,0.14285714285714285
22.5,150,991.747016,0.052631578947368474,0.0,0.05263157894736842
22.5,150,992.061135,0.0,0.0,0.0625
23.5,150,992.378019,0.0,0.0,0.08333333333333333
22.1,150,992.696836,0.125,0.0,0.25
22.1,150,993.06111,0.0,0.0,0.11764705882352941
22.5,150,993.394373,0.0,0.0,0.0625
22.5,150,993.711458,0.0,0.0,0.0625
23.5,150,995.514021,0.08333333333333337,0.0,0.08333333333333333
22.5,150,995.976577,0.0,0.0,0.06666666666666667
22.5,150,996.310694,0.0,0.0,0.09090909090909091
22.5,150,996.627058,0.09999999999999998,0.0,0.1
22.5,150,996.988006,0.0,0.0,0.047619047619047616
23.5,150,997.307666,0.0,0.0,0.07142857142857142
22.1,150,997.660505,0.0,0.0,0.15384615384615385
22.5,150,998.001615,0.0,0.0,0.14285714285714285
22.5,150,998.296088,0.0,0.0,0.1
22.1,150,998.626906,0.0,0.0,0.2
22.5,150,998.955125,0.0,0.0,0.08333333333333333
23.5,150,999.252694,0.0,0.0,0.1111111111111111
22.1,150,999.610185,0.0,0.0,0.16666666666666666
22.5,150,999.976814,0.0,0.0,0.07142857142857142
22.5,150,1001.776097,0.0,0.0,0.1
22.5,150,1002.345361,0.0714285714285714,0.0,0.07142857142857142
22.5,150,1002.759596,0.0,0.0,0.125
22.1,150,1003.256332,0.0,0.0,0.14285714285714285
22.5,150,1003.693183,0.08333333333333337,0.0,0.08333333333333333
22.5,150,1004.072584,0.0,0.0,0.07692307692307693
22.5,150,1004.485591,0.0,0.0,0.08333333333333333
22.5,150,1004.945443,0.08333333333333337,0.0,0.08333333333333333
22.5,150,1005.425946,0.0,0.0,0.1
22.5,150,1005.876103,0.0,0.0,0.07692307692307693
22.5,150,1006.431401,0.0,0.0,0.07692307692307693
22.5,150,1006.959409,0.0,0.0,0.08333333333333333
22.5,150,1007.458462,0.0,0.0,0.08333333333333333
22.5,150,1007.814138,0.0,0.0,0.08333333333333333
22.5,150,1009.508876,0.0,0.0,0.08333333333333333
22.5,150,1009.927625,0.0,0.0,0.08333333333333333
22.5,150,1010.329728,0.0,0.0,0.07142857142857142
22.5,150,1010.757966,0.0,0.0,0.05555555555555555
22.5,150,1011.132695,0.0,0.0,0.09090909090909091
22.5,150,1011.525286,0.0,0.0,0.1111111111111111
22.5,150,1011.992076,0.0,0.0,0.05555555555555555
22.5,150,1012.345431,0.0,0.0,0.06666666666666667
22.5,150,1012.675238,0.0,0.0,0.05
22.5,150,1013.026996,0.0,0.0,0.07142857142857142
22.5,150,1013.344463,0.0,0.0,0.07692307692307693
22.5,150,1013.727117,0.0,0.0,0.14285714285714285
22.5,150,1014.075021,0.07692307692307687,0.0,0.07692307692307693
22.1,150,1016.189801,0.0,0.0,0.14285714285714285
22.5,150,1016.708838,0.0,0.0,0.16666666666666666
22.1,150,1017.200903,0.0,0.0,0.2
22.5,150,1017.695533,0.0,0.0,0.07142857142857142
22.5,150,1018.064238,0.0,0.0,0.05263157894736842
22.5,150,1018.563434,0.0,0.0,0.06666666666666667
22.5,150,1019.123575,0.0714285714285714,0.0,0.07142857142857142
22.5,150,1019.56099,0.0,0.0,0.05555555555555555
22.5,150,1019.918232,0.0,0.0,0.07692307692307693
22.5,150,1020.541677,0.0,0.0,0.07692307692307693
22.5,150,1021.290543,0.0,0.0,0.14285714285714285
22.5,150,1021.768512,0.05555555555555558,0.0,0.05555555555555555
22.5,150,1022.243938,0.0,0.0,0.0625
22.5,150,1022.760117,0.0,0.0,0.08333333333333333
22.5,150,1024.675822,0.0,0.0,0.07692307692307693
22.5,150,1025.278824,0.0,0.0,0.1111111111111111
22.5,150,1025.879308,0.0,0.0,0.06666666666666667
22.5,150,1026.258341,0.0,0.0,0.06666666666666667
22.5,150,1026.555939,0.0,0.0,0.06666666666666667
22.5,150,1027.004076,0.0,0.0,0.06666666666666667
22.1,150,1027.276817,0.0,0.0,0.1
22.5,150,1027.605742,0.09999999999999998,0.0,0.1
22.1,150,1027.896739,0.0,0.0,0.06666666666666667
22.5,150,1028.173716,0.0,0.0,0.08333333333333333
22.5,150,1028.447091,0.0,0.0,0.1
22.5,150,1028.772937,0.0714285714285714,0.0,0.07142857142857142
22.5,150,1029.020724,0.05555555555555558,0.0,0.05555555555555555
22.5,150,1030.202435,0.0,0.0,0.06666666666666667
22.5,150,1030.505811,0.0,0.0,0.09090909090909091
22.5,150,1031.206944,0.0,0.0,0.06666666666666667
22.5,150,1031.589132,0.0,0.0,0.058823529411764705
22.5,150,1031.907298,0.0,0.0,0.08333333333333333
22.5,150,1032.30924,0.0,0.0,0.07692307692307693
22.5,150,1032.691632,0.0,0.0,0.07692307692307693
22.5,150,1033.15772,0.0,0.0,0.07692307692307693
22.5,150,1033.513472,0.0,0.0,0.1
22.5,150,1033.908882,0.0,0.0,0.0625
22.5,150,1034.266217,0.052631578947368474,0.0,0.05263157894736842
22.5,150,1034.556535,0.0,0.0,0.07142857142857142
22.1,150,1034.98006,0.0,0.0,0.11764705882352941
22.5,150,1035.241746,0.0,0.0,0.09090909090909091
22.5,150,1036.265252,0.0,0.0,0.08333333333333333
22.5,150,1036.665175,0.0,0.0,0.08333333333333333
22.5,150,1037.391421,0.0,0.0,0.08333333333333333
22.5,150,1037.90761,0.0,0.0,0.07692307692307693
22.5,150,1038.344354,0.0,0.0,0.0625
22.5,150,1038.658086,0.0,0.0,0.14285714285714285
22.5,150,1039.087909,0.0,0.0,0.16666666666666666
22.5,150,1039.460147,0.0,0.0,0.07692307692307693
22.5,150,1039.889565,0.0,0.0,0.1
22.5,150,1040.373437,0.0,0.0,0.09090909090909091
22.1,150,1040.962606,0.052631578947368474,0.0,0.10526315789473684
22.5,150,1041.555885,0.0,0.0,0.07692307692307693
22.5,150,1042.213337,0.0,0.0,0.05263157894736842
22.5,150,1042.492837,0.0,0.0,0.041666666666666664
22.5,150,1043.984992,0.0,0.0,0.0625
22.5,150,1044.45156,0.0,0.0,0.09090909090909091
22.5,150,1044.9268,0.0,0.0,0.058823529411764705
22.5,150,1045.234296,0.0,0.0,0.08333333333333333
22.5,150,1045.539377,0.0,0.0,0.08333333333333333
22.5,150,1045.740687,0.0,0.0,0.06666666666666667
22.5,150,1046.004048,0.0,0.0,0.09090909090909091
22.5,150,1046.268359,0.0,0.0,0.06666666666666667
22.5,150,1046.470378,0.0,0.0,0.09090909090909091
22.5,150,1046.721801,0.0,0.0,0.07142857142857142
22.5,150,1047.220266,0.11111111111111116,0.0,0.1111111111111111
22.5,150,1047.640683,0.0,0.0,0.1111111111111111
22.1,150,1048.35444,0.0,0.0,0.10526315789473684
22.5,150,1049.788092,0.0,0.0,0.07142857142857142
22.5,150,1050.190089,0.0,0.0,0.07692307692307693
22.5,150,1050.734408,0.0,0.0,0.08333333333333333
22.5,150,1051.019929,0.0,0.0,0.16666666666666666
22.5,150,1051.272086,0.05555555555555558,0.0,0.05555555555555555
22.5,150,1051.519854,0.0,0.0,0.07142857142857142
22.5,150,1051.76962,0.0,0.0,0.14285714285714285
22.5,150,1051.989556,0.0,0.0,0.06666666666666667
22.5,150,1052.386828,0.0,0.0,0.058823529411764705
22.5,150,1052.784772,0.07692307692307687,0.0,0.07692307692307693
22.5,150,1053.289963,0.0,0.0,0.09090909090909091
22.5,150,1053.792333,0.0625,0.0,0.0625
22.5,150,1054.331295,0.125,0.0,0.125
22.5,150,1054.839617,0.0,0.0,0.14285714285714285
22.5,150,1056.505301,0.0625,0.0,0.0625
22.5,150,1057.026981,0.0,0.0,0.07692307692307693
22.5,150,1057.493268,0.06666666666666665,0.0,0.06666666666666667
22.5,150,1057.788145,0.0,0.0,0.1
22.5,150,1058.124449,0.0,0.0,0.08333333333333333
22.5,150,1058.467991,0.0,0.0,0.1111111111111111
22.5,150,1058.795328,0.0,0.0,0.1
23.5,150,1059.189861,0.0,0.0,0.1
22.5,150,1059.634624,0.0,0.0,0.14285714285714285
22.5,150,1060.508646,0.0,0.0,0.09090909090909091
22.5,150,1061.296624,0.0,0.0,0.09090909090909091
22.5,150,1061.617851,0.0,0.0,0.08333333333333333
22.5,150,1061.925868,0.0,0.0,0.05
22.5,150,1062.254143,0.07692307692307687,0.0,0.07692307692307693
22.5,150,1064.185022,0.0,0.0,0.1
22.5,150,1064.808737,0.05882352941176472,0.0,0.058823529411764705
22.1,150,1065.176383,0.0,0.0,0.2
22.5,150,1065.500482,0.0,0.0,0.05
22.5,150,1065.856387,0.0,0.0,0.09090909090909091
22.5,150,1066.217912,0.0,0.0,0.1
22.5,150,1066.517323,0.0,0.0,0.08333333333333333
22.5,150,1066.801353,0.0,0.0,0.09090909090909091
22.5,150,1067.19458,0.09999999999999998,0.0,0.1
22.5,150,1067.505488,0.0,0.0,0.058823529411764705
22.5,150,1067.7748,0.06666666666666665,0.0,0.06666666666666667
22.5,150,1068.092336,0.0,0.0,0.05555555555555555
22.5,150,1068.384467,0.11111111111111116,0.0,0.1111111111111111
22.5,150,1069.593897,0.0,0.0,0.058823529411764705
22.5,150,1070.070973,0.052631578947368474,0.0,0.05263157894736842
22.5,150,1070.552828,0.0,0.0,0.16666666666666666
22.5,150,1071.168582,0.0,0.0,0.125
22.5,150,1071.591233,0.0,0.0,0.08333333333333333
22.5,150,1072.037809,0.0625,0.0,0.0625
22.5,150,1072.428985,0.0,0.0,0.07692307692307693
22.5,150,1072.750599,0.0,0.0,0.07692307692307693
22.5,150,1073.191152,0.0,0.0,0.058823529411764705
22.5,150,1073.536134,0.0,0.0,0.07142857142857142
22.5,150,1073.970092,0.0,0.0,0.07142857142857142
22.5,150,1074.338003,0.0,0.0,0.08333333333333333
22.5,150,1074.781755,0.0,0.0,0.058823529411764705
22.5,150,1075.116444,0.0,0.0,0.1111111111111111
22.1,150,1076.992272,0.0,0.0,0.16666666666666666
22.5,150,1077.517588,0.0,0.0,0.1
22.5,150,1077.936482,0.0,0.0,0.0625
23.5,150,1078.280025,0.0,0.0,0.05263157894736842
22.5,150,1078.652704,0.0,0.0,0.1
22.1,150,1078.974245,0.0,0.0,0.18181818181818182
22.5,150,1079.264825,0.0,0.0,0.09090909090909091
22.5,150,1079.604035,0.08333333333333337,0.0,0.08333333333333333
22.5,150,1080.076817,0.0,0.0,0.1
22.5,150,1080.518576,0.0,0.0,0.08333333333333333
22.5,150,1080.950777,0.0,0.0,0.1
22.5,150,1081.265437,0.0,0.0,0.0625
22.5,150,1081.717998,0.0,0.0,0.07142857142857142
22.5,150,1082.106085,0.0,0.0,0.07142857142857142
22.5,150,1083.57812,0.0,0.0,0.14285714285714285
22.1,150,1084.176539,0.0,0.0,0.2
23.1,150,1084.915065,0.0,0.0,0.4
22.5,150,1085.488747,0.09090909090909094,0.0,0.09090909090909091
22.5,150,1085.801561,0.0,0.0,0.07142857142857142
22.5,150,1086.272978,0.0,0.0,0.09090909090909091
22.1,150,1086.619824,0.0,0.0,0.25
22.5,150,1087.047328,0.0,0.0,0.1
22.5,150,1087.483716,0.0,0.0,0.1111111111111111
22.5,150,1087.872542,0.0,0.0,0.058823529411764705
22.5,150,1088.2579,0.0,0.0,0.06666666666666667
22.5,150,1088.642867,0.08333333333333337,0.0,0.08333333333333333
22.1,150,1089.059249,0.07692307692307687,0.0,0.15384615384615385
22.5,150,1090.604276,0.0,0.0,0.125
22.5,150,1090.85577,0.0,0.0,0.07142857142857142
22.5,150,1091.308124,0.0,0.0,0.08333333333333333
22.5,150,1091.841516,0.0,0.0,0.09090909090909091
22.5,150,1092.521074,0.0714285714285714,0.0,0.07142857142857142
22.5,150,1093.012427,0.0,0.0,0.0625
22.5,150,1093.464883,0.0,0.0,0.06666666666666667
22.5,150,1093.978946,0.0,0.0,0.08333333333333333
22.5,150,1094.627478,0.0714285714285714,0.0,0.07142857142857142
22.5,150,1095.106811,0.0,0.0,0.16666666666666666
22.5,150,1095.389139,0.04166666666666663,0.0,0.041666666666666664
22.5,150,1095.679943,0.0,0.0,0.09090909090909091
22.5,150,1096.020736,0.052631578947368474,0.0,0.05263157894736842
22.5,150,1096.332101,0.0,0.0,0.1111111111111111
22.5,150,1097.711901,0.07692307692307687,0.0,0.07692307692307693
23.5,150,1098.305241,0.0,0.0,0.1111111111111111
22.5,150,1099.097774,0.0,0.0,0.1111111111111111
22.5,150,1099.769643,0.0625,0.0,0.0625
23.5,150,1100.426654,0.0,0.0,0.0625
22.5,150,1100.890803,0.0,0.0,0.1111111111111111
22.5,150,1101.548034,0.0,0.0,0.07142857142857142
22.5,150,1101.896142,0.0,0.0,0.05555555555555555
22.5,150,1102.258955,0.11111111111111116,0.0,0.1111111111111111
22.5,150,1102.796215,0.0,0.0,0.07692307692307693
22.5,150,1103.569963,0.0,0.0,0.08333333333333333
22.5,150,1103.961055,0.0,0.0,0.1111111111111111
22.5,150,1104.434299,0.08333333333333337,0.0,0.08333333333333333
22.5,150,1104.959488,0.0,0.0,0.09090909090909091
22.5,150,1106.245442,0.0,0.0,0.06666666666666667
22.5,150,1106.759349,0.0,0.0,0.09090909090909091
22.5,150,1107.035817,0.05882352941176472,0.0,0.058823529411764705
22.5,150,1107.381863,0.0,0.0,0.05
22.5,150,1107.890253,0.0,0.0,0.2
22.5,150,1108.434761,0.0,0.0,0.0625
22.5,150,1109.129591,0.0,0.0,0.1111111111111111
22.5,150,1109.507384,0.0,0.0,0.07692307692307693
22.5,150,1109.847048,0.08333333333333337,0.0,0.08333333333333333
22.5,150,1110.186889,0.0,0.0,0.1
22.1,150,1110.496964,0.0,0.0,0.1111111111111111
22.5,150,1110.829206,0.0,0.0,0.09090909090909091
22.5,150,1111.159103,0.125,0.0,0.125
22.5,150,1112.495152,0.0,0.0,0.0625
22.5,150,1112.902355,0.0,0.0,0.09090909090909091
22.5,150,1113.430786,0.0,0.0,0.07692307692307693
22.5,150,1113.983284,0.0,0.0,0.08333333333333333
22.5,150,1114.660055,0.0,0.0,0.2
22.1,150,1115.469399,0.0,0.0,0.2
22.1,150,1116.293706,0.0,0.0,0.2
22.1,150,1117.030968,0.0,0.0,0.16666666666666666
22.1,150,1117.414866,0.0714285714285714,0.0,0.14285714285714285
22.5,150,1117.740788,0.0,0.0,0.08333333333333333
22.5,150,1118.061246,0.0,0.0,0.09090909090909091
22.5,150,1118.398289,0.0,0.0,0.0625
22.5,150,1118.883749,0.09999999999999998,0.0,0.1
22.5,150,1119.513851,0.0,0.0,0.1
22.1,150,1120.82886,0.08333333333333337,0.0,0.16666666666666666
22.05,150,1121.066944,0.0,0.0,0.08333333333333333
22.5,150,1121.361076,0.05882352941176472,0.0,0.058823529411764705
22.5,150,1121.660143,0.0,0.0,0.07692307692307693
22.5,150,1122.025557,0.0,0.0,0.06666666666666667
22.5,150,1122.375799,0.0625,0.0,0.0625
22.5,150,1122.822002,0.0,0.0,0.09090909090909091
22.15,150,1123.369628,0.0,0.0,0.2
23.1,150,1124.018159,0.0,0.0,0.16666666666666666
22.5,150,1124.602736,0.0,0.0,0.05263157894736842
23.5,150,1125.177507,0.11111111111111116,0.0,0.1111111111111111
22.5,150,1125.666813,0.0,0.0,0.06666666666666667
22.1,150,1126.043049,0.0,0.0,0.2
22.1,150,1126.342883,0.0,0.0,0.2
22.5,150,1127.614527,0.0,0.0,0.058823529411764705
22.1,150,1128.09401,0.0,0.0,0.125
22.5,150,1128.598969,0.0,0.0,0.06666666666666667
22.2,150,1128.959363,0.0,0.0,0.23076923076923078
22.1,150,1129.294191,0.11111111111111116,0.0,0.2222222222222222
22.5,150,1129.644775,0.09090909090909094,0.0,0.09090909090909091
22.5,150,1130.086119,0.0,0.0,0.0625
22.5,150,1130.398587,0.0,0.0,0.07692307692307693
22.5,150,1130.708196,0.0,0.0,0.07142857142857142
22.5,150,1131.114351,0.0,0.0,0.16666666666666666
22.05,150,1131.466139,0.0,0.0,0.06666666666666667
22.1,150,1131.81882,0.0,0.0,0.18181818181818182
22.5,150,1132.168719,0.0,0.0,0.07692307692307693
22.5,150,1133.605039,0.0,0.0,0.09090909090909091
22.5,150,1133.931172,0.0,0.0,0.0625
22.5,150,1134.424618,0.0,0.0,0.1111111111111111
22.5,150,1135.084168,0.0,0.0,0.07692307692307693
22.5,150,1135.454376,0.0,0.0,0.07142857142857142
22.5,150,1135.809811,0.0,0.0,0.07692307692307693
22.5,150,1136.184975,0.0,0.0,0.07142857142857142
22.1,150,1136.594563,0.0,0.0,0.2
23.5,150,1136.942052,0.0,0.0,0.06666666666666667
22.5,150,1137.237951,0.0,0.0,0.1111111111111111
22.5,150,1137.606364,0.08333333333333337,0.0,0.08333333333333333
22.5,150,1137.938605,0.05555555555555558,0.0,0.05555555555555555
22.5,150,1138.389222,0.0,0.0,0.0625
22.5,150,1138.765046,0.0,0.0,0.08333333333333333
22.5,150,1140.205435,0.0,0.0,0.07142857142857142
22.5,150,1140.613897,0.0,0.0,0.1
22.5,150,1141.09506,0.0,0.0,0.06666666666666667
22.5,150,1141.478889,0.0,0.0,0.06666666666666667
22.5,150,1142.24191,0.0,0.0,0.058823529411764705
22.5,150,1142.632143,0.0,0.0,0.06666666666666667
22.5,150,1142.941653,0.0,0.0,0.14285714285714285
22.5,150,1143.263881,0.0,0.0,0.1111111111111111
22.5,150,1143.707081,0.0,0.0,0.08333333333333333
22.5,150,1144.244276,0.0,0.0,0.16666666666666666
22.5,150,1144.764603,0.0,0.0,0.08333333333333333
22.5,150,1145.195172,0.06666666666666665,0.0,0.06666666666666667
22.5,150,1145.852513,0.0,0.0,0.1
22.5,150,1146.27758,0.0,0.0,0.06666666666666667
22.1,150,1147.498417,0.07692307692307687,0.0,0.15384615384615385
22.1,150,1148.008652,0.0,0.0,0.2222222222222222
22.5,150,1148.33566,0.0625,0.0,0.0625
22.5,150,1148.71038,0.0,0.0,0.07692307692307693
22.1,150,1149.076532,0.0,0.0,0.1
22.5,150,1149.514366,0.0,0.0,0.08333333333333333
22.5,150,1149.914739,0.0,0.0,0.07692307692307693
22.5,150,1150.477391,0.0,0.0,0.0625
22.2,150,1151.179285,0.0,0.0,0.21428571428571427
22.5,150,1151.808166,0.09090909090909094,0.0,0.09090909090909091
22.1,150,1152.344369,0.0,0.0,0.1111111111111111
22.5,150,1152.87964,0.0,0.0,0.06666666666666667
22.5,150,1153.229125,0.0,0.0,0.06666666666666667
22.5,150,1154.709324,0.0,0.0,0.0625
22.5,150,1155.023787,0.0,0.0,0.06666666666666667
22.1,150,1155.5401,0.0625,0.0,0.125
22.1,150,1156.090327,0.0,0.0,0.2
22.1,150,1156.742477,0.0,0.0,0.13333333333333333
23.2,150,1157.337799,0.0,0.0,0.3333333333333333
22.1,150,1157.907436,0.0,0.0,0.2222222222222222
22.5,150,1158.865449,0.0,0.0,0.08333333333333333
22.1,150,1159.328176,0.0,0.0,0.15384615384615385
22.5,150,1160.05144,0.0,0.0,0.14285714285714285
22.2,150,1160.696093,0.08333333333333337,0.0,0.16666666666666666
22.5,150,1161.314533,0.0,0.0,0.08333333333333333
22.5,150,1161.812567,0.07692307692307687,0.0,0.07692307692307693
22.2,150,1162.153512,0.0,0.0,0.3
22.1,150,1163.471513,0.07692307692307687,0.0,0.15384615384615385
22.5,150,1163.954355,0.0,0.0,0.07692307692307693
22.1,150,1164.344758,0.0,0.0,0.18181818181818182
22.5,150,1164.607862,0.0,0.0,0.16666666666666666
22.05,150,1164.903092,0.0,0.0,0.1
22.5,150,1165.211997,0.0,0.0,0.1
22.5,150,1165.494307,0.0,0.0,0.07692307692307693
22.1,150,1165.785993,0.0,0.0,0.25
22.1,150,1166.095814,0.0,0.0,0.15384615384615385
22.5,150,1166.59452,0.09999999999999998,0.0,0.1
22.5,150,1167.302059,0.0,0.0,0.0625
22.5,150,1167.660193,0.0,0.0,0.09090909090909091
22.5,150,1168.158727,0.0,0.0,0.08333333333333333
22.5,150,1168.457512,0.0,0.0,0.14285714285714285
22.5,150,1169.519319,0.0,0.0,0.08333333333333333
22.2,150,1169.778465,0.05882352941176472,0.0,0.17647058823529413
22.5,150,1170.193993,0.0,0.0,0.05555555555555555
22.5,150,1170.6212,0.0,0.0,0.0625
22.1,150,1170.954487,0.0,0.0,0.125
22.1,150,1171.240864,0.0,0.0,0.25
22.5,150,1171.554968,0.0,0.0,0.1111111111111111
22.5,150,1171.940064,0.0,0.0,0.1111111111111111
22.2,150,1172.31462,0.0,0.0,0.21428571428571427
22.2,150,1172.684119,0.0,0.0,0.07692307692307693
22.1,150,1173.257252,0.0,0.0,0.125
22.1,150,1173.791202,0.0,0.0,0.13333333333333333
22.5,150,1174.515762,0.06666666666666665,0.0,0.06666666666666667
22.5,150,1175.843591,0.05555555555555558,0.0,0.05555555555555555
22.2,150,1176.203933,0.0,0.0,0.3333333333333333
22.1,150,1176.45359,0.0,0.0,0.2
22.5,150,1176.760695,0.0,0.0,0.0625
22.5,150,1177.109205,0.0,0.0,0.16666666666666666
22.5,150,1177.343302,0.0,0.0,0.07142857142857142
22.5,150,1177.740371,0.0625,0.0,0.0625
22.5,150,1178.174982,0.0714285714285714,0.0,0.07142857142857142
23.5,150,1178.877485,0.0,0.0,0.09090909090909091
22.5,150,1179.369296,0.0,0.0,0.1
22.5,150,1179.693185,0.0625,0.0,0.0625
22.5,150,1180.039687,0.0,0.0,0.09090909090909091
22.2,150,1180.449587,0.0,0.0,0.2
22.5,150,1180.859864,0.0,0.0,0.07142857142857142
22.5,150,1182.173903,0.08333333333333337,0.0,0.08333333333333333
22.1,150,1182.486218,0.0,0.0,0.125
22.1,150,1182.832696,0.0,0.0,0.15384615384615385
22.5,150,1183.276821,0.0,0.0,0.06666666666666667
23.5,150,1183.661925,0.07692307692307687,0.0,0.07692307692307693
22.5,150,1184.110384,0.0,0.0,0.14285714285714285
22.5,150,1184.470451,0.0,0.0,0.1111111111111111
22.5,150,1184.907397,0.0,0.0,0.1111111111111111
22.5,150,1185.27898,0.0,0.0,0.1111111111111111
22.1,150,1185.638432,0.0,0.0,0.14285714285714285
22.1,150,1186.05836,0.0,0.0,0.2
22.5,150,1186.463845,0.0,0.0,0.08333333333333333
22.1,150,1186.793466,0.125,0.0,0.25
22.5,150,1188.060076,0.0,0.0,0.07692307692307693
22.5,150,1188.360482,0.0,0.0,0.125
22.1,150,1188.885502,0.06666666666666665,0.0,0.13333333333333333
22.1,150,1189.454265,0.0,0.0,0.18181818181818182
22.5,150,1189.886237,0.0714285714285714,0.0,0.07142857142857142
22.1,150,1190.264074,0.0,0.0,0.15384615384615385
22.5,150,1190.676764,0.0,0.0,0.1111111111111111
22.1,150,1191.026217,0.07692307692307687,0.0,0.15384615384615385
23.1,150,1191.35732,0.0,0.0,0.18181818181818182
22.5,150,1191.692073,0.0,0.0,0.07142857142857142
23.1,150,1192.080734,0.0,0.0,0.18181818181818182
22.5,150,1192.555748,0.04347826086956519,0.0,0.043478260869565216
22.5,150,1192.918227,0.0,0.0,0.07692307692307693
22.1,150,1193.335974,0.0,0.0,0.125
22.5,150,1194.893049,0.0,0.0,0.06666666666666667
22.2,150,1195.252548,0.0,0.0,0.21428571428571427
22.1,150,1195.586214,0.0,0.0,0.16666666666666666
22.1,150,1196.003098,0.0,0.0,0.18181818181818182
22.2,150,1196.308133,0.07692307692307687,0.0,0.15384615384615385
22.1,150,1196.665407,0.0,0.0,0.15384615384615385
22.5,150,1197.015838,0.0,0.0,0.07692307692307693
22.5,150,1197.2924,0.0,0.0,0.05555555555555555
22.1,150,1197.635118,0.0714285714285714,0.0,0.14285714285714285
22.1,150,1197.958093,0.0,0.0,0.2
22.5,150,1198.386413,0.0,0.0,0.07692307692307693
22.5,150,1198.785704,0.0625,0.0,0.0625
22.5,150,1199.165354,0.0,0.0,0.07692307692307693
22.5,150,1199.671724,0.0,0.0,0.07692307692307693
22.1,150,1201.090476,0.07692307692307687,0.0,0.15384615384615385
22.5,150,1201.417549,0.0,0.0,0.07692307692307693
22.5,150,1201.901273,0.0,0.0,0.1
22.1,150,1202.627621,0.07692307692307687,0.0,0.15384615384615385
22.5,150,1203.210184,0.0,0.0,0.07692307692307693
22.5,150,1203.552688,0.0,0.0,0.07142857142857142
22.5,150,1203.932676,0.0,0.0,0.1111111111111111
22.5,150,1204.24997,0.0,0.0,0.14285714285714285
23.1,150,1204.657557,0.0,0.0,0.16666666666666666
21.8,150,1205.339041,0.07692307692307687,0.0,0.23076923076923078
22.5,150,1205.773406,0.0,0.0,0.1
22.1,150,1206.096607,0.0,0.0,0.14285714285714285
22.5,150,1206.453107,0.0,0.0,0.1
22.1,150,1207.992129,0.0,0.0,0.2222222222222222
22.5,150,1208.282516,0.0,0.0,0.08333333333333333
22.5,150,1209.149109,0.0,0.0,0.06666666666666667
22.5,150,1209.67293,0.0,0.0,0.06666666666666667
22.5,150,1210.108496,0.05882352941176472,0.0,0.058823529411764705
22.5,150,1210.674192,0.0,0.0,0.1
22.5,150,1211.554567,0.0,0.0,0.07692307692307693
23.1,150,1212.175019,0.0,0.0,0.11764705882352941
23.5,150,1212.716159,0.0,0.0,0.0625
22.5,150,1213.068605,0.0,0.0,0.08333333333333333
22.5,150,1213.455323,0.0,0.0,0.09090909090909091
22.5,150,1213.864019,0.0,0.0,0.058823529411764705
22.1,150,1214.233094,0.06666666666666665,0.0,0.13333333333333333
22.5,150,1214.66203,0.0,0.0,0.16666666666666666
22.5,150,1216.041893,0.0,0.0,0.1111111111111111
22.5,150,1216.433141,0.11111111111111116,0.0,0.1111111111111111
22.1,150,1216.94678,0.0,0.0,0.2222222222222222
22.1,150,1217.550696,0.0,0.0,0.1111111111111111
22.5,150,1218.33412,0.0,0.0,0.07142857142857142
22.1,150,1219.239256,0.0,0.0,0.14285714285714285
22.5,150,1219.85482,0.0,0.0,0.06666666666666667
22.5,150,1220.218736,0.0,0.0,0.09090909090909091
22.1,150,1220.490201,0.0,0.0,0.14285714285714285
22.5,150,1220.838993,0.0,0.0,0.09090909090909091
22.2,150,1221.18072,0.09090909090909094,0.0,0.2727272727272727
22.5,150,1221.557766,0.0,0.0,0.06666666666666667
22.5,150,1221.915442,0.09090909090909094,0.0,0.09090909090909091
22.5,150,1222.303282,0.0,0.0,0.08333333333333333
22.5,150,1223.761479,0.0,0.0,0.1
22.1,150,1224.608342,0.11111111111111116,0.0,0.2222222222222222
22.5,150,1225.260839,0.0,0.0,0.1
22.1,150,1225.574854,0.0,0.0,0.2222222222222222
22.5,150,1225.883634,0.05555555555555558,0.0,0.05555555555555555
22.1,150,1226.213278,0.0,0.0,0.13333333333333333
22.5,150,1226.529591,0.0,0.0,0.058823529411764705
22.5,150,1226.937278,0.0,0.0,0.07142857142857142
22.5,150,1227.251241,0.0,0.0,0.07692307692307693
22.1,150,1227.590182,0.0,0.0,0.1111111111111111
22.5,150,1227.943075,0.0,0.0,0.07692307692307693
22.5,150,1228.366724,0.0,0.0,0.1111111111111111
22.5,150,1229.213096,0.09090909090909094,0.0,0.09090909090909091
22.2,150,1230.774243,0.0,0.0,0.15384615384615385
22.5,150,1231.065605,0.0,0.0,0.08333333333333333
22.5,150,1231.447473,0.0,0.0,0.06666666666666667
22.5,150,1231.775163,0.09090909090909094,0.0,0.09090909090909091
22.5,150,1232.115666,0.0,0.0,0.06666666666666667
22.5,150,1232.426476,0.09090909090909094,0.0,0.09090909090909091
22.5,150,1232.96722,0.0,0.0,0.125
22.5,150,1233.495311,0.0,0.0,0.06666666666666667
22.5,150,1234.218605,0.0,0.0,0.06666666666666667
22.5,150,1234.868148,0.0,0.0,0.07692307692307693
22.5,150,1235.261973,0.06666666666666665,0.0,0.06666666666666667
22.2,150,1235.629318,0.0,0.0,0.15789473684210525
22.5,150,1236.141409,0.0,0.0,0.0625
22.5,150,1236.712603,0.0714285714285714,0.0,0.07142857142857142
22.5,150,1238.248259,0.0,0.0,0.125
23.2,150,1238.676433,0.0625,0.0,0.125
22.5,150,1239.060538,0.0,0.0,0.07692307692307693
22.5,150,1239.545631,0.0,0.0,0.09090909090909091
22.05,150,1239.868724,0.0,0.0,0.08333333333333333
22.2,150,1240.200327,0.0,0.0,0.18181818181818182
22.5,150,1240.525799,0.0,0.0,0.07142857142857142
22.5,150,1240.845722,0.0,0.0,0.07692307692307693
23.5,150,1241.202036,0.0,0.0,0.07692307692307693
22.1,150,1241.529048,0.09999999999999998,0.0,0.2
22.5,150,1241.869623,0.0,0.0,0.07692307692307693
22.5,150,1242.179307,0.08333333333333337,0.0,0.08333333333333333
22.5,150,1242.477671,0.0,0.0,0.0625
22.1,150,1242.836275,0.0,0.0,0.16666666666666666
22.5,150,1244.37334,0.0,0.0,0.1
22.2,150,1245.015125,0.0,0.0,0.3
22.1,150,1245.530973,0.0,0.0,0.14285714285714285
22.2,150,1245.89308,0.0714285714285714,0.0,0.21428571428571427
22.5,150,1246.210529,0.0714285714285714,0.0,0.07142857142857142
22.2,150,1246.514717,0.0,0.0,0.3333333333333333
22.5,150,1246.789001,0.052631578947368474,0.0,0.05263157894736842
22.1,150,1247.089959,0.0,0.0,0.13333333333333333
22.5,150,1247.360128,0.0,0.0,0.08333333333333333
22.5,150,1247.675102,0.0,0.0,0.14285714285714285
23.1,150,1247.98674,0.0,0.0,0.16666666666666666
23.5,150,1248.271441,0.0,0.0,0.07142857142857142
22.5,150,1248.700412,0.0,0.0,0.09090909090909091
22.5,150,1250.078825,0.0,0.0,0.0625
22.5,150,1250.47719,0.0,0.0,0.1
22.1,150,1251.076936,0.0,0.0,0.07692307692307693
22.1,150,1251.797849,0.0,0.0,0.1111111111111111
22.5,150,1252.115793,0.0,0.0,0.058823529411764705
22.5,150,1252.379789,0.0,0.0,0.1111111111111111
22.5,150,1252.719671,0.0,0.0,0.06666666666666667
22.5,150,1253.162933,0.0,0.0,0.07142857142857142
22.5,150,1253.508621,0.0,0.0,0.1
22.5,150,1253.879541,0.0,0.0,0.09090909090909091
22.1,150,1254.232246,0.0,0.0,0.2857142857142857
22.5,150,1254.600195,0.0,0.0,0.07142857142857142
22.5,150,1255.029027,0.07692307692307687,0.0,0.07692307692307693
22.1,150,1255.571788,0.0,0.0,0.125
23.5,150,1256.92987,0.0625,0.0,0.0625
22.5,150,1257.239777,0.0,0.0,0.07142857142857142
22.1,150,1257.635708,0.0,0.0,0.15384615384615385
22.2,150,1258.026589,0.1428571428571429,0.0,0.21428571428571427
22.5,150,1258.419272,0.0,0.0,0.08333333333333333
22.5,150,1258.973035,0.0,0.0,0.06666666666666667
22.1,150,1259.417218,0.0,0.0,0.16666666666666666
22.5,150,1259.748579,0.0,0.0,0.08333333333333333
22.1,150,1260.124531,0.0,0.0,0.4
22.1,150,1260.717427,0.0625,0.0,0.125
22.5,150,1261.163458,0.09999999999999998,0.0,0.1
22.1,150,1261.565439,0.0625,0.0,0.125
22.5,150,1261.968587,0.0714285714285714,0.0,0.07142857142857142
22.5,150,1262.716336,0.0,0.0,0.07692307692307693
23.5,150,1264.226305,0.0,0.0,0.06666666666666667
22.5,150,1264.878571,0.0,0.0,0.2
22.5,150,1265.435832,0.0,0.0,0.06666666666666667
23.5,150,1265.911048,0.0,0.0,0.07692307692307693
22.5,150,1266.358357,0.0,0.0,0.1
22.2,150,1267.170565,0.09090909090909094,0.0,0.2727272727272727
22.5,150,1267.831247,0.0,0.0,0.1
22.5,150,1268.173777,0.0,0.0,0.0625
22.1,150,1268.490476,0.11764705882352944,0.0,0.11764705882352941
22.5,150,1268.917036,0.06666666666666665,0.0,0.06666666666666667
22.5,150,1269.294373,0.08333333333333337,0.0,0.08333333333333333
22.5,150,1269.699148,0.0,0.0,0.0625
22.5,150,1270.210318,0.0,0.0,0.1
22.5,150,1271.715842,0.0,0.0,0.1
22.5,150,1272.159161,0.0,0.0,0.1111111111111111
22.1,150,1272.518657,0.07692307692307687,0.0,0.15384615384615385
22.5,150,1272.904498,0.0,0.0,0.1111111111111111
22.5,150,1273.280699,0.0625,0.0,0.0625
22.5,150,1273.663532,0.0,0.0,0.16666666666666666
22.5,150,1274.407695,0.0,0.0,0.16666666666666666
22.5,150,1275.213815,0.0,0.0,0.08333333333333333
22.5,150,1275.995208,0.0,0.0,0.07692307692307693
22.1,150,1276.665713,0.0,0.0,0.10526315789473684
22.1,150,1277.109639,0.06666666666666665,0.0,0.13333333333333333
22.5,150,1277.702739,0.05882352941176472,0.0,0.058823529411764705
22.5,150,1278.117533,0.0,0.0,0.06666666666666667
22.5,150,1278.606934,0.0,0.0,0.0625
22.5,150,1279.977501,0.0,0.0,0.1111111111111111
22.1,150,1280.264375,0.0,0.0,0.125
22.5,150,1280.569381,0.0,0.0,0.1
22.5,150,1281.058915,0.09999999999999998,0.0,0.1
22.1,150,1281.546908,0.08333333333333337,0.0,0.16666666666666666
22.5,150,1282.010867,0.0,0.0,0.09090909090909091
22.5,150,1282.426391,0.0,0.0,0.08333333333333333
22.5,150,1282.884747,0.0,0.0,0.14285714285714285
23.5,150,1283.475081,0.0,0.0,0.06666666666666667
22.5,150,1284.043853,0.0,0.0,0.05555555555555555
22.5,150,1284.51059,0.0,0.0,0.0625
22.1,150,1284.939031,0.0,0.0,0.15384615384615385
22.1,150,1285.72668,0.05882352941176472,0.0,0.11764705882352941
22.5,150,1286.536409,0.0,0.0,0.1111111111111111
22.5,150,1288.10996,0.09090909090909094,0.0,0.09090909090909091
22.5,150,1288.846763,0.0,0.0,0.1
22.5,150,1289.593806,0.0,0.0,0.07692307692307693
22.5,150,1290.379897,0.0,0.0,0.1111111111111111
22.1,150,1290.812479,0.0,0.0,0.16666666666666666
22.5,150,1291.137933,0.0,0.0,0.09090909090909091
22.1,150,1291.457503,0.0,0.0,0.15384615384615385
22.5,150,1291.794802,0.0,0.0,0.06666666666666667
22.5,150,1292.018162,0.0,0.0,0.08333333333333333
22.5,150,1292.228659,0.0,0.0,0.07142857142857142
22.5,150,1292.693207,0.0,0.0,0.1111111111111111
22.5,150,1293.079243,0.0,0.0,0.07142857142857142
22.5,150,1293.741043,0.0,0.0,0.1
22.5,150,1295.001236,0.0,0.0,0.08333333333333333
22.5,150,1295.42991,0.0,0.0,0.0625
22.5,150,1295.914954,0.0,0.0,0.08333333333333333
22.1,150,1296.159184,0.0,0.0,0.13333333333333333
22.5,150,1296.339662,0.0,0.0,0.058823529411764705
22.5,150,1296.721357,0.0,0.0,0.06666666666666667
22.5,150,1296.987536,0.0,0.0,0.14285714285714285
22.5,150,1297.306726,0.0,0.0,0.06666666666666667
22.5,150,1297.622324,0.09999999999999998,0.0,0.1
22.5,150,1297.908637,0.0,0.0,0.1111111111111111
22.5,150,1298.239487,0.0,0.0,0.07142857142857142
22.5,150,1298.496362,0.0,0.0,0.07142857142857142
22.5,150,1298.861804,0.0,0.0,0.1111111111111111
22.5,150,1299.361933,0.0,0.0,0.09090909090909091
22.5,150,1301.011171,0.0,0.0,0.08333333333333333
22.5,150,1301.489607,0.0,0.0,0.08333333333333333
22.5,150,1301.902219,0.0,0.0,0.05263157894736842
22.5,150,1302.361552,0.0,0.0,0.125
22.5,150,1302.68021,0.0,0.0,0.09090909090909091
22.5,150,1303.043261,0.0,0.0,0.05555555555555555
22.5,150,1303.393187,0.0,0.0,0.0625
22.5,150,1303.786025,0.0,0.0,0.05263157894736842
22.5,150,1304.093072,0.08333333333333337,0.0,0.08333333333333333
22.5,150,1304.420142,0.0,0.0,0.07142857142857142
22.5,150,1304.878978,0.0,0.0,0.08333333333333333
22.5,150,1305.28773,0.0,0.0,0.09090909090909091
22.5,150,1305.703806,0.0,0.0,0.2
22.5,150,1306.050327,0.0,0.0,0.09090909090909091
23.1,150,1307.328863,0.0,0.0,0.11764705882352941
22.5,150,1307.869569,0.0625,0.0,0.0625
22.1,150,1308.235342,0.0,0.0,0.13333333333333333
22.1,150,1308.686305,0.06666666666666665,0.0,0.13333333333333333
22.1,150,1309.037774,0.0,0.0,0.15384615384615385
22.15,150,1309.407009,0.05555555555555558,0.0,0.1111111111111111
22.5,150,1309.83093,0.0,0.0,0.09090909090909091
22.5,150,1310.243716,0.05882352941176472,0.0,0.058823529411764705
22.5,150,1310.565487,0.0,0.0,0.07142857142857142
23.5,150,1311.1242,0.0,0.0,0.07142857142857142
22.5,150,1311.563009,0.0,0.0,0.1111111111111111
22.5,150,1311.86544,0.0,0.0,0.05263157894736842
22.1,150,1312.400461,0.0,0.0,0.14285714285714285
22.1,150,1313.822374,0.09090909090909094,0.0,0.18181818181818182
22.1,150,1314.276502,0.0,0.0,0.13333333333333333
23.5,150,1314.787981,0.0,0.0,0.1
22.5,150,1315.358314,0.08333333333333337,0.0,0.08333333333333333
22.1,150,1315.793543,0.0,0.0,0.14285714285714285
22.5,150,1316.286214,0.0,0.0,0.08333333333333333
22.1,150,1316.659501,0.0,0.0,0.25
22.5,150,1317.045051,0.0,0.0,0.08333333333333333
22.5,150,1317.409832,0.0,0.0,0.09090909090909091
22.5,150,1318.042514,0.0,0.0,0.14285714285714285
22.5,150,1318.602172,0.07692307692307687,0.0,0.07692307692307693
22.1,150,1319.155269,0.0,0.0,0.15384615384615385
22.5,150,1319.508471,0.0,0.0,0.07692307692307693
22.5,150,1319.925775,0.0,0.0,0.07692307692307693
22.5,150,1321.335012,0.0,0.0,0.06666666666666667
22.1,150,1321.845176,0.0,0.0,0.2857142857142857
22.5,150,1322.3194,0.0,0.0,0.07692307692307693
22.5,150,1322.774085,0.0,0.0,0.08333333333333333
22.5,150,1323.22574,0.0,0.0,0.047619047619047616
22.1,150,1323.632299,0.0,0.0,0.10526315789473684
22.1,150,1324.139828,0.0,0.0,0.2
22.5,150,1324.484235,0.09090909090909094,0.0,0.09090909090909091
22.1,150,1324.920671,0.08333333333333337,0.0,0.16666666666666666
22.5,150,1325.251461,0.0,0.0,0.0625
22.5,150,1325.667566,0.0625,0.0,0.0625
22.5,150,1326.031955,0.0,0.0,0.07142857142857142
22.5,150,1326.390674,0.0,0.0,0.14285714285714285
22.5,150,1326.793382,0.0,0.0,0.1111111111111111
22.5,150,1328.209332,0.0,0.0,0.07142857142857142
22.5,150,1328.586265,0.09999999999999998,0.0,0.1
22.5,150,1328.934124,0.0,0.0,0.1
22.5,150,1329.284544,0.0,0.0,0.09090909090909091
22.5,150,1329.616958,0.0,0.0,0.07692307692307693
22.1,150,1330.20502,0.0,0.0,0.125
22.5,150,1330.580558,0.0,0.0,0.1111111111111111
22.5,150,1331.221868,0.0,0.0,0.1111111111111111
22.5,150,1331.532643,0.0,0.0,0.07692307692307693
22.1,150,1332.029859,0.0,0.0,0.14285714285714285
22.5,150,1332.537133,0.050000000000000044,0.0,0.05
23.2,150,1333.040995,0.0,0.0,0.23076923076923078
22.5,150,1333.474386,0.0,0.0,0.05555555555555555
22.5,150,1335.450331,0.0,0.0,0.1111111111111111
22.5,150,1335.92046,0.0,0.0,0.1111111111111111
22.1,150,1336.436281,0.0,0.0,0.11764705882352941
22.1,150,1337.073157,0.0,0.0,0.2857142857142857
22.2,150,1337.473956,0.0,0.0,0.3
22.5,150,1337.782485,0.08333333333333337,0.0,0.08333333333333333
22.5,150,1338.082225,0.0,0.0,0.16666666666666666
22.5,150,1338.33872,0.0,0.0,0.058823529411764705
22.5,150,1338.675454,0.0,0.0,0.0625
22.1,150,1339.186846,0.0,0.0,0.2
22.5,150,1339.560232,0.0,0.0,0.07692307692307693
22.5,150,1340.066728,0.08333333333333337,0.0,0.08333333333333333
22.5,150,1340.452176,0.0,0.0,0.16666666666666666
22.1,150,1340.931446,0.0,0.0,0.2
22.1,150,1342.418897,0.0,0.0,0.14285714285714285
22.5,150,1342.841427,0.0,0.0,0.1
23.1,150,1343.311341,0.0,0.0,0.13333333333333333
22.5,150,1343.781881,0.0,0.0,0.1111111111111111
22.5,150,1344.19938,0.0,0.0,0.07142857142857142
23.5,150,1344.66739,0.050000000000000044,0.0,0.05
22.5,150,1345.080164,0.0,0.0,0.14285714285714285
22.1,150,1345.486583,0.0,0.0,0.2857142857142857
22.5,150,1345.985865,0.0,0.0,0.0625
22.5,150,1346.601495,0.09999999999999998,0.0,0.1
22.5,150,1347.052442,0.0,0.0,0.06666666666666667
22.5,150,1347.500554,0.0,0.0,0.08333333333333333
22.5,150,1347.91385,0.07692307692307687,0.0,0.07692307692307693
22.5,150,1348.292501,0.0,0.0,0.07692307692307693
22.1,150,1349.765108,0.0625,0.0,0.125
22.5,150,1350.400247,0.0,0.0,0.08333333333333333
22.5,150,1350.923776,0.05555555555555558,0.0,0.05555555555555555
22.5,150,1351.298815,0.0,0.0,0.07692307692307693
22.5,150,1351.650622,0.0,0.0,0.125
22.5,150,1352.035657,0.0714285714285714,0.0,0.07142857142857142
22.5,150,1352.332069,0.0,0.0,0.09090909090909091
22.5,150,1352.647241,0.0,0.0,0.08333333333333333
22.5,150,1353.058803,0.0,0.0,0.08333333333333333
22.5,150,1353.411382,0.0,0.0,0.1111111111111111
22.5,150,1353.727809,0.0,0.0,0.08333333333333333
22.5,150,1354.067399,0.0,0.0,0.125
22.5,150,1354.398999,0.0,0.0,0.1
22.5,150,1355.953861,0.0,0.0,0.1
22.1,150,1356.301565,0.0,0.0,0.2
22.5,150,1356.689517,0.0,0.0,0.047619047619047616
22.2,150,1357.102468,0.0,0.0,0.25
22.5,150,1357.428568,0.0,0.0,0.058823529411764705
22.5,150,1357.770047,0.09090909090909094,0.0,0.09090909090909091
22.5,150,1358.087279,0.0,0.0,0.1111111111111111
22.1,150,1358.513053,0.0,0.0,0.25
22.5,150,1358.846601,0.0,0.0,0.08333333333333333
22.5,150,1359.155132,0.0,0.0,0.07142857142857142
22.2,150,1359.530137,0.0,0.0,0.14285714285714285
22.5,150,1359.996321,0.0,0.0,0.1111111111111111
22.5,150,1360.300755,0.0,0.0,0.06666666666666667
22.5,150,1360.65458,0.0,0.0,0.1
22.5,150,1362.225323,0.0625,0.0,0.0625
22.1,150,1362.546043,0.0,0.0,0.13333333333333333
22.1,150,1363.012796,0.0,0.0,0.16666666666666666
22.5,150,1363.375762,0.0,0.0,0.08333333333333333
22.5,150,1363.750484,0.0,0.0,0.125
22.5,150,1364.123224,0.0625,0.0,0.0625
22.1,150,1364.453419,0.0625,0.0,0.125
22.5,150,1364.779341,0.0,0.0,0.07692307692307693
22.5,150,1365.212871,0.06666666666666665,0.0,0.06666666666666667
22.5,150,1365.590941,0.0,0.0,0.06666666666666667
22.5,150,1365.930887,0.07692307692307687,0.0,0.07692307692307693
22.5,150,1366.270628,0.0,0.0,0.1
22.5,150,1366.645654,0.07692307692307687,0.0,0.07692307692307693
22.1,150,1368.250602,0.0,0.0,0.07692307692307693
22.5,150,1368.695494,0.0,0.0,0.07692307692307693
22.5,150,1369.099584,0.08333333333333337,0.0,0.08333333333333333
22.2,150,1369.44505,0.16666666666666663,0.0,0.25
22.1,150,1369.795032,0.0,0.0,0.15384615384615385
22.2,150,1370.112677,0.08333333333333337,0.0,0.25
22.1,150,1370.468133,0.0,0.0,0.18181818181818182
22.5,150,1370.920619,0.0,0.0,0.0625
22.5,150,1371.261972,0.05882352941176472,0.0,0.058823529411764705
22.1,150,1371.628484,0.0,0.0,0.18181818181818182
22.5,150,1371.988741,0.0,0.0,0.1
22.1,150,1372.346468,0.11764705882352944,0.0,0.11764705882352941
22.2,150,1372.695064,0.0,0.0,0.23076923076923078
22.5,150,1373.242707,0.0,0.0,0.07142857142857142
22.5,150,1374.860353,0.0,0.0,0.07142857142857142
22.5,150,1375.231581,0.0,0.0,0.0625
22.5,150,1375.562677,0.0,0.0,0.1111111111111111
22.5,150,1375.910923,0.0,0.0,0.09090909090909091
22.5,150,1376.249409,0.0,0.0,0.058823529411764705
22.5,150,1376.572524,0.0,0.0,0.1111111111111111
23.1,150,1376.908118,0.0,0.0,0.2222222222222222
22.5,150,1377.220162,0.0,0.0,0.058823529411764705
22.5,150,1377.560652,0.0,0.0,0.08333333333333333
22.5,150,1377.894159,0.0,0.0,0.09090909090909091
22.5,150,1378.254567,0.0714285714285714,0.0,0.07142857142857142
22.5,150,1378.580715,0.0,0.0,0.08333333333333333
22.5,150,1378.977359,0.08333333333333337,0.0,0.08333333333333333
22.5,150,1379.439623,0.0,0.0,0.05555555555555555
22.1,150,1381.029946,0.0,0.0,0.2
23.5,150,1381.670529,0.0,0.0,0.07692307692307693
22.1,150,1382.109235,0.0,0.0,0.15384615384615385
22.5,150,1382.554206,0.0,0.0,0.0625
22.5,150,1382.909927,0.11111111111111116,0.0,0.1111111111111111
22.5,150,1383.226284,0.0,0.0,0.07692307692307693
22.5,150,1383.56422,0.0,0.0,0.058823529411764705
22.5,150,1383.875875,0.0,0.0,0.06666666666666667
22.5,150,1384.177099,0.0,0.0,0.07692307692307693
22.5,150,1384.509596,0.0,0.0,0.07692307692307693
22.5,150,1384.843362,0.0,0.0,0.09090909090909091
22.5,150,1385.193648,0.0,0.0,0.09090909090909091
22.5,150,1385.543002,0.0,0.0,0.07142857142857142
22.5,150,1387.252182,0.0,0.0,0.07692307692307693
22.5,150,1387.576052,0.0,0.0,0.07692307692307693
22.1,150,1387.947509,0.0,0.0,0.13333333333333333
22.1,150,1388.330538,0.0,0.0,0.25
22.5,150,1388.673616,0.07692307692307687,0.0,0.07692307692307693
22.1,150,1389.059334,0.05882352941176472,0.0,0.11764705882352941
22.1,150,1389.37582,0.0,0.0,0.13333333333333333
22.5,150,1389.759054,0.0,0.0,0.07692307692307693
22.5,150,1390.148493,0.0,0.0,0.09090909090909091
22.1,150,1390.47547,0.0,0.0,0.125
22.5,150,1390.790257,0.0,0.0,0.07142857142857142
23.2,150,1391.141985,0.0714285714285714,0.0,0.21428571428571427
22.1,150,1391.489761,0.0,0.0,0.125
22.1,150,1391.858969,0.0,0.0,0.15384615384615385
22.5,150,1393.711113,0.06666666666666665,0.0,0.06666666666666667
22.5,150,1394.352398,0.09090909090909094,0.0,0.09090909090909091
22.5,150,1394.78324,0.0,0.0,0.125
22.5,150,1395.132582,0.0,0.0,0.07142857142857142
22.5,150,1395.693553,0.09090909090909094,0.0,0.09090909090909091
22.5,150,1396.028207,0.0,0.0,0.07142857142857142
22.5,150,1396.346629,0.0,0.0,0.058823529411764705
22.1,150,1396.708646,0.0625,0.0,0.125
22.1,150,1397.03799,0.09090909090909094,0.0,0.18181818181818182
22.5,150,1397.360466,0.0,0.0,0.09090909090909091
22.5,150,1397.793808,0.0,0.0,0.06666666666666667
22.5,150,1398.324038,0.0,0.0,0.1
22.5,150,1399.142748,0.0,0.0,0.0625
22.5,150,1399.571456,0.0714285714285714,0.0,0.07142857142857142
22.5,150,1401.447689,0.09090909090909094,0.0,0.09090909090909091
23.5,150,1402.310795,0.0,0.0,0.07142857142857142
22.5,150,1403.13671,0.0,0.0,0.1
22.5,150,1403.930109,0.0,0.0,0.1
22.5,150,1404.663609,0.0,0.0,0.09090909090909091
23.5,150,1405.141352,0.0,0.0,0.08333333333333333
22.5,150,1405.734435,0.0625,0.0,0.0625
22.1,150,1406.20196,0.0,0.0,0.14285714285714285
23.5,150,1406.523502,0.052631578947368474,0.0,0.05263157894736842
22.1,150,1406.840114,0.0,0.0,0.15384615384615385
22.5,150,1407.174575,0.0,0.0,0.09090909090909091
22.5,150,1407.490306,0.0,0.0,0.1
22.5,150,1407.926754,0.0,0.0,0.125
22.5,150,1409.556743,0.0,0.0,0.0625
22.5,150,1409.925778,0.0,0.0,0.07692307692307693
22.5,150,1410.227672,0.0,0.0,0.05555555555555555
22.1,150,1410.560932,0.08333333333333337,0.0,0.16666666666666666
22.5,150,1410.907437,0.0,0.0,0.07692307692307693
22.5,150,1411.226558,0.0,0.0,0.07142857142857142
22.5,150,1411.573019,0.0,0.0,0.08333333333333333
22.5,150,1411.956233,0.0,0.0,0.05555555555555555
22.5,150,1412.262802,0.0,0.0,0.07692307692307693
22.5,150,1412.582971,0.0,0.0,0.08333333333333333
22.5,150,1412.919447,0.0,0.0,0.1111111111111111
22.5,150,1413.247003,0.0,0.0,0.07692307692307693
22.5,150,1413.56771,0.0,0.0,0.125
22.5,150,1413.906999,0.0,0.0,0.1111111111111111
22.1,150,1415.538997,0.0714285714285714,0.0,0.14285714285714285
22.2,150,1415.975044,0.09090909090909094,0.0,0.2727272727272727
22.5,150,1416.283719,0.0,0.0,0.07692307692307693
22.1,150,1416.738997,0.0,0.0,0.13333333333333333
22.5,150,1417.072054,0.0,0.0,0.1111111111111111
22.5,150,1417.372211,0.0,0.0,0.0625
22.5,150,1417.705438,0.125,0.0,0.125
22.5,150,1418.038747,0.09999999999999998,0.0,0.1
22.5,150,1418.355489,0.0,0.0,0.14285714285714285
22.1,150,1418.705232,0.0,0.0,0.07692307692307693
22.5,150,1419.022031,0.0,0.0,0.06666666666666667
22.5,150,1419.323499,0.0,0.0,0.08333333333333333
22.5,150,1419.649693,0.0,0.0,0.2
22.5,150,1419.988719,0.05555555555555558,0.0,0.05555555555555555
22.5,150,1421.533572,0.06666666666666665,0.0,0.06666666666666667
22.1,150,1421.908218,0.0,0.0,0.15384615384615385
22.5,150,1422.263011,0.0,0.0,0.07692307692307693
22.5,150,1422.588104,0.0714285714285714,0.0,0.07142857142857142
22.2,150,1423.046596,0.0,0.0,0.3
22.1,150,1423.454684,0.16666666666666663,0.0,0.3333333333333333
22.5,150,1423.804625,0.0,0.0,0.05263157894736842
22.5,150,1424.143841,0.0,0.0,0.09090909090909091
22.5,150,1424.447327,0.0,0.0,0.07692307692307693
22.5,150,1424.841269,0.0,0.0,0.09090909090909091
22.1,150,1425.203767,0.0625,0.0,0.125
22.5,150,1425.521018,0.0,0.0,0.09090909090909091
22.5,150,1425.832196,0.0,0.0,0.07692307692307693
22.1,150,1427.423591,0.0,0.0,0.2
22.5,150,1427.787487,0.0,0.0,0.07142857142857142
22.5,150,1428.110057,0.05882352941176472,0.0,0.058823529411764705
22.1,150,1428.454104,0.0,0.0,0.14285714285714285
22.1,150,1428.779513,0.0,0.0,0.2222222222222222
23.1,150,1429.107069,0.0714285714285714,0.0,0.14285714285714285
22.5,150,1429.407432,0.05555555555555558,0.0,0.05555555555555555
22.5,150,1429.866067,0.0,0.0,0.06666666666666667
22.5,150,1430.279013,0.125,0.0,0.125
22.5,150,1430.687083,0.0,0.0,0.0625
22.5,150,1431.089991,0.0,0.0,0.125
22.5,150,1431.414373,0.0,0.0,0.07692307692307693
22.5,150,1431.812036,0.0,0.0,0.07692307692307693
22.1,150,1432.188064,0.08333333333333337,0.0,0.16666666666666666
22.5,150,1433.707118,0.0,0.0,0.07692307692307693
22.5,150,1434.023739,0.0,0.0,0.07692307692307693
22.5,150,1434.324609,0.0,0.0,0.1111111111111111
23.1,150,1434.805027,0.05882352941176472,0.0,0.11764705882352941
22.5,150,1435.119128,0.0,0.0,0.1
22.1,150,1435.436607,0.11764705882352944,0.0,0.11764705882352941
22.5,150,1435.790422,0.0,0.0,0.06666666666666667
22.5,150,1436.119502,0.0,0.0,0.1
22.1,150,1436.432128,0.0714285714285714,0.0,0.14285714285714285
22.5,150,1436.739291,0.0,0.0,0.06666666666666667
22.5,150,1437.120418,0.0,0.0,0.07142857142857142
22.5,150,1437.42105,0.07692307692307687,0.0,0.07692307692307693
22.1,150,1437.731784,0.0,0.0,0.14285714285714285
22.5,150,1438.052867,0.0,0.0,0.058823529411764705
22.5,150,1439.653051,0.0,0.0,0.06666666666666667
22.5,150,1440.162244,0.0,0.0,0.125
22.5,150,1440.569097,0.0,0.0,0.07692307692307693
22.5,150,1440.952306,0.0,0.0,0.1111111111111111
22.5,150,1441.258623,0.0,0.0,0.125
23.5,150,1441.627488,0.0,0.0,0.09090909090909091
22.5,150,1441.960814,0.0,0.0,0.05263157894736842
22.5,150,1442.291874,0.0,0.0,0.16666666666666666
22.5,150,1442.702105,0.09090909090909094,0.0,0.09090909090909091
22.1,150,1443.084744,0.0,0.0,0.15384615384615385
22.1,150,1443.46808,0.0625,0.0,0.125
22.5,150,1443.785337,0.0,0.0,0.06666666666666667
22.5,150,1444.12055,0.0,0.0,0.07692307692307693
22.5,150,1445.677963,0.0,0.0,0.0625
22.5,150,1446.054065,0.0,0.0,0.09090909090909091
22.5,150,1446.413413,0.0,0.0,0.09090909090909091
22.5,150,1446.801492,0.0,0.0,0.07692307692307693
22.5,150,1447.180206,0.0,0.0,0.05555555555555555
22.5,150,1447.568397,0.08333333333333337,0.0,0.08333333333333333
22.5,150,1447.934814,0.0,0.0,0.07142857142857142
22.1,150,1448.272389,0.09090909090909094,0.0,0.18181818181818182
22.1,150,1448.589002,0.0,0.0,0.1111111111111111
22.1,150,1448.927156,0.08333333333333337,0.0,0.16666666666666666
22.5,150,1449.240294,0.0,0.0,0.058823529411764705
23.1,150,1449.58464,0.0,0.0,0.2
22.5,150,1449.962601,0.0,0.0,0.08333333333333333
22.2,150,1450.320156,0.0,0.0,0.375
22.1,150,1451.988761,0.0,0.0,0.2857142857142857
22.5,150,1452.850544,0.0,0.0,0.1111111111111111
22.5,150,1453.578549,0.0,0.0,0.08333333333333333
22.5,150,1454.017323,0.0,0.0,0.07692307692307693
22.1,150,1454.302417,0.15384615384615385,0.0,0.15384615384615385
22.5,150,1454.651151,0.0,0.0,0.058823529411764705
22.5,150,1455.000728,0.0,0.0,0.08333333333333333
22.5,150,1455.417238,0.0,0.0,0.0625
23.5,150,1455.825596,0.09090909090909094,0.0,0.09090909090909091
22.1,150,1456.128863,0.0,0.0,0.14285714285714285
22.5,150,1456.433654,0.0,0.0,0.07692307692307693
22.5,150,1456.876957,0.11111111111111116,0.0,0.1111111111111111
22.2,150,1457.228062,0.09999999999999998,0.0,0.3
23.5,150,1457.533493,0.0,0.0,0.07692307692307693
22.5,150,1459.156112,0.0,0.0,0.08333333333333333
22.5,150,1459.483327,0.0,0.0,0.07142857142857142
22.1,150,1459.816609,0.0,0.0,0.2857142857142857
22.5,150,1460.13722,0.0,0.0,0.0625
22.1,150,1460.442277,0.04761904761904767,0.0,0.09523809523809523
22.1,150,1460.766566,0.0,0.0,0.14285714285714285
22.5,150,1461.115687,0.0,0.0,0.07692307692307693
23.1,150,1461.416345,0.0,0.0,0.07692307692307693
22.1,150,1461.943859,0.05882352941176472,0.0,0.11764705882352941
22.1,150,1462.684518,0.0625,0.0,0.125
22.5,150,1463.173121,0.0714285714285714,0.0,0.07142857142857142
21.8,150,1463.498952,0.2857142857142857,0.0,0.5714285714285714
22.05,150,1464.054953,0.0625,0.0,0.0625
22.5,150,1466.273609,0.08333333333333337,0.0,0.08333333333333333
22.2,150,1466.760704,0.09999999999999998,0.0,0.3
22.5,150,1467.139321,0.0,0.0,0.0625
22.2,150,1467.464221,0.0,0.0,0.2727272727272727
22.5,150,1467.915877,0.0,0.0,0.125
22.5,150,1468.36813,0.0625,0.0,0.0625
22.5,150,1468.760887,0.0,0.0,0.0625
22.5,150,1469.236875,0.0,0.0,0.1111111111111111
22.5,150,1469.772759,0.0625,0.0,0.0625
22.1,150,1470.154187,0.0,0.0,0.16666666666666666
22.1,150,1470.565125,0.0,0.0,0.4
22.5,150,1471.056324,0.05555555555555558,0.0,0.05555555555555555
22.5,150,1471.713755,0.0,0.0,0.0625
22.5,150,1472.182943,0.0,0.0,0.1
22.5,150,1473.750069,0.0,0.0,0.08333333333333333
22.5,150,1474.108153,0.05555555555555558,0.0,0.05555555555555555
22.5,150,1474.41877,0.0714285714285714,0.0,0.07142857142857142
22.5,150,1474.780229,0.05882352941176472,0.0,0.058823529411764705
22.5,150,1475.149878,0.0,0.0,0.058823529411764705
22.5,150,1475.73997,0.0,0.0,0.06666666666666667
22.1,150,1476.118828,0.05882352941176472,0.0,0.11764705882352941
22.1,150,1476.44077,0.0,0.0,0.2222222222222222
22.5,150,1476.744628,0.0,0.0,0.0625
22.5,150,1477.044669,0.0,0.0,0.1
22.5,150,1477.400531,0.0,0.0,0.1
22.5,150,1477.727483,0.0,0.0,0.09090909090909091
22.5,150,1478.061007,0.0,0.0,0.1
22.5,150,1478.37741,0.06666666666666665,0.0,0.06666666666666667
23.5,150,1479.983013,0.08333333333333337,0.0,0.08333333333333333
23.5,150,1480.352169,0.11111111111111116,0.0,0.1111111111111111
22.5,150,1480.719326,0.0,0.0,0.07142857142857142
22.5,150,1481.069597,0.0,0.0,0.1
22.5,150,1481.356388,0.0714285714285714,0.0,0.07142857142857142
22.1,150,1481.680435,0.0,0.0,0.16666666666666666
22.5,150,1481.991693,0.0,0.0,0.07692307692307693
23.5,150,1482.327189,0.07692307692307687,0.0,0.07692307692307693
22.5,150,1482.626617,0.0625,0.0,0.0625
22.1,150,1483.003012,0.0,0.0,0.125
22.5,150,1483.325199,0.0,0.0,0.09090909090909091
22.5,150,1483.65286,0.0,0.0,0.07142857142857142
22.1,150,1484.026866,0.09090909090909094,0.0,0.18181818181818182
22.5,150,1485.598104,0.0,0.0,0.125
23.1,150,1485.998589,0.0,0.0,0.13333333333333333
22.5,150,1486.386918,0.0,0.0,0.14285714285714285
22.1,150,1486.90147,0.0,0.0,0.2
23.5,150,1487.239833,0.0,0.0,0.07692307692307693
22.5,150,1487.605801,0.0714285714285714,0.0,0.07142857142857142
22.5,150,1487.980494,0.0,0.0,0.07142857142857142
22.5,150,1488.370675,0.0,0.0,0.09090909090909091
22.5,150,1488.682135,0.0,0.0,0.07692307692307693
22.5,150,1489.210826,0.0,0.0,0.05263157894736842
22.1,150,1489.667646,0.1428571428571429,0.0,0.2857142857142857
22.5,150,1490.131714,0.0,0.0,0.07692307692307693
22.5,150,1490.596691,0.08333333333333337,0.0,0.08333333333333333
22.5,150,1490.984614,0.0,0.0,0.07142857142857142
22.05,150,1492.701857,0.0,0.0,0.07142857142857142
22.5,150,1493.152079,0.0,0.0,0.125
22.5,150,1493.544367,0.0,0.0,0.05263157894736842
22.5,150,1493.939919,0.0,0.0,0.05263157894736842
22.5,150,1494.320508,0.0,0.0,0.1
22.5,150,1494.687205,0.0,0.0,0.08333333333333333
22.5,150,1495.089657,0.0,0.0,0.07142857142857142
22.5,150,1495.471778,0.0,0.0,0.06666666666666667
22.5,150,1495.952813,0.0,0.0,0.07142857142857142
22.1,150,1496.389687,0.09999999999999998,0.0,0.2
22.5,150,1496.692676,0.0,0.0,0.1111111111111111
22.5,150,1497.241646,0.0,0.0,0.08333333333333333
22.5,150,1497.874929,0.0,0.0,0.0625
22.5,150,1498.384729,0.0,0.0,0.0625
22.5,150,1500.494452,0.0,0.0,0.1
22.5,150,1501.063964,0.0,0.0,0.1
22.5,150,1501.539999,0.0,0.0,0.1
22.5,150,1501.969332,0.0,0.0,0.07692307692307693
23.5,150,1502.368433,0.0,0.0,0.06666666666666667
22.5,150,1502.655926,0.0,0.0,0.05555555555555555
22.5,150,1503.006602,0.0,0.0,0.09090909090909091
22.5,150,1503.314907,0.0,0.0,0.07142857142857142
22.5,150,1503.702331,0.0,0.0,0.06666666666666667
22.5,150,1504.029445,0.0,0.0,0.08333333333333333
22.5,150,1504.372818,0.0,0.0,0.06666666666666667
22.5,150,1504.68265,0.0,0.0,0.09090909090909091
22.5,150,1505.082449,0.0,0.0,0.08333333333333333
23.5,150,1506.845609,0.0,0.0,0.07142857142857142
22.5,150,1507.12766,0.0,0.0,0.058823529411764705
22.5,150,1507.570763,0.0,0.0,0.09090909090909091
22.5,150,1508.134463,0.0,0.0,0.07692307692307693
22.5,150,1508.546475,0.0,0.0,0.0625
23.5,150,1508.864769,0.0,0.0,0.08333333333333333
22.5,150,1509.198764,0.0,0.0,0.1
22.5,150,1509.484796,0.09090909090909094,0.0,0.09090909090909091
22.5,150,1509.817954,0.0,0.0,0.1
22.5,150,1510.1217,0.0,0.0,0.07692307692307693
22.5,150,1510.424883,0.0,0.0,0.16666666666666666
22.1,150,1510.712607,0.08333333333333337,0.0,0.16666666666666666
22.5,150,1510.920016,0.0,0.0,0.06666666666666667
22.5,150,1511.159971,0.0,0.0,0.07692307692307693
22.5,150,1512.677956,0.0,0.0,0.125
22.5,150,1513.070908,0.0,0.0,0.06666666666666667
22.2,150,1513.377262,0.08333333333333337,0.0,0.25
22.5,150,1513.723908,0.09090909090909094,0.0,0.09090909090909091
22.5,150,1514.051733,0.0,0.0,0.1
22.5,150,1514.360863,0.0,0.0,0.07692307692307693
22.5,150,1514.664175,0.0,0.0,0.06666666666666667
22.1,150,1515.183808,0.0,0.0,0.14285714285714285
22.5,150,1515.631063,0.0,0.0,0.1111111111111111
22.5,150,1516.062737,0.0,0.0,0.1111111111111111
22.5,150,1516.458474,0.0,0.0,0.06666666666666667
22.5,150,1516.865618,0.0,0.0,0.09090909090909091
22.5,150,1517.310505,0.06666666666666665,0.0,0.06666666666666667
22.5,150,1517.841751,0.0,0.0,0.1
22.5,150,1519.498376,0.0,0.0,0.05555555555555555
22.5,150,1520.136491,0.0,0.0,0.09090909090909091
22.5,150,1520.613655,0.0,0.0,0.125
22.5,150,1520.995702,0.08333333333333337,0.0,0.08333333333333333
22.5,150,1521.43125,0.07692307692307687,0.0,0.07692307692307693
22.5,150,1521.712166,0.0,0.0,0.1
22.5,150,1522.016126,0.09090909090909094,0.0,0.09090909090909091
23.5,150,1522.334104,0.0,0.0,0.0625
22.5,150,1522.669134,0.0,0.0,0.0625
22.1,150,1523.066131,0.0,0.0,0.125
23.5,150,1523.519243,0.0,0.0,0.14285714285714285
23.1,150,1524.074209,0.06666666666666665,0.0,0.13333333333333333
23.1,150,1524.610549,0.0,0.0,0.15384615384615385
23.1,150,1526.518384,0.09999999999999998,0.0,0.2
22.5,150,1527.047029,0.0,0.0,0.05555555555555555
22.5,150,1527.856704,0.0714285714285714,0.0,0.07142857142857142
22.5,150,1528.246978,0.0,0.0,0.1111111111111111
22.5,150,1528.64231,0.0,0.0,0.06666666666666667
22.5,150,1529.050736,0.0,0.0,0.07692307692307693
22.5,150,1529.376934,0.0,0.0,0.07692307692307693
22.5,150,1529.744771,0.0,0.0,0.08333333333333333
22.1,150,1530.089219,0.0,0.0,0.16666666666666666
22.1,150,1530.447796,0.1333333333333333,0.0,0.13333333333333333
22.5,150,1530.981264,0.08333333333333337,0.0,0.08333333333333333
23.5,150,1531.369452,0.0,0.0,0.07142857142857142
22.5,150,1531.841346,0.0,0.0,0.1111111111111111
22.5,150,1532.218719,0.052631578947368474,0.0,0.05263157894736842
22.5,150,1533.78831,0.0,0.0,0.06666666666666667
22.5,150,1534.117522,0.0,0.0,0.08333333333333333
22.5,150,1534.630114,0.0,0.0,0.07142857142857142
22.5,150,1535.156826,0.0,0.0,0.058823529411764705
22.5,150,1535.564614,0.0,0.0,0.1
23.5,150,1535.993026,0.0,0.0,0.06666666666666667
22.5,150,1536.56016,0.0,0.0,0.058823529411764705
22.5,150,1537.00217,0.0,0.0,0.1
22.5,150,1537.54721,0.0,0.0,0.09090909090909091
22.1,150,1538.214447,0.0,0.0,0.15384615384615385
22.5,150,1538.892793,0.0,0.0,0.06666666666666667
23.5,150,1539.459592,0.05555555555555558,0.0,0.05555555555555555
22.5,150,1540.059583,0.0,0.0,0.08333333333333333
22.5,150,1541.93304,0.0,0.0,0.08333333333333333
22.5,150,1542.528409,0.0,0.0,0.07142857142857142
22.5,150,1542.986635,0.0,0.0,0.05
23.5,150,1543.598277,0.0,0.0,0.14285714285714285
22.5,150,1544.137971,0.0,0.0,0.0625
22.1,150,1544.542916,0.0,0.0,0.2222222222222222
22.5,150,1544.907427,0.0,0.0,0.08333333333333333
22.5,150,1545.404926,0.0,0.0,0.08333333333333333
22.5,150,1546.308177,0.0,0.0,0.08333333333333333
22.5,150,1547.112219,0.0,0.0,0.06666666666666667
22.5,150,1547.54879,0.0,0.0,0.06666666666666667
22.5,150,1547.90868,0.0,0.0,0.1111111111111111
22.5,150,1548.264318,0.0,0.0,0.125
22.5,150,1548.590814,0.0,0.0,0.06666666666666667
22.5,150,1550.971648,0.0,0.0,0.0625
22.1,150,1551.4027,0.0,0.0,0.25
22.5,150,1551.779014,0.0,0.0,0.09090909090909091
22.5,150,1552.23058,0.0714285714285714,0.0,0.07142857142857142
22.5,150,1552.764948,0.0,0.0,0.05263157894736842
22.5,150,1553.407527,0.0,0.0,0.1111111111111111
22.5,150,1553.892936,0.0,0.0,0.1111111111111111
22.5,150,1554.27288,0.0,0.0,0.1111111111111111
22.5,150,1554.664758,0.0,0.0,0.06666666666666667
22.5,150,1555.067703,0.0,0.0,0.1
22.5,150,1555.398618,0.0,0.0,0.07692307692307693
22.5,150,1555.885964,0.05882352941176472,0.0,0.058823529411764705
22.5,150,1556.231899,0.0,0.0,0.07692307692307693
22.5,150,1556.478001,0.0714285714285714,0.0,0.07142857142857142
22.5,150,1558.061141,0.0,0.0,0.058823529411764705
22.5,150,1558.45895,0.0,0.0,0.06666666666666667
22.5,150,1558.791392,0.0,0.0,0.058823529411764705
22.1,150,1559.09319,0.0,0.0,0.2
22.5,150,1559.471473,0.0,0.0,0.06666666666666667
22.5,150,1559.793377,0.0,0.0,0.07142857142857142
22.5,150,1560.129385,0.0,0.0,0.05555555555555555
22.5,150,1560.386736,0.0,0.0,0.05263157894736842
22.5,150,1560.766169,0.0,0.0,0.07142857142857142
22.5,150,1561.341569,0.0,0.0,0.05555555555555555
22.5,150,1561.658537,0.05882352941176472,0.0,0.058823529411764705
22.5,150,1562.237435,0.0,0.0,0.05263157894736842
23.5,150,1562.669208,0.0,0.0,0.08333333333333333
22.5,150,1563.969807,0.0,0.0,0.06666666666666667
22.5,150,1564.32164,0.0,0.0,0.0625
23.5,150,1564.892287,0.0,0.0,0.14285714285714285
22.1,150,1565.305136,0.0,0.0,0.2222222222222222
22.5,150,1565.6655,0.0,0.0,0.05555555555555555
22.5,150,1565.928129,0.0,0.0,0.0625
23.5,150,1566.354917,0.0,0.0,0.1111111111111111
22.5,150,1566.74198,0.0,0.0,0.07692307692307693
22.5,150,1567.099111,0.0,0.0,0.16666666666666666
22.5,150,1567.57301,0.06666666666666665,0.0,0.06666666666666667
22.5,150,1568.252956,0.06666666666666665,0.0,0.06666666666666667
22.5,150,1568.587336,0.0,0.0,0.1111111111111111
22.5,150,1568.973434,0.0,0.0,0.1
22.5,150,1569.326532,0.06666666666666665,0.0,0.06666666666666667
22.5,150,1570.524426,0.0,0.0,0.07692307692307693
22.5,150,1570.971536,0.0,0.0,0.08333333333333333
22.1,150,1571.409022,0.0,0.0,0.25
22.5,150,1571.835962,0.0,0.0,0.09090909090909091
22.5,150,1572.168401,0.0,0.0,0.07692307692307693
22.5,150,1572.556442,0.0,0.0,0.1
22.5,150,1572.985343,0.0,0.0,0.07692307692307693
22.5,150,1573.380651,0.0,0.0,0.09090909090909091
22.5,150,1573.803245,0.0,0.0,0.07142857142857142
23.5,150,1574.187319,0.0,0.0,0.08333333333333333
22.5,150,1574.520665,0.0,0.0,0.1
22.5,150,1574.819753,0.0,0.0,0.125
22.1,150,1575.184939,0.0,0.0,0.2857142857142857
22.5,150,1575.467657,0.0,0.0,0.125
23.5,150,1576.636108,0.11111111111111116,0.0,0.1111111111111111
22.1,150,1577.239767,0.1428571428571429,0.0,0.2857142857142857
22.5,150,1577.785259,0.0,0.0,0.06666666666666667
22.5,150,1578.320549,0.0,0.0,0.1
22.5,150,1578.658293,0.0,0.0,0.125
22.5,150,1579.087267,0.0,0.0,0.16666666666666666
22.5,150,1579.484707,0.0,0.0,0.09090909090909091
22.5,150,1579.884176,0.0,0.0,0.08333333333333333
22.5,150,1580.384789,0.0,0.0,0.07142857142857142
22.5,150,1580.917722,0.0,0.0,0.06666666666666667
22.5,150,1581.27011,0.0,0.0,0.06666666666666667
22.5,150,1581.619484,0.0,0.0,0.07142857142857142
22.5,150,1582.043413,0.0714285714285714,0.0,0.07142857142857142
22.5,150,1583.880775,0.0,0.0,0.06666666666666667
22.5,150,1584.196782,0.0,0.0,0.09090909090909091
22.5,150,1584.886603,0.06666666666666665,0.0,0.06666666666666667
22.5,150,1585.587436,0.0625,0.0,0.0625
22.5,150,1585.967825,0.0,0.0,0.1111111111111111
22.5,150,1586.288224,0.0,0.0,0.0625
22.5,150,1586.536925,0.0,0.0,0.07142857142857142
22.5,150,1586.833264,0.0,0.0,0.05
22.5,150,1587.166502,0.0,0.0,0.07692307692307693
22.5,150,1587.449437,0.0,0.0,0.05263157894736842
22.5,150,1587.674173,0.0,0.0,0.1
22.5,150,1587.933696,0.0,0.0,0.07142857142857142
22.1,150,1588.325551,0.0,0.0,0.14285714285714285
22.5,150,1588.667213,0.0,0.0,0.07142857142857142
22.1,150,1590.096545,0.0,0.0,0.125
22.5,150,1590.423286,0.0,0.0,0.1111111111111111
22.5,150,1590.653266,0.0,0.0,0.1111111111111111
22.1,150,1590.849289,0.0,0.0,0.09523809523809523
22.5,150,1591.03621,0.0,0.0,0.07692307692307693
22.5,150,1591.407038,0.0,0.0,0.07692307692307693
22.5,150,1591.831947,0.0,0.0,0.07692307692307693
22.5,150,1592.557948,0.0,0.0,0.14285714285714285
22.5,150,1592.969044,0.0,0.0,0.09090909090909091
23.5,150,1593.332535,0.0,0.0,0.1111111111111111
22.5,150,1593.820677,0.0,0.0,0.058823529411764705
22.5,150,1594.460615,0.0,0.0,0.07692307692307693
22.5,150,1595.193085,0.06666666666666665,0.0,0.06666666666666667
23.5,150,1595.761253,0.0,0.0,0.09090909090909091
22.5,150,1597.619519,0.0,0.0,0.058823529411764705
22.5,150,1597.981793,0.0,0.0,0.07692307692307693
22.5,150,1598.361435,0.0,0.0,0.07142857142857142
22.5,150,1598.692005,0.0,0.0,0.07142857142857142
22.5,150,1598.998744,0.0,0.0,0.06666666666666667
22.5,150,1599.308303,0.0,0.0,0.09090909090909091
22.5,150,1599.631243,0.0,0.0,0.09090909090909091
22.5,150,1600.103985,0.0,0.0,0.07142857142857142
23.5,150,1600.553439,0.0,0.0,0.1
22.5,150,1600.953874,0.0,0.0,0.07142857142857142
22.1,150,1601.343338,0.0,0.0,0.15384615384615385
23.5,150,1601.826701,0.05882352941176472,0.0,0.058823529411764705
22.5,150,1602.281199,0.0,0.0,0.1111111111111111
22.5,150,1605.242197,0.0,0.0,0.05263157894736842
22.1,150,1605.632168,0.0625,0.0,0.125
22.5,150,1605.997525,0.0,0.0,0.0625
22.5,150,1606.333299,0.08333333333333337,0.0,0.08333333333333333
22.5,150,1606.718004,0.0714285714285714,0.0,0.07142857142857142
22.5,150,1607.141543,0.0,0.0,0.1
22.2,150,1607.593506,0.0,0.0,0.125
22.5,150,1607.994771,0.0,0.0,0.14285714285714285
22.5,150,1608.491322,0.0,0.0,0.1
22.5,150,1608.847859,0.09999999999999998,0.0,0.1
23.5,150,1609.343869,0.0,0.0,0.07142857142857142
22.1,150,1609.867896,0.0,0.0,0.2857142857142857
22.1,150,1610.147595,0.0,0.0,0.18181818181818182
22.5,150,1610.587203,0.07692307692307687,0.0,0.07692307692307693
22.5,150,1612.192145,0.0,0.0,0.1
22.5,150,1612.630772,0.06666666666666665,0.0,0.06666666666666667
22.1,150,1613.01251,0.08333333333333337,0.0,0.16666666666666666
22.5,150,1613.593855,0.0,0.0,0.07142857142857142
22.5,150,1614.185947,0.0,0.0,0.07142857142857142
22.5,150,1615.238318,0.0,0.0,0.06666666666666667
22.1,150,1615.733941,0.0,0.0,0.125
22.5,150,1616.119104,0.0,0.0,0.1111111111111111
22.1,150,1616.577066,0.0,0.0,0.15384615384615385
21.75,150,1617.073636,0.08333333333333337,0.0,0.25
22.5,150,1617.492016,0.09090909090909094,0.0,0.09090909090909091
21.8,150,1617.951927,0.06666666666666665,0.0,0.26666666666666666
22.5,150,1618.529477,0.0,0.0,0.0625
22.5,150,1618.949582,0.0,0.0,0.07692307692307693
22.5,150,1620.82075,0.0,0.0,0.08333333333333333
22.1,150,1621.200481,0.0,0.0,0.2
22.1,150,1621.581123,0.0,0.0,0.14285714285714285
22.5,150,1622.067486,0.0,0.0,0.04
22.5,150,1622.458858,0.0,0.0,0.047619047619047616
22.5,150,1622.842957,0.0,0.0,0.1
22.5,150,1623.314306,0.0,0.0,0.1111111111111111
22.1,150,1623.720293,0.0,0.0,0.13333333333333333
22.5,150,1624.135848,0.08333333333333337,0.0,0.08333333333333333
22.5,150,1624.516073,0.0,0.0,0.1111111111111111
22.5,150,1625.087407,0.0,0.0,0.05
22.5,150,1625.510848,0.09090909090909094,0.0,0.09090909090909091
22.5,150,1625.987716,0.0,0.0,0.1111111111111111
22.5,150,1628.441353,0.07692307692307687,0.0,0.07692307692307693
22.5,150,1628.872689,0.0,0.0,0.125
22.5,150,1629.302347,0.06666666666666665,0.0,0.06666666666666667
22.5,150,1630.333821,0.0,0.0,0.08333333333333333
22.5,150,1631.013752,0.0,0.0,0.05263157894736842
22.5,150,1631.433322,0.0,0.0,0.08333333333333333
22.5,150,1631.827873,0.0,0.0,0.07142857142857142
22.5,150,1632.281524,0.0,0.0,0.07142857142857142
22.1,150,1632.725789,0.0,0.0,0.2
22.5,150,1633.387544,0.0,0.0,0.08333333333333333
22.5,150,1633.810713,0.0,0.0,0.125
22.5,150,1634.350623,0.125,0.0,0.125
23.5,150,1635.009547,0.0,0.0,0.058823529411764705
22.5,150,1635.56034,0.0,0.0,0.125
22.5,150,1637.192665,0.0,0.0,0.0625
22.5,150,1637.54727,0.0,0.0,0.09090909090909091
22.5,150,1638.192538,0.0,0.0,0.09090909090909091
22.5,150,1638.690447,0.0,0.0,0.09090909090909091
22.5,150,1639.270883,0.0,0.0,0.07142857142857142
22.5,150,1639.714589,0.0,0.0,0.0625
22.5,150,1640.354466,0.0,0.0,0.09090909090909091
22.5,150,1640.884434,0.0,0.0,0.08333333333333333
22.5,150,1641.472185,0.0,0.0,0.07142857142857142
22.5,150,1641.882254,0.0,0.0,0.0625
22.5,150,1642.54584,0.04166666666666663,0.0,0.041666666666666664
22.5,150,1643.079228,0.0625,0.0,0.0625
22.5,150,1643.521247,0.07692307692307687,0.0,0.07692307692307693
22.1,150,1643.864581,0.0,0.0,0.14285714285714285
22.5,150,1645.820291,0.0,0.0,0.08333333333333333
22.5,150,1646.406674,0.0,0.0,0.06666666666666667
22.5,150,1647.249619,0.0,0.0,0.058823529411764705
22.5,150,1647.93319,0.06666666666666665,0.0,0.06666666666666667
22.5,150,1648.619402,0.0,0.0,0.09090909090909091
23.5,150,1649.355062,0.0,0.0,0.0625
22.5,150,1650.088672,0.0,0.0,0.1
22.5,150,1650.828217,0.0,0.0,0.09090909090909091
22.5,150,1651.342808,0.0,0.0,0.09090909090909091
22.5,150,1651.982651,0.0,0.0,0.07692307692307693
22.5,150,1652.783282,0.0625,0.0,0.0625
22.5,150,1653.760115,0.0,0.0,0.125
22.5,150,1654.478854,0.0,0.0,0.1
22.5,150,1663.385207,0.11111111111111116,0.0,0.1111111111111111
22.1,150,1664.09585,0.08333333333333337,0.0,0.16666666666666666
22.5,150,1664.771721,0.09090909090909094,0.0,0.09090909090909091
22.5,150,1665.36491,0.0,0.0,0.07142857142857142
22.5,150,1665.954103,0.0,0.0,0.1111111111111111
22.5,150,1666.638861,0.0,0.0,0.14285714285714285
22.5,150,1667.67699,0.05882352941176472,0.0,0.058823529411764705
22.5,150,1668.631841,0.08333333333333337,0.0,0.08333333333333333
22.5,150,1669.511213,0.0,0.0,0.1
22.5,150,1670.402759,0.0,0.0,0.09090909090909091
22.5,150,1671.106589,0.0,0.0,0.08333333333333333
22.5,150,1672.584529,0.0,0.0,0.07692307692307693
22.5,150,1673.430605,0.0,0.0,0.1111111111111111
22.5,150,1674.212511,0.08333333333333337,0.0,0.08333333333333333
22.5,150,1680.411686,0.0,0.0,0.058823529411764705
22.5,150,1680.813648,0.0,0.0,0.09090909090909091
22.5,150,1681.209646,0.0,0.0,0.1
22.5,150,1681.599151,0.0,0.0,0.0625
22.5,150,1682.085623,0.05882352941176472,0.0,0.058823529411764705
22.5,150,1682.497883,0.0,0.0,0.1111111111111111
22.5,150,1682.888354,0.0714285714285714,0.0,0.07142857142857142
22.5,150,1683.316947,0.0,0.0,0.2
22.5,150,1683.769813,0.0,0.0,0.1
22.5,150,1684.243411,0.0,0.0,0.1
22.5,150,1684.642663,0.0,0.0,0.07692307692307693
22.5,150,1685.098469,0.09090909090909094,0.0,0.09090909090909091
22.1,150,1685.51497,0.0714285714285714,0.0,0.14285714285714285
22.5,150,1685.87879,0.09999999999999998,0.0,0.1
