episode,step,x,y
50,0,5,4
50,1,5,4
50,2,5,4
50,3,5,3
50,4,6,3
50,5,6,3
50,6,6,3
50,7,6,3
50,8,7,3
50,9,7,4
50,10,6,4
50,11,6,5
50,12,5,5
50,13,4,5
50,14,5,5
50,15,5,4
50,16,5,5
50,17,5,6
50,18,5,7
50,19,5,7
50,20,4,7
50,21,4,7
50,22,4,7
50,23,4,7
50,24,4,6
50,25,4,7
50,26,4,6
50,27,3,6
50,28,3,7
50,29,4,7
50,30,3,7
50,31,3,7
50,32,3,6
50,33,3,6
50,34,3,6
50,35,3,5
50,36,3,6
50,37,4,6
50,38,4,6
50,39,3,6
50,40,2,6
50,41,2,7
50,42,2,7
50,43,2,7
50,44,2,7
50,45,2,7
50,46,2,7
50,47,2,7
50,48,3,7
50,49,3,6
50,50,3,6
50,51,3,7
50,52,3,7
50,53,2,7
50,54,2,7
50,55,2,6
50,56,1,6
50,57,2,6
50,58,1,6
50,59,1,5
50,60,1,5
50,61,1,5
50,62,1,6
50,63,1,5
50,64,1,6
50,65,1,7
50,66,2,7
50,67,3,7
50,68,3,7
50,69,2,7
50,70,2,7
50,71,2,6
50,72,2,5
50,73,1,5
50,74,2,5
50,75,2,6
50,76,2,6
50,77,2,6
50,78,2,5
50,79,2,6
50,80,2,5
50,81,2,6
50,82,2,5
50,83,2,6
50,84,1,6
50,85,0,6
50,86,0,6
50,87,0,5
50,88,0,4
50,89,0,5
50,90,0,4
50,91,0,3
50,92,0,3
50,93,0,3
50,94,0,3
50,95,0,3
50,96,1,3
50,97,1,3
50,98,0,3
50,99,0,3
50,100,0,2
50,101,0,2
50,102,0,1
50,103,0,2
50,104,0,1
50,105,0,0
50,106,0,1
50,107,0,1
50,108,0,1
50,109,0,2
50,110,0,2
50,111,0,2
50,112,0,2
50,113,0,2
50,114,0,3
50,115,0,2
50,116,1,2
50,117,1,2
50,118,1,3
50,119,1,3
50,120,1,2
50,121,1,2
50,122,0,2
50,123,0,2
50,124,0,2
50,125,0,2
50,126,1,2
50,127,1,3
50,128,1,2
50,129,1,2
50,130,1,3
50,131,1,3
50,132,0,3
50,133,0,3
50,134,0,2
50,135,0,2
50,136,0,3
50,137,0,2
50,138,1,2
50,139,1,3
50,140,1,2
50,141,1,1
50,142,1,0
50,143,1,0
50,144,1,1
50,145,1,1
50,146,1,2
50,147,1,1
50,148,1,2
50,149,1,3
100,0,5,4
100,1,5,4
100,2,5,5
100,3,4,5
100,4,4,6
100,5,4,6
100,6,4,7
100,7,4,7
100,8,3,7
100,9,4,7
100,10,3,7
100,11,3,7
100,12,2,7
100,13,1,7
100,14,0,7
100,15,0,7
100,16,0,7
100,17,0,6
100,18,0,6
100,19,1,6
100,20,0,6
100,21,0,6
100,22,0,6
100,23,0,6
100,24,0,6
100,25,0,7
100,26,0,7
100,27,0,7
100,28,0,7
100,29,0,7
100,30,0,6
100,31,1,6
100,32,1,6
100,33,0,6
100,34,0,7
100,35,0,7
100,36,0,7
100,37,1,7
100,38,2,7
100,39,1,7
100,40,1,7
100,41,1,7
100,42,2,7
100,43,2,7
100,44,2,7
100,45,2,6
100,46,1,6
100,47,1,6
100,48,1,5
100,49,2,5
100,50,2,6
100,51,2,6
100,52,3,6
100,53,3,7
100,54,3,6
100,55,2,6
100,56,2,5
100,57,2,5
100,58,1,5
100,59,1,6
100,60,0,6
100,61,1,6
100,62,0,6
100,63,0,6
100,64,0,6
100,65,0,7
100,66,0,7
100,67,0,7
100,68,1,7
100,69,2,7
100,70,1,7
100,71,1,7
100,72,1,7
100,73,0,7
100,74,0,7
100,75,0,7
100,76,0,7
100,77,0,7
100,78,0,7
100,79,0,7
100,80,0,6
100,81,0,6
100,82,0,6
100,83,0,7
100,84,0,7
100,85,0,7
100,86,0,7
100,87,0,7
100,88,0,7
100,89,1,7
100,90,0,7
100,91,0,7
100,92,0,6
100,93,0,6
100,94,0,6
100,95,0,7
100,96,1,7
100,97,1,7
100,98,0,7
100,99,1,7
100,100,1,7
100,101,0,7
100,102,0,6
100,103,0,6
100,104,0,7
100,105,0,7
100,106,0,7
100,107,1,7
100,108,1,7
100,109,0,7
100,110,0,7
100,111,0,7
100,112,1,7
100,113,2,7
100,114,2,6
100,115,1,6
100,116,0,6
100,117,0,7
100,118,0,7
100,119,0,7
100,120,0,7
100,121,1,7
100,122,1,7
100,123,1,7
100,124,1,7
100,125,1,6
100,126,0,6
100,127,0,6
100,128,0,6
100,129,0,6
100,130,1,6
100,131,1,7
100,132,0,7
100,133,1,7
100,134,1,6
100,135,1,5
100,136,0,5
100,137,1,5
100,138,1,4
100,139,1,3
100,140,1,3
100,141,1,2
100,142,1,3
100,143,1,2
100,144,1,2
100,145,1,2
100,146,1,2
100,147,1,3
100,148,1,4
100,149,1,4
150,0,4,4
150,1,4,5
150,2,4,6
150,3,4,7
150,4,4,7
150,5,3,7
150,6,3,7
150,7,2,7
150,8,1,7
150,9,1,7
150,10,1,6
150,11,1,7
150,12,0,7
150,13,0,7
150,14,0,7
150,15,0,7
150,16,0,7
150,17,0,7
150,18,0,7
150,19,0,7
150,20,1,7
150,21,0,7
150,22,0,7
150,23,0,7
150,24,0,7
150,25,1,7
150,26,0,7
150,27,0,7
150,28,0,7
150,29,0,7
150,30,0,7
150,31,0,7
150,32,1,7
150,33,0,7
150,34,0,7
150,35,0,7
150,36,0,7
150,37,0,7
150,38,0,7
150,39,0,7
150,40,1,7
150,41,0,7
150,42,0,7
150,43,0,6
150,44,1,6
150,45,0,6
150,46,1,6
150,47,1,7
150,48,1,7
150,49,1,7
150,50,0,7
150,51,0,7
150,52,1,7
150,53,0,7
150,54,0,7
150,55,0,7
150,56,1,7
150,57,0,7
150,58,0,7
150,59,0,7
150,60,0,7
150,61,0,7
150,62,0,7
150,63,0,7
150,64,0,7
150,65,0,7
150,66,0,7
150,67,0,7
150,68,0,7
150,69,1,7
150,70,0,7
150,71,0,7
150,72,0,7
150,73,0,7
150,74,0,7
150,75,0,7
150,76,0,7
150,77,0,7
150,78,0,7
150,79,0,7
150,80,0,7
150,81,0,7
150,82,0,7
150,83,0,7
150,84,0,7
150,85,1,7
150,86,0,7
150,87,0,7
150,88,0,7
150,89,0,7
150,90,1,7
150,91,1,7
150,92,0,7
150,93,0,6
150,94,0,6
150,95,0,6
150,96,0,6
150,97,0,6
150,98,0,6
150,99,0,6
150,100,0,7
150,101,0,7
150,102,0,7
150,103,1,7
150,104,0,7
150,105,0,7
150,106,0,7
150,107,1,7
150,108,1,7
150,109,1,7
150,110,1,7
150,111,1,7
150,112,0,7
150,113,0,6
150,114,0,6
150,115,0,6
150,116,0,6
150,117,0,6
150,118,1,6
150,119,0,6
150,120,0,6
150,121,0,6
150,122,0,6
150,123,0,6
150,124,0,6
150,125,0,7
150,126,0,7
150,127,0,7
150,128,1,7
150,129,0,7
150,130,0,7
150,131,0,7
150,132,0,7
150,133,0,7
150,134,1,7
150,135,1,7
150,136,2,7
150,137,1,7
150,138,1,7
150,139,0,7
150,140,0,7
150,141,0,7
150,142,0,7
150,143,1,7
150,144,1,6
150,145,1,7
150,146,1,7
150,147,1,7
150,148,0,7
150,149,0,7
200,0,3,4
200,1,4,4
200,2,4,5
200,3,4,4
200,4,3,4
200,5,3,5
200,6,3,6
200,7,2,6
200,8,2,7
200,9,2,7
200,10,3,7
200,11,4,7
200,12,3,7
200,13,2,7
200,14,3,7
200,15,3,7
200,16,2,7
200,17,2,7
200,18,1,7
200,19,1,6
200,20,0,6
200,21,0,6
200,22,1,6
200,23,0,6
200,24,0,6
200,25,0,6
200,26,1,6
200,27,0,6
200,28,0,6
200,29,0,6
200,30,0,6
200,31,1,6
200,32,1,7
200,33,0,7
200,34,0,7
200,35,0,7
200,36,0,7
200,37,0,7
200,38,0,7
200,39,0,7
200,40,0,7
200,41,0,7
200,42,0,7
200,43,0,7
200,44,0,7
200,45,0,7
200,46,0,7
200,47,0,6
200,48,0,6
200,49,0,6
200,50,1,6
200,51,0,6
200,52,1,6
200,53,0,6
200,54,0,6
200,55,0,6
200,56,0,7
200,57,0,7
200,58,0,7
200,59,0,7
200,60,0,6
200,61,0,7
200,62,0,7
200,63,0,7
200,64,0,7
200,65,0,7
200,66,0,7
200,67,0,7
200,68,0,7
200,69,0,7
200,70,0,7
200,71,0,7
200,72,0,7
200,73,0,7
200,74,0,6
200,75,0,6
200,76,1,6
200,77,1,7
200,78,0,7
200,79,0,7
200,80,0,6
200,81,0,6
200,82,0,6
200,83,0,6
200,84,0,6
200,85,0,6
200,86,0,6
200,87,0,6
200,88,0,7
200,89,0,7
200,90,0,7
200,91,0,7
200,92,0,7
200,93,0,7
200,94,0,7
200,95,0,7
200,96,0,7
200,97,0,7
200,98,0,7
200,99,0,7
200,100,0,7
200,101,0,7
200,102,0,7
200,103,0,7
200,104,0,7
200,105,0,7
200,106,0,7
200,107,0,7
200,108,0,7
200,109,0,7
200,110,0,7
200,111,1,7
200,112,1,6
200,113,0,6
200,114,0,7
200,115,0,7
200,116,0,7
200,117,0,7
200,118,0,7
200,119,0,7
200,120,0,7
200,121,0,7
200,122,0,7
200,123,0,7
200,124,1,7
200,125,0,7
200,126,0,7
200,127,0,7
200,128,0,7
200,129,0,7
200,130,0,7
200,131,0,7
200,132,0,7
200,133,0,7
200,134,0,7
200,135,0,7
200,136,0,7
200,137,1,7
200,138,0,7
200,139,0,7
200,140,0,7
200,141,0,7
200,142,0,7
200,143,0,7
200,144,0,7
200,145,1,7
200,146,0,7
200,147,1,7
200,148,0,7
200,149,0,7
250,0,4,3
250,1,4,3
250,2,4,3
250,3,3,3
250,4,3,4
250,5,3,3
250,6,3,4
250,7,3,5
250,8,4,5
250,9,3,5
250,10,3,4
250,11,2,4
250,12,2,3
250,13,2,2
250,14,2,3
250,15,2,4
250,16,2,5
250,17,2,5
250,18,3,5
250,19,3,6
250,20,3,6
250,21,3,5
250,22,2,5
250,23,2,6
250,24,2,6
250,25,2,6
250,26,1,6
250,27,2,6
250,28,2,5
250,29,1,5
250,30,0,5
250,31,0,6
250,32,0,6
250,33,0,6
250,34,0,6
250,35,0,7
250,36,0,7
250,37,0,7
250,38,0,7
250,39,0,7
250,40,0,7
250,41,0,7
250,42,0,7
250,43,0,7
250,44,0,7
250,45,1,7
250,46,1,6
250,47,0,6
250,48,0,5
250,49,0,5
250,50,0,6
250,51,0,6
250,52,0,6
250,53,0,6
250,54,0,6
250,55,0,6
250,56,0,7
250,57,0,7
250,58,1,7
250,59,0,7
250,60,0,7
250,61,0,7
250,62,1,7
250,63,0,7
250,64,0,7
250,65,0,7
250,66,0,7
250,67,0,7
250,68,0,7
250,69,0,7
250,70,0,7
250,71,0,7
250,72,0,7
250,73,0,7
250,74,0,7
250,75,0,7
250,76,0,7
250,77,0,7
250,78,0,7
250,79,0,7
250,80,0,6
250,81,0,6
250,82,0,5
250,83,0,5
250,84,0,6
250,85,0,6
250,86,0,6
250,87,0,7
250,88,0,7
250,89,0,7
250,90,0,7
250,91,1,7
250,92,2,7
250,93,2,7
250,94,1,7
250,95,0,7
250,96,0,7
250,97,0,7
250,98,0,7
250,99,0,7
250,100,0,7
250,101,0,6
250,102,0,6
250,103,0,6
250,104,0,6
250,105,1,6
250,106,0,6
250,107,0,6
250,108,0,6
250,109,0,6
250,110,0,6
250,111,0,6
250,112,0,6
250,113,0,6
250,114,0,7
250,115,0,7
250,116,0,7
250,117,0,7
250,118,0,6
250,119,0,6
250,120,0,7
250,121,0,7
250,122,0,7
250,123,1,7
250,124,0,7
250,125,0,7
250,126,0,7
250,127,0,7
250,128,1,7
250,129,0,7
250,130,0,7
250,131,0,7
250,132,0,7
250,133,0,7
250,134,1,7
250,135,1,7
250,136,0,7
250,137,0,7
250,138,0,7
250,139,0,7
250,140,1,7
250,141,0,7
250,142,0,7
250,143,0,7
250,144,0,7
250,145,0,7
250,146,0,7
250,147,0,7
250,148,0,7
250,149,0,7
300,0,3,4
300,1,2,4
300,2,2,5
300,3,2,6
300,4,1,6
300,5,0,6
300,6,0,6
300,7,0,6
300,8,0,6
300,9,0,6
300,10,0,6
300,11,0,6
300,12,0,6
300,13,0,6
300,14,0,6
300,15,0,6
300,16,0,7
300,17,0,7
300,18,0,7
300,19,0,7
300,20,1,7
300,21,0,7
300,22,0,7
300,23,0,7
300,24,0,7
300,25,0,7
300,26,1,7
300,27,0,7
300,28,0,7
300,29,0,7
300,30,0,7
300,31,0,7
300,32,0,7
300,33,0,7
300,34,0,7
300,35,0,6
300,36,0,5
300,37,1,5
300,38,1,6
300,39,0,6
300,40,0,6
300,41,0,6
300,42,0,6
300,43,0,7
300,44,0,7
300,45,1,7
300,46,1,7
300,47,0,7
300,48,0,6
300,49,0,6
300,50,0,7
300,51,0,7
300,52,0,7
300,53,0,7
300,54,0,7
300,55,1,7
300,56,0,7
300,57,0,7
300,58,0,7
300,59,0,7
300,60,0,7
300,61,0,7
300,62,0,7
300,63,0,7
300,64,0,6
300,65,0,5
300,66,0,5
300,67,0,5
300,68,0,5
300,69,0,5
300,70,0,5
300,71,0,4
300,72,0,4
300,73,0,4
300,74,0,4
300,75,0,5
300,76,0,5
300,77,0,5
300,78,0,6
300,79,0,7
300,80,0,7
300,81,0,7
300,82,0,7
300,83,0,7
300,84,0,7
300,85,0,7
300,86,0,7
300,87,0,7
300,88,0,7
300,89,0,6
300,90,0,6
300,91,0,6
300,92,0,6
300,93,0,6
300,94,0,7
300,95,0,7
300,96,0,7
300,97,0,7
300,98,0,7
300,99,0,7
300,100,0,7
300,101,0,7
300,102,0,7
300,103,1,7
300,104,0,7
300,105,0,7
300,106,0,7
300,107,0,7
300,108,0,7
300,109,0,7
300,110,0,7
300,111,0,7
300,112,0,7
300,113,0,7
300,114,0,6
300,115,0,6
300,116,0,6
300,117,0,7
300,118,0,7
300,119,0,7
300,120,0,7
300,121,0,6
300,122,0,6
300,123,0,7
300,124,0,7
300,125,0,7
300,126,0,7
300,127,1,7
300,128,1,7
300,129,0,7
300,130,0,7
300,131,0,7
300,132,0,7
300,133,0,7
300,134,0,7
300,135,0,7
300,136,0,7
300,137,0,7
300,138,0,7
300,139,0,7
300,140,0,7
300,141,0,7
300,142,0,7
300,143,0,7
300,144,0,7
300,145,0,7
300,146,0,7
300,147,0,7
300,148,0,7
300,149,0,7
350,0,3,4
350,1,3,5
350,2,3,6
350,3,2,6
350,4,2,7
350,5,1,7
350,6,1,7
350,7,1,7
350,8,0,7
350,9,0,7
350,10,0,7
350,11,0,7
350,12,0,7
350,13,0,7
350,14,0,7
350,15,0,7
350,16,0,7
350,17,0,7
350,18,1,7
350,19,2,7
350,20,2,6
350,21,2,7
350,22,1,7
350,23,2,7
350,24,2,7
350,25,1,7
350,26,0,7
350,27,1,7
350,28,2,7
350,29,1,7
350,30,1,7
350,31,0,7
350,32,0,7
350,33,0,7
350,34,0,7
350,35,0,7
350,36,0,7
350,37,0,7
350,38,0,7
350,39,0,7
350,40,0,7
350,41,0,6
350,42,0,6
350,43,0,6
350,44,0,6
350,45,0,6
350,46,0,7
350,47,0,7
350,48,0,7
350,49,0,7
350,50,0,7
350,51,0,7
350,52,0,7
350,53,0,7
350,54,0,7
350,55,0,7
350,56,0,6
350,57,0,6
350,58,0,6
350,59,0,5
350,60,0,5
350,61,0,6
350,62,1,6
350,63,1,5
350,64,0,5
350,65,0,6
350,66,0,5
350,67,0,6
350,68,0,7
350,69,0,7
350,70,0,7
350,71,0,7
350,72,0,7
350,73,0,7
350,74,0,7
350,75,0,7
350,76,0,7
350,77,0,7
350,78,0,7
350,79,0,7
350,80,0,7
350,81,0,7
350,82,0,7
350,83,0,7
350,84,0,7
350,85,0,7
350,86,0,7
350,87,0,6
350,88,0,6
350,89,0,6
350,90,1,6
350,91,0,6
350,92,0,6
350,93,0,7
350,94,0,7
350,95,0,7
350,96,0,7
350,97,0,7
350,98,0,7
350,99,0,7
350,100,1,7
350,101,0,7
350,102,0,7
350,103,0,7
350,104,0,7
350,105,0,7
350,106,0,7
350,107,0,7
350,108,0,7
350,109,0,7
350,110,0,7
350,111,1,7
350,112,0,7
350,113,0,7
350,114,0,7
350,115,0,7
350,116,0,7
350,117,0,7
350,118,0,7
350,119,0,7
350,120,0,7
350,121,0,7
350,122,0,7
350,123,0,7
350,124,0,7
350,125,0,7
350,126,0,7
350,127,0,7
350,128,0,7
350,129,0,7
350,130,0,7
350,131,0,7
350,132,0,7
350,133,0,7
350,134,0,7
350,135,0,7
350,136,0,7
350,137,0,7
350,138,0,7
350,139,0,7
350,140,0,7
350,141,0,7
350,142,0,7
350,143,0,7
350,144,0,7
350,145,0,7
350,146,0,7
350,147,0,7
350,148,0,7
350,149,0,6
400,0,4,5
400,1,4,4
400,2,3,4
400,3,2,4
400,4,1,4
400,5,1,5
400,6,0,5
400,7,0,6
400,8,0,7
400,9,0,7
400,10,0,7
400,11,0,7
400,12,0,7
400,13,0,7
400,14,0,7
400,15,0,7
400,16,0,7
400,17,1,7
400,18,0,7
400,19,1,7
400,20,0,7
400,21,0,7
400,22,0,7
400,23,0,7
400,24,0,7
400,25,0,7
400,26,0,7
400,27,0,7
400,28,0,7
400,29,0,7
400,30,0,7
400,31,0,7
400,32,0,7
400,33,0,7
400,34,0,6
400,35,0,6
400,36,0,6
400,37,0,7
400,38,0,7
400,39,0,7
400,40,1,7
400,41,0,7
400,42,0,7
400,43,0,6
400,44,0,6
400,45,0,6
400,46,0,6
400,47,0,6
400,48,0,6
400,49,0,6
400,50,0,7
400,51,0,7
400,52,0,7
400,53,0,7
400,54,0,7
400,55,0,7
400,56,0,7
400,57,0,7
400,58,0,7
400,59,0,7
400,60,0,7
400,61,0,7
400,62,0,7
400,63,0,7
400,64,0,7
400,65,0,6
400,66,0,6
400,67,0,6
400,68,0,7
400,69,0,7
400,70,0,7
400,71,1,7
400,72,1,7
400,73,1,6
400,74,1,7
400,75,0,7
400,76,0,7
400,77,0,6
400,78,0,5
400,79,0,6
400,80,0,6
400,81,0,7
400,82,0,7
400,83,0,7
400,84,0,7
400,85,0,7
400,86,0,7
400,87,0,7
400,88,0,7
400,89,0,7
400,90,0,7
400,91,0,7
400,92,0,7
400,93,0,7
400,94,0,7
400,95,0,7
400,96,0,7
400,97,0,7
400,98,0,7
400,99,1,7
400,100,1,7
400,101,0,7
400,102,0,7
400,103,0,7
400,104,0,7
400,105,0,7
400,106,0,7
400,107,0,7
400,108,0,7
400,109,0,7
400,110,0,7
400,111,0,7
400,112,0,7
400,113,0,7
400,114,0,7
400,115,0,7
400,116,0,7
400,117,0,7
400,118,0,7
400,119,0,7
400,120,0,7
400,121,0,6
400,122,0,6
400,123,0,7
400,124,0,7
400,125,0,7
400,126,0,7
400,127,0,7
400,128,0,7
400,129,0,7
400,130,0,7
400,131,0,7
400,132,0,7
400,133,0,7
400,134,0,7
400,135,0,7
400,136,0,7
400,137,0,7
400,138,0,7
400,139,0,7
400,140,0,7
400,141,0,7
400,142,0,7
400,143,1,7
400,144,1,7
400,145,0,7
400,146,0,7
400,147,0,7
400,148,0,7
400,149,0,7
450,0,3,4
450,1,3,5
450,2,3,6
450,3,3,7
450,4,2,7
450,5,1,7
450,6,0,7
450,7,0,7
450,8,1,7
450,9,1,7
450,10,0,7
450,11,0,7
450,12,0,7
450,13,0,7
450,14,0,7
450,15,0,7
450,16,0,7
450,17,0,7
450,18,0,7
450,19,0,7
450,20,1,7
450,21,0,7
450,22,0,7
450,23,0,7
450,24,0,7
450,25,0,7
450,26,1,7
450,27,0,7
450,28,0,7
450,29,0,6
450,30,1,6
450,31,0,6
450,32,0,6
450,33,0,6
450,34,0,6
450,35,0,6
450,36,0,6
450,37,0,6
450,38,0,7
450,39,0,7
450,40,0,7
450,41,0,7
450,42,0,7
450,43,0,6
450,44,0,6
450,45,0,6
450,46,0,6
450,47,0,6
450,48,0,6
450,49,0,6
450,50,1,6
450,51,0,6
450,52,0,6
450,53,0,6
450,54,0,6
450,55,0,6
450,56,0,6
450,57,0,6
450,58,0,6
450,59,0,6
450,60,0,5
450,61,0,5
450,62,0,4
450,63,0,4
450,64,0,4
450,65,0,5
450,66,0,5
450,67,0,5
450,68,0,5
450,69,0,6
450,70,0,6
450,71,0,5
450,72,0,5
450,73,0,5
450,74,0,5
450,75,0,5
450,76,0,5
450,77,1,5
450,78,0,5
450,79,0,5
450,80,0,5
450,81,0,5
450,82,0,5
450,83,0,5
450,84,0,5
450,85,0,5
450,86,0,4
450,87,0,4
450,88,0,4
450,89,0,5
450,90,0,5
450,91,0,5
450,92,0,5
450,93,0,5
450,94,0,6
450,95,0,6
450,96,0,6
450,97,0,7
450,98,0,7
450,99,0,7
450,100,0,6
450,101,0,5
450,102,0,5
450,103,0,5
450,104,0,5
450,105,0,6
450,106,0,7
450,107,0,7
450,108,0,7
450,109,0,7
450,110,0,7
450,111,0,7
450,112,0,7
450,113,0,7
450,114,0,7
450,115,0,7
450,116,0,7
450,117,0,6
450,118,0,6
450,119,0,6
450,120,0,6
450,121,0,6
450,122,0,6
450,123,1,6
450,124,0,6
450,125,0,6
450,126,0,6
450,127,0,6
450,128,0,6
450,129,1,6
450,130,0,6
450,131,0,7
450,132,0,6
450,133,0,6
450,134,0,6
450,135,0,6
450,136,0,7
450,137,0,7
450,138,0,7
450,139,0,7
450,140,0,7
450,141,0,7
450,142,0,7
450,143,0,7
450,144,0,7
450,145,0,7
450,146,0,7
450,147,0,7
450,148,0,7
450,149,0,7
500,0,3,4
500,1,3,4
500,2,2,4
500,3,2,3
500,4,1,3
500,5,2,3
500,6,2,2
500,7,1,2
500,8,0,2
500,9,0,2
500,10,0,3
500,11,0,4
500,12,0,5
500,13,1,5
500,14,0,5
500,15,0,5
500,16,0,5
500,17,0,5
500,18,0,6
500,19,0,7
500,20,0,7
500,21,0,7
500,22,0,7
500,23,0,7
500,24,0,7
500,25,0,7
500,26,0,7
500,27,0,7
500,28,0,7
500,29,0,7
500,30,0,7
500,31,0,7
500,32,0,7
500,33,0,7
500,34,0,6
500,35,0,6
500,36,0,6
500,37,0,6
500,38,0,6
500,39,0,6
500,40,0,6
500,41,1,6
500,42,0,6
500,43,0,6
500,44,0,7
500,45,0,7
500,46,0,7
500,47,1,7
500,48,0,7
500,49,0,6
500,50,0,6
500,51,0,7
500,52,0,7
500,53,0,7
500,54,1,7
500,55,1,7
500,56,0,7
500,57,0,7
500,58,0,7
500,59,1,7
500,60,2,7
500,61,1,7
500,62,0,7
500,63,0,7
500,64,0,7
500,65,0,7
500,66,0,7
500,67,0,7
500,68,0,7
500,69,0,7
500,70,0,7
500,71,0,6
500,72,0,6
500,73,0,7
500,74,0,6
500,75,0,6
500,76,0,6
500,77,0,6
500,78,0,7
500,79,1,7
500,80,0,7
500,81,0,7
500,82,0,7
500,83,0,7
500,84,0,7
500,85,0,7
500,86,0,7
500,87,0,7
500,88,0,7
500,89,1,7
500,90,1,6
500,91,2,6
500,92,1,6
500,93,0,6
500,94,0,5
500,95,0,5
500,96,0,5
500,97,0,5
500,98,0,6
500,99,1,6
500,100,0,6
500,101,1,6
500,102,1,7
500,103,0,7
500,104,1,7
500,105,0,7
500,106,0,7
500,107,0,7
500,108,0,6
500,109,0,5
500,110,0,6
500,111,0,6
500,112,0,6
500,113,0,6
500,114,0,6
500,115,0,6
500,116,0,5
500,117,0,5
500,118,0,5
500,119,0,5
500,120,0,5
500,121,0,5
500,122,0,4
500,123,0,3
500,124,0,4
500,125,0,5
500,126,0,6
500,127,0,6
500,128,0,6
500,129,0,6
500,130,0,6
500,131,0,7
500,132,0,7
500,133,0,7
500,134,0,6
500,135,0,6
500,136,0,6
500,137,0,6
500,138,0,6
500,139,0,6
500,140,0,6
500,141,1,6
500,142,0,6
500,143,1,6
500,144,0,6
500,145,0,6
500,146,0,6
500,147,0,6
500,148,1,6
500,149,0,6
550,0,3,4
550,1,3,3
550,2,3,3
550,3,3,4
550,4,2,4
550,5,2,3
550,6,2,4
550,7,1,4
550,8,0,4
550,9,0,4
550,10,0,5
550,11,0,6
550,12,0,6
550,13,0,6
550,14,0,5
550,15,0,5
550,16,0,6
550,17,0,6
550,18,0,7
550,19,0,7
550,20,0,7
550,21,0,7
550,22,0,7
550,23,0,7
550,24,0,7
550,25,1,7
550,26,0,7
550,27,0,6
550,28,0,5
550,29,0,5
550,30,1,5
550,31,2,5
550,32,1,5
550,33,0,5
550,34,0,5
550,35,0,6
550,36,1,6
550,37,0,6
550,38,0,6
550,39,0,6
550,40,0,7
550,41,0,7
550,42,1,7
550,43,0,7
550,44,0,7
550,45,1,7
550,46,0,7
550,47,0,7
550,48,0,7
550,49,0,6
550,50,0,6
550,51,0,6
550,52,0,6
550,53,0,6
550,54,0,6
550,55,0,7
550,56,0,7
550,57,0,7
550,58,0,7
550,59,0,7
550,60,0,7
550,61,0,7
550,62,0,7
550,63,0,7
550,64,0,7
550,65,0,6
550,66,1,6
550,67,2,6
550,68,1,6
550,69,2,6
550,70,3,6
550,71,2,6
550,72,1,6
550,73,1,5
550,74,1,6
550,75,0,6
550,76,1,6
550,77,1,5
550,78,1,6
550,79,0,6
550,80,0,6
550,81,0,6
550,82,0,6
550,83,0,6
550,84,0,7
550,85,0,7
550,86,0,7
550,87,0,7
550,88,0,6
550,89,0,7
550,90,0,7
550,91,0,6
550,92,0,5
550,93,1,5
550,94,0,5
550,95,0,5
550,96,0,6
550,97,0,7
550,98,0,7
550,99,0,7
550,100,0,7
550,101,1,7
550,102,0,7
550,103,0,7
550,104,0,7
550,105,0,7
550,106,0,6
550,107,0,6
550,108,0,7
550,109,1,7
550,110,0,7
550,111,0,7
550,112,0,7
550,113,0,7
550,114,0,7
550,115,0,7
550,116,0,7
550,117,0,7
550,118,0,7
550,119,0,7
550,120,0,7
550,121,0,7
550,122,0,6
550,123,0,6
550,124,0,6
550,125,1,6
550,126,1,7
550,127,2,7
550,128,2,7
550,129,1,7
550,130,0,7
550,131,0,7
550,132,0,7
550,133,0,7
550,134,1,7
550,135,2,7
550,136,2,7
550,137,1,7
550,138,0,7
550,139,0,7
550,140,0,7
550,141,0,7
550,142,0,7
550,143,1,7
550,144,0,7
550,145,0,7
550,146,0,7
550,147,0,7
550,148,0,7
550,149,1,7
600,0,3,4
600,1,4,4
600,2,4,3
600,3,4,4
600,4,3,4
600,5,2,4
600,6,2,3
600,7,2,4
600,8,1,4
600,9,0,4
600,10,0,5
600,11,0,6
600,12,0,6
600,13,0,7
600,14,0,7
600,15,0,6
600,16,0,6
600,17,0,5
600,18,0,6
600,19,0,6
600,20,0,6
600,21,0,6
600,22,0,7
600,23,0,7
600,24,0,7
600,25,0,7
600,26,0,7
600,27,0,7
600,28,0,7
600,29,0,7
600,30,1,7
600,31,0,7
600,32,0,6
600,33,0,6
600,34,0,5
600,35,0,6
600,36,0,7
600,37,0,7
600,38,0,7
600,39,0,7
600,40,0,7
600,41,0,7
600,42,0,7
600,43,0,7
600,44,0,7
600,45,0,7
600,46,0,7
600,47,0,7
600,48,0,7
600,49,0,7
600,50,0,7
600,51,0,7
600,52,0,7
600,53,0,7
600,54,0,7
600,55,0,7
600,56,0,7
600,57,0,7
600,58,0,7
600,59,0,7
600,60,0,7
600,61,1,7
600,62,0,7
600,63,0,7
600,64,0,7
600,65,0,7
600,66,0,7
600,67,1,7
600,68,1,7
600,69,0,7
600,70,0,7
600,71,0,7
600,72,0,7
600,73,0,7
600,74,0,7
600,75,0,7
600,76,1,7
600,77,0,7
600,78,0,6
600,79,0,6
600,80,0,5
600,81,0,4
600,82,0,4
600,83,0,3
600,84,0,4
600,85,0,4
600,86,0,4
600,87,0,4
600,88,0,4
600,89,1,4
600,90,0,4
600,91,0,4
600,92,0,4
600,93,0,5
600,94,0,5
600,95,0,4
600,96,0,5
600,97,0,5
600,98,0,5
600,99,0,6
600,100,0,5
600,101,0,5
600,102,0,5
600,103,0,5
600,104,0,6
600,105,0,6
600,106,0,6
600,107,0,7
600,108,0,7
600,109,0,7
600,110,0,7
600,111,0,7
600,112,0,7
600,113,0,7
600,114,1,7
600,115,0,7
600,116,0,7
600,117,0,7
600,118,0,7
600,119,0,7
600,120,0,7
600,121,0,7
600,122,1,7
600,123,0,7
600,124,0,7
600,125,0,7
600,126,0,7
600,127,0,7
600,128,0,7
600,129,0,7
600,130,0,7
600,131,0,7
600,132,0,7
600,133,0,7
600,134,0,7
600,135,0,7
600,136,0,7
600,137,0,7
600,138,1,7
600,139,1,6
600,140,0,6
600,141,0,6
600,142,0,6
600,143,0,6
600,144,0,6
600,145,0,5
600,146,1,5
600,147,0,5
600,148,0,5
600,149,0,5
650,0,3,4
650,1,3,5
650,2,2,5
650,3,1,5
650,4,2,5
650,5,2,6
650,6,1,6
650,7,0,6
650,8,0,6
650,9,0,7
650,10,0,7
650,11,0,6
650,12,1,6
650,13,0,6
650,14,0,6
650,15,0,6
650,16,0,6
650,17,0,7
650,18,0,7
650,19,0,7
650,20,0,7
650,21,0,6
650,22,0,6
650,23,0,6
650,24,0,5
650,25,0,6
650,26,0,6
650,27,0,6
650,28,0,5
650,29,0,6
650,30,0,5
650,31,0,6
650,32,0,6
650,33,0,7
650,34,0,7
650,35,0,7
650,36,0,7
650,37,0,7
650,38,0,7
650,39,0,7
650,40,0,7
650,41,0,7
650,42,0,6
650,43,0,7
650,44,0,7
650,45,0,6
650,46,0,6
650,47,0,7
650,48,0,7
650,49,0,6
650,50,0,6
650,51,0,6
650,52,0,6
650,53,0,6
650,54,0,5
650,55,0,5
650,56,0,6
650,57,0,6
650,58,0,6
650,59,0,7
650,60,0,7
650,61,0,6
650,62,0,6
650,63,0,5
650,64,0,6
650,65,0,6
650,66,0,6
650,67,0,7
650,68,0,6
650,69,0,6
650,70,0,6
650,71,0,6
650,72,0,7
650,73,0,7
650,74,0,7
650,75,0,7
650,76,0,7
650,77,0,7
650,78,0,7
650,79,0,7
650,80,0,7
650,81,0,7
650,82,0,7
650,83,1,7
650,84,0,7
650,85,0,7
650,86,0,7
650,87,0,7
650,88,0,7
650,89,0,7
650,90,0,7
650,91,0,7
650,92,0,7
650,93,0,7
650,94,0,6
650,95,1,6
650,96,2,6
650,97,1,6
650,98,1,7
650,99,1,7
650,100,0,7
650,101,0,7
650,102,0,7
650,103,0,7
650,104,0,7
650,105,0,7
650,106,0,7
650,107,0,7
650,108,0,7
650,109,0,7
650,110,0,7
650,111,0,7
650,112,0,7
650,113,0,7
650,114,0,7
650,115,0,7
650,116,0,7
650,117,0,7
650,118,0,7
650,119,0,7
650,120,0,7
650,121,0,7
650,122,0,7
650,123,0,7
650,124,0,7
650,125,0,7
650,126,0,7
650,127,0,7
650,128,0,7
650,129,0,7
650,130,0,7
650,131,0,7
650,132,0,7
650,133,0,7
650,134,0,7
650,135,0,7
650,136,0,6
650,137,0,6
650,138,0,6
650,139,0,7
650,140,0,7
650,141,0,7
650,142,0,7
650,143,0,7
650,144,0,7
650,145,0,7
650,146,0,7
650,147,0,7
650,148,0,7
650,149,0,7
700,0,4,5
700,1,4,6
700,2,4,7
700,3,3,7
700,4,2,7
700,5,1,7
700,6,0,7
700,7,0,7
700,8,0,7
700,9,0,7
700,10,0,7
700,11,0,7
700,12,0,7
700,13,0,7
700,14,1,7
700,15,0,7
700,16,0,7
700,17,1,7
700,18,0,7
700,19,0,7
700,20,0,6
700,21,0,6
700,22,0,6
700,23,0,6
700,24,0,7
700,25,0,7
700,26,0,7
700,27,1,7
700,28,0,7
700,29,0,7
700,30,0,7
700,31,0,7
700,32,0,7
700,33,0,7
700,34,0,7
700,35,0,7
700,36,0,7
700,37,0,7
700,38,0,7
700,39,0,7
700,40,0,7
700,41,0,7
700,42,0,7
700,43,0,7
700,44,0,7
700,45,0,7
700,46,0,7
700,47,0,7
700,48,0,7
700,49,0,7
700,50,0,7
700,51,0,7
700,52,0,7
700,53,0,7
700,54,0,7
700,55,0,7
700,56,0,7
700,57,0,7
700,58,0,7
700,59,0,7
700,60,0,7
700,61,0,7
700,62,0,7
700,63,0,7
700,64,0,7
700,65,0,7
700,66,0,7
700,67,0,7
700,68,0,7
700,69,0,7
700,70,0,7
700,71,0,7
700,72,0,7
700,73,0,7
700,74,0,7
700,75,0,7
700,76,0,7
700,77,0,7
700,78,1,7
700,79,0,7
700,80,0,7
700,81,0,7
700,82,0,7
700,83,0,7
700,84,0,7
700,85,0,7
700,86,0,7
700,87,0,7
700,88,0,7
700,89,0,7
700,90,0,7
700,91,0,7
700,92,0,7
700,93,0,6
700,94,0,6
700,95,0,6
700,96,0,6
700,97,0,7
700,98,0,7
700,99,0,7
700,100,0,7
700,101,0,7
700,102,0,7
700,103,0,7
700,104,0,7
700,105,0,7
700,106,0,7
700,107,0,7
700,108,0,7
700,109,0,7
700,110,0,7
700,111,0,7
700,112,0,7
700,113,0,7
700,114,0,7
700,115,0,7
700,116,0,7
700,117,0,7
700,118,0,7
700,119,0,7
700,120,0,6
700,121,1,6
700,122,0,6
700,123,0,5
700,124,0,4
700,125,0,5
700,126,0,5
700,127,0,5
700,128,0,6
700,129,0,6
700,130,0,6
700,131,0,5
700,132,0,6
700,133,0,7
700,134,1,7
700,135,0,7
700,136,0,7
700,137,0,7
700,138,0,7
700,139,0,7
700,140,0,7
700,141,0,7
700,142,0,7
700,143,0,7
700,144,0,7
700,145,0,6
700,146,0,6
700,147,0,7
700,148,0,7
700,149,0,7
750,0,4,5
750,1,4,6
750,2,4,7
750,3,4,7
750,4,3,7
750,5,3,6
750,6,2,6
750,7,1,6
750,8,0,6
750,9,0,6
750,10,0,6
750,11,0,6
750,12,0,5
750,13,0,6
750,14,0,7
750,15,1,7
750,16,0,7
750,17,0,7
750,18,0,7
750,19,0,7
750,20,0,7
750,21,0,7
750,22,1,7
750,23,0,7
750,24,0,7
750,25,0,7
750,26,0,7
750,27,0,7
750,28,0,7
750,29,1,7
750,30,0,7
750,31,0,7
750,32,0,7
750,33,0,7
750,34,0,7
750,35,0,7
750,36,0,7
750,37,0,7
750,38,0,7
750,39,0,7
750,40,0,7
750,41,0,7
750,42,0,7
750,43,0,7
750,44,0,7
750,45,0,7
750,46,0,7
750,47,0,7
750,48,0,7
750,49,0,7
750,50,0,7
750,51,0,7
750,52,0,7
750,53,0,7
750,54,0,7
750,55,0,7
750,56,0,7
750,57,0,7
750,58,0,6
750,59,0,6
750,60,0,6
750,61,0,6
750,62,0,6
750,63,0,6
750,64,0,6
750,65,0,6
750,66,0,6
750,67,0,6
750,68,0,6
750,69,0,6
750,70,0,7
750,71,0,7
750,72,0,7
750,73,0,7
750,74,0,7
750,75,0,7
750,76,0,7
750,77,0,7
750,78,0,7
750,79,0,7
750,80,0,7
750,81,0,7
750,82,0,7
750,83,0,7
750,84,0,7
750,85,0,7
750,86,0,7
750,87,0,7
750,88,0,7
750,89,0,7
750,90,0,7
750,91,0,7
750,92,0,6
750,93,0,6
750,94,0,6
750,95,0,6
750,96,0,7
750,97,0,6
750,98,0,6
750,99,0,6
750,100,0,6
750,101,0,6
750,102,0,6
750,103,0,6
750,104,0,6
750,105,0,6
750,106,0,5
750,107,0,5
750,108,0,6
750,109,0,6
750,110,0,6
750,111,0,6
750,112,0,6
750,113,0,6
750,114,0,6
750,115,0,7
750,116,0,7
750,117,0,7
750,118,0,7
750,119,0,7
750,120,0,7
750,121,1,7
750,122,1,6
750,123,1,7
750,124,0,7
750,125,0,7
750,126,0,7
750,127,0,7
750,128,0,7
750,129,0,6
750,130,0,6
750,131,0,6
750,132,1,6
750,133,1,5
750,134,0,5
750,135,0,6
750,136,0,6
750,137,0,6
750,138,0,6
750,139,0,7
750,140,0,7
750,141,0,7
750,142,0,7
750,143,0,7
750,144,0,7
750,145,0,7
750,146,0,7
750,147,0,7
750,148,0,7
750,149,0,7
800,0,3,4
800,1,3,5
800,2,3,6
800,3,2,6
800,4,1,6
800,5,0,6
800,6,0,6
800,7,0,6
800,8,0,6
800,9,0,6
800,10,0,6
800,11,0,6
800,12,0,6
800,13,0,7
800,14,0,7
800,15,0,7
800,16,0,7
800,17,0,7
800,18,0,7
800,19,0,7
800,20,0,7
800,21,0,7
800,22,0,7
800,23,0,7
800,24,0,6
800,25,0,6
800,26,0,6
800,27,0,6
800,28,0,6
800,29,0,7
800,30,0,7
800,31,0,7
800,32,0,7
800,33,0,7
800,34,0,7
800,35,0,7
800,36,0,6
800,37,0,6
800,38,0,6
800,39,0,6
800,40,0,6
800,41,0,6
800,42,0,7
800,43,0,7
800,44,0,7
800,45,0,7
800,46,0,7
800,47,0,7
800,48,0,7
800,49,0,7
800,50,0,7
800,51,0,6
800,52,0,6
800,53,0,5
800,54,1,5
800,55,0,5
800,56,0,6
800,57,0,5
800,58,0,6
800,59,0,6
800,60,0,6
800,61,0,5
800,62,0,6
800,63,0,5
800,64,0,6
800,65,0,6
800,66,1,6
800,67,1,7
800,68,0,7
800,69,0,7
800,70,0,7
800,71,0,7
800,72,0,7
800,73,0,7
800,74,0,7
800,75,0,6
800,76,0,5
800,77,0,5
800,78,0,5
800,79,0,6
800,80,0,6
800,81,0,6
800,82,0,6
800,83,0,6
800,84,0,6
800,85,0,6
800,86,0,6
800,87,0,6
800,88,0,5
800,89,0,5
800,90,0,6
800,91,0,6
800,92,1,6
800,93,0,6
800,94,0,6
800,95,0,6
800,96,0,6
800,97,0,5
800,98,0,6
800,99,0,6
800,100,0,6
800,101,0,5
800,102,0,6
800,103,0,6
800,104,0,6
800,105,0,5
800,106,0,5
800,107,0,6
800,108,0,6
800,109,0,6
800,110,0,6
800,111,1,6
800,112,0,6
800,113,0,6
800,114,0,6
800,115,0,5
800,116,0,6
800,117,0,5
800,118,0,6
800,119,0,5
800,120,0,6
800,121,0,6
800,122,0,5
800,123,0,6
800,124,0,6
800,125,0,5
800,126,0,6
800,127,0,7
800,128,0,7
800,129,0,7
800,130,0,7
800,131,0,7
800,132,0,7
800,133,0,7
800,134,0,7
800,135,0,7
800,136,0,7
800,137,0,7
800,138,0,7
800,139,0,7
800,140,0,7
800,141,0,7
800,142,0,7
800,143,0,7
800,144,0,7
800,145,0,7
800,146,0,7
800,147,0,7
800,148,0,7
800,149,0,7
850,0,3,4
850,1,2,4
850,2,1,4
850,3,1,5
850,4,1,6
850,5,0,6
850,6,0,6
850,7,0,5
850,8,0,6
850,9,1,6
850,10,1,5
850,11,1,6
850,12,0,6
850,13,0,5
850,14,0,6
850,15,0,6
850,16,0,6
850,17,0,5
850,18,0,6
850,19,0,7
850,20,0,7
850,21,0,7
850,22,0,6
850,23,0,6
850,24,0,6
850,25,0,5
850,26,0,4
850,27,0,3
850,28,0,4
850,29,0,3
850,30,1,3
850,31,1,3
850,32,1,3
850,33,0,3
850,34,0,4
850,35,0,3
850,36,0,4
850,37,0,5
850,38,0,6
850,39,0,5
850,40,0,5
850,41,0,6
850,42,0,7
850,43,0,7
850,44,0,6
850,45,0,6
850,46,0,5
850,47,0,5
850,48,0,6
850,49,0,5
850,50,0,6
850,51,0,7
850,52,0,7
850,53,0,6
850,54,0,6
850,55,0,6
850,56,0,7
850,57,0,7
850,58,0,7
850,59,0,7
850,60,0,7
850,61,0,7
850,62,0,6
850,63,0,5
850,64,0,6
850,65,0,6
850,66,0,6
850,67,0,5
850,68,1,5
850,69,1,6
850,70,0,6
850,71,0,6
850,72,0,6
850,73,0,7
850,74,0,7
850,75,0,7
850,76,0,6
850,77,0,6
850,78,0,5
850,79,0,6
850,80,0,5
850,81,0,6
850,82,0,6
850,83,0,6
850,84,0,5
850,85,0,6
850,86,0,6
850,87,0,5
850,88,0,4
850,89,0,5
850,90,0,6
850,91,0,6
850,92,0,5
850,93,0,6
850,94,0,6
850,95,0,6
850,96,0,7
850,97,0,7
850,98,0,6
850,99,0,6
850,100,0,5
850,101,1,5
850,102,1,5
850,103,1,5
850,104,2,5
850,105,1,5
850,106,1,6
850,107,0,6
850,108,0,7
850,109,0,7
850,110,0,7
850,111,0,6
850,112,0,5
850,113,0,5
850,114,0,6
850,115,0,5
850,116,0,6
850,117,0,6
850,118,0,6
850,119,0,6
850,120,1,6
850,121,0,6
850,122,0,6
850,123,0,5
850,124,0,5
850,125,0,6
850,126,0,6
850,127,0,6
850,128,0,7
850,129,0,7
850,130,0,7
850,131,0,7
850,132,0,7
850,133,0,7
850,134,0,7
850,135,0,6
850,136,0,6
850,137,0,6
850,138,0,6
850,139,0,6
850,140,0,6
850,141,0,6
850,142,0,7
850,143,0,7
850,144,0,7
850,145,0,7
850,146,0,7
850,147,1,7
850,148,0,7
850,149,0,7
900,0,3,4
900,1,2,4
900,2,2,5
900,3,2,4
900,4,1,4
900,5,1,5
900,6,0,5
900,7,0,5
900,8,0,6
900,9,0,6
900,10,0,6
900,11,0,7
900,12,0,7
900,13,0,6
900,14,0,5
900,15,0,5
900,16,0,6
900,17,0,7
900,18,0,7
900,19,0,7
900,20,0,6
900,21,0,5
900,22,1,5
900,23,1,6
900,24,1,5
900,25,0,5
900,26,0,6
900,27,0,7
900,28,0,7
900,29,0,7
900,30,0,6
900,31,0,6
900,32,0,6
900,33,0,6
900,34,0,5
900,35,0,6
900,36,0,6
900,37,0,7
900,38,0,7
900,39,0,7
900,40,0,7
900,41,0,7
900,42,0,7
900,43,0,7
900,44,0,7
900,45,0,7
900,46,0,7
900,47,0,7
900,48,0,6
900,49,0,5
900,50,0,5
900,51,0,5
900,52,0,5
900,53,0,6
900,54,0,6
900,55,0,6
900,56,0,5
900,57,0,6
900,58,0,7
900,59,0,6
900,60,0,6
900,61,0,6
900,62,0,6
900,63,0,5
900,64,0,5
900,65,0,4
900,66,0,3
900,67,0,3
900,68,0,4
900,69,0,5
900,70,0,5
900,71,0,5
900,72,0,6
900,73,0,6
900,74,0,6
900,75,0,5
900,76,0,6
900,77,0,6
900,78,0,6
900,79,0,6
900,80,0,6
900,81,0,6
900,82,0,6
900,83,0,6
900,84,0,6
900,85,0,6
900,86,0,7
900,87,0,7
900,88,0,6
900,89,0,6
900,90,0,7
900,91,0,7
900,92,0,7
900,93,0,6
900,94,0,6
900,95,0,5
900,96,0,6
900,97,0,5
900,98,0,5
900,99,0,5
900,100,0,4
900,101,0,5
900,102,0,5
900,103,1,5
900,104,2,5
900,105,1,5
900,106,1,4
900,107,1,5
900,108,1,6
900,109,0,6
900,110,0,6
900,111,0,6
900,112,0,5
900,113,0,4
900,114,0,5
900,115,0,5
900,116,0,4
900,117,0,5
900,118,0,6
900,119,0,6
900,120,0,6
900,121,0,7
900,122,0,6
900,123,0,6
900,124,0,7
900,125,0,7
900,126,0,7
900,127,0,7
900,128,0,7
900,129,0,7
900,130,0,7
900,131,0,7
900,132,0,7
900,133,0,7
900,134,0,7
900,135,0,7
900,136,0,7
900,137,0,7
900,138,0,7
900,139,0,7
900,140,0,6
900,141,0,7
900,142,0,7
900,143,0,7
900,144,0,7
900,145,0,7
900,146,0,7
900,147,0,7
900,148,0,7
900,149,0,7
950,0,4,5
950,1,4,6
950,2,4,7
950,3,4,6
950,4,4,7
950,5,4,7
950,6,4,7
950,7,4,6
950,8,3,6
950,9,3,7
950,10,3,7
950,11,2,7
950,12,2,7
950,13,1,7
950,14,1,6
950,15,0,6
950,16,1,6
950,17,1,5
950,18,2,5
950,19,3,5
950,20,3,6
950,21,2,6
950,22,2,7
950,23,1,7
950,24,0,7
950,25,0,7
950,26,0,6
950,27,0,5
950,28,0,5
950,29,0,6
950,30,0,7
950,31,0,7
950,32,1,7
950,33,0,7
950,34,0,6
950,35,0,6
950,36,0,6
950,37,0,6
950,38,0,5
950,39,0,5
950,40,0,6
950,41,0,6
950,42,0,6
950,43,0,7
950,44,0,7
950,45,0,6
950,46,0,5
950,47,0,6
950,48,1,6
950,49,1,7
950,50,1,7
950,51,1,7
950,52,1,7
950,53,0,7
950,54,0,7
950,55,0,7
950,56,0,7
950,57,0,6
950,58,0,5
950,59,0,6
950,60,0,6
950,61,0,7
950,62,0,7
950,63,0,7
950,64,0,7
950,65,0,7
950,66,0,7
950,67,0,6
950,68,1,6
950,69,1,5
950,70,1,6
950,71,1,7
950,72,0,7
950,73,0,7
950,74,0,7
950,75,0,7
950,76,0,7
950,77,0,7
950,78,0,7
950,79,0,7
950,80,0,7
950,81,0,6
950,82,0,6
950,83,0,6
950,84,0,6
950,85,1,6
950,86,0,6
950,87,0,6
950,88,0,6
950,89,0,5
950,90,0,6
950,91,0,6
950,92,0,5
950,93,1,5
950,94,1,6
950,95,0,6
950,96,0,7
950,97,0,7
950,98,0,7
950,99,0,6
950,100,0,5
950,101,0,4
950,102,0,4
950,103,0,4
950,104,0,5
950,105,0,6
950,106,0,7
950,107,0,6
950,108,0,7
950,109,0,7
950,110,0,7
950,111,0,7
950,112,0,7
950,113,0,7
950,114,0,7
950,115,0,7
950,116,0,7
950,117,0,7
950,118,0,7
950,119,0,7
950,120,0,7
950,121,0,7
950,122,0,7
950,123,0,7
950,124,0,7
950,125,0,7
950,126,0,7
950,127,0,7
950,128,0,7
950,129,0,7
950,130,0,7
950,131,0,7
950,132,0,7
950,133,0,7
950,134,0,7
950,135,0,7
950,136,0,7
950,137,0,7
950,138,0,7
950,139,0,7
950,140,0,7
950,141,0,7
950,142,0,7
950,143,0,7
950,144,0,7
950,145,0,7
950,146,0,7
950,147,0,7
950,148,0,7
950,149,0,7
1000,0,4,5
1000,1,3,5
1000,2,3,5
1000,3,3,5
1000,4,3,6
1000,5,4,6
1000,6,4,7
1000,7,3,7
1000,8,3,7
1000,9,2,7
1000,10,1,7
1000,11,1,6
1000,12,0,6
1000,13,0,5
1000,14,1,5
1000,15,0,5
1000,16,0,5
1000,17,0,5
1000,18,0,4
1000,19,0,4
1000,20,0,4
1000,21,1,4
1000,22,1,5
1000,23,0,5
1000,24,0,6
1000,25,0,7
1000,26,0,7
1000,27,0,6
1000,28,0,6
1000,29,0,5
1000,30,0,4
1000,31,0,3
1000,32,0,4
1000,33,0,3
1000,34,0,3
1000,35,0,3
1000,36,0,4
1000,37,1,4
1000,38,1,5
1000,39,0,5
1000,40,0,6
1000,41,1,6
1000,42,2,6
1000,43,1,6
1000,44,0,6
1000,45,0,5
1000,46,0,6
1000,47,0,7
1000,48,0,7
1000,49,0,7
1000,50,0,7
1000,51,0,7
1000,52,1,7
1000,53,0,7
1000,54,0,7
1000,55,0,7
1000,56,0,7
1000,57,0,7
1000,58,0,7
1000,59,0,7
1000,60,0,7
1000,61,0,7
1000,62,0,7
1000,63,0,7
1000,64,0,7
1000,65,0,6
1000,66,0,7
1000,67,0,7
1000,68,0,7
1000,69,0,7
1000,70,0,7
1000,71,0,6
1000,72,0,6
1000,73,0,7
1000,74,0,7
1000,75,0,7
1000,76,0,7
1000,77,0,7
1000,78,0,7
1000,79,0,7
1000,80,0,7
1000,81,0,7
1000,82,0,6
1000,83,0,6
1000,84,0,5
1000,85,0,4
1000,86,0,5
1000,87,0,5
1000,88,0,6
1000,89,0,5
1000,90,0,6
1000,91,0,7
1000,92,0,6
1000,93,0,7
1000,94,0,7
1000,95,1,7
1000,96,1,7
1000,97,2,7
1000,98,2,6
1000,99,2,5
1000,100,2,4
1000,101,1,4
1000,102,1,5
1000,103,0,5
1000,104,1,5
1000,105,1,6
1000,106,1,7
1000,107,1,7
1000,108,1,7
1000,109,0,7
1000,110,0,6
1000,111,0,7
1000,112,0,7
1000,113,0,7
1000,114,1,7
1000,115,1,7
1000,116,2,7
1000,117,1,7
1000,118,0,7
1000,119,0,7
1000,120,0,7
1000,121,0,7
1000,122,0,7
1000,123,0,7
1000,124,0,7
1000,125,0,7
1000,126,0,6
1000,127,1,6
1000,128,0,6
1000,129,0,6
1000,130,0,5
1000,131,0,4
1000,132,0,5
1000,133,0,5
1000,134,0,5
1000,135,0,5
1000,136,0,6
1000,137,0,7
1000,138,0,7
1000,139,0,6
1000,140,0,6
1000,141,0,6
1000,142,1,6
1000,143,1,5
1000,144,0,5
1000,145,0,6
1000,146,0,7
1000,147,0,7
1000,148,0,7
1000,149,0,7
1050,0,4,4
1050,1,4,4
1050,2,4,5
1050,3,4,6
1050,4,4,6
1050,5,4,6
1050,6,4,7
1050,7,3,7
1050,8,3,7
1050,9,3,7
1050,10,2,7
1050,11,1,7
1050,12,1,6
1050,13,1,5
1050,14,1,6
1050,15,1,7
1050,16,1,6
1050,17,1,7
1050,18,0,7
1050,19,0,7
1050,20,0,7
1050,21,0,7
1050,22,0,7
1050,23,0,7
1050,24,0,7
1050,25,0,7
1050,26,0,7
1050,27,0,6
1050,28,0,5
1050,29,0,6
1050,30,0,7
1050,31,1,7
1050,32,1,6
1050,33,2,6
1050,34,1,6
1050,35,1,5
1050,36,0,5
1050,37,1,5
1050,38,0,5
1050,39,0,6
1050,40,0,5
1050,41,0,6
1050,42,0,7
1050,43,1,7
1050,44,1,6
1050,45,0,6
1050,46,0,6
1050,47,0,6
1050,48,0,6
1050,49,0,7
1050,50,0,6
1050,51,0,7
1050,52,0,7
1050,53,0,6
1050,54,0,5
1050,55,0,6
1050,56,0,5
1050,57,0,6
1050,58,0,5
1050,59,0,4
1050,60,0,5
1050,61,0,5
1050,62,0,6
1050,63,0,5
1050,64,0,6
1050,65,0,5
1050,66,0,5
1050,67,0,5
1050,68,0,6
1050,69,1,6
1050,70,1,5
1050,71,1,4
1050,72,0,4
1050,73,0,5
1050,74,1,5
1050,75,1,4
1050,76,1,5
1050,77,1,6
1050,78,1,5
1050,79,2,5
1050,80,2,6
1050,81,2,5
1050,82,2,6
1050,83,2,7
1050,84,2,6
1050,85,1,6
1050,86,1,5
1050,87,1,6
1050,88,1,7
1050,89,0,7
1050,90,0,6
1050,91,0,7
1050,92,0,7
1050,93,0,7
1050,94,0,7
1050,95,0,7
1050,96,0,6
1050,97,0,7
1050,98,0,7
1050,99,0,6
1050,100,0,5
1050,101,1,5
1050,102,1,4
1050,103,1,5
1050,104,0,5
1050,105,0,5
1050,106,0,5
1050,107,0,4
1050,108,1,4
1050,109,1,3
1050,110,1,4
1050,111,1,5
1050,112,1,6
1050,113,1,7
1050,114,0,7
1050,115,0,6
1050,116,0,7
1050,117,0,7
1050,118,0,7
1050,119,0,7
1050,120,0,6
1050,121,0,5
1050,122,0,4
1050,123,0,3
1050,124,0,2
1050,125,0,2
1050,126,0,2
1050,127,0,3
1050,128,0,3
1050,129,1,3
1050,130,2,3
1050,131,1,3
1050,132,1,4
1050,133,1,5
1050,134,0,5
1050,135,0,4
1050,136,0,5
1050,137,0,5
1050,138,0,4
1050,139,0,3
1050,140,0,2
1050,141,0,3
1050,142,0,2
1050,143,0,3
1050,144,1,3
1050,145,1,2
1050,146,1,1
1050,147,1,2
1050,148,0,2
1050,149,1,2
1100,0,4,5
1100,1,5,5
1100,2,4,5
1100,3,4,4
1100,4,3,4
1100,5,3,4
1100,6,3,4
1100,7,3,5
1100,8,3,4
1100,9,3,5
1100,10,3,4
1100,11,2,4
1100,12,2,4
1100,13,1,4
1100,14,1,4
1100,15,1,4
1100,16,2,4
1100,17,2,5
1100,18,2,5
1100,19,2,5
1100,20,3,5
1100,21,3,4
1100,22,2,4
1100,23,2,5
1100,24,2,4
1100,25,2,5
1100,26,1,5
1100,27,1,4
1100,28,2,4
1100,29,1,4
1100,30,0,4
1100,31,0,4
1100,32,0,4
1100,33,1,4
1100,34,1,5
1100,35,1,5
1100,36,1,6
1100,37,1,7
1100,38,1,6
1100,39,0,6
1100,40,0,5
1100,41,0,5
1100,42,0,5
1100,43,1,5
1100,44,1,4
1100,45,2,4
1100,46,2,5
1100,47,2,6
1100,48,2,5
1100,49,2,4
1100,50,1,4
1100,51,2,4
1100,52,1,4
1100,53,1,5
1100,54,2,5
1100,55,3,5
1100,56,3,6
1100,57,3,5
1100,58,3,4
1100,59,3,3
1100,60,3,2
1100,61,4,2
1100,62,4,3
1100,63,4,3
1100,64,4,3
1100,65,4,4
1100,66,4,5
1100,67,5,5
1100,68,5,4
1100,69,5,4
1100,70,5,4
1100,71,5,5
1100,72,5,6
1100,73,5,6
1100,74,5,6
1100,75,5,7
1100,76,6,7
1100,77,6,6
1100,78,6,7
1100,79,6,6
1100,80,6,5
1100,81,6,6
1100,82,7,6
1100,83,7,7
1100,84,7,7
1100,85,6,7
1100,86,6,6
1100,87,6,7
1100,88,5,7
1100,89,5,7
1100,90,4,7
1100,91,3,7
1100,92,3,6
1100,93,3,5
1100,94,3,6
1100,95,2,6
1100,96,3,6
1100,97,2,6
1100,98,1,6
1100,99,1,5
1100,100,1,4
1100,101,0,4
1100,102,0,4
1100,103,0,3
1100,104,0,3
1100,105,0,3
1100,106,1,3
1100,107,2,3
1100,108,2,2
1100,109,2,2
1100,110,2,2
1100,111,1,2
1100,112,2,2
1100,113,2,3
1100,114,1,3
1100,115,0,3
1100,116,1,3
1100,117,1,2
1100,118,2,2
1100,119,2,1
1100,120,2,2
1100,121,2,2
1100,122,2,1
1100,123,1,1
1100,124,1,1
1100,125,1,1
1100,126,0,1
1100,127,1,1
1100,128,1,2
1100,129,2,2
1100,130,3,2
1100,131,3,3
1100,132,2,3
1100,133,3,3
1100,134,2,3
1100,135,2,4
1100,136,2,3
1100,137,1,3
1100,138,1,4
1100,139,1,5
1100,140,2,5
1100,141,2,4
1100,142,3,4
1100,143,4,4
1100,144,4,3
1100,145,4,2
1100,146,5,2
1100,147,5,1
1100,148,5,2
1100,149,4,2
1150,0,4,4
1150,1,4,4
1150,2,5,4
1150,3,6,4
1150,4,6,3
1150,5,6,3
1150,6,6,4
1150,7,6,5
1150,8,7,5
1150,9,7,6
1150,10,7,6
1150,11,7,7
1150,12,6,7
1150,13,6,7
1150,14,5,7
1150,15,4,7
1150,16,4,7
1150,17,5,7
1150,18,5,6
1150,19,5,5
1150,20,4,5
1150,21,4,6
1150,22,4,7
1150,23,3,7
1150,24,3,7
1150,25,2,7
1150,26,2,7
1150,27,2,7
1150,28,1,7
1150,29,1,7
1150,30,1,7
1150,31,0,7
1150,32,0,7
1150,33,0,6
1150,34,0,5
1150,35,0,5
1150,36,0,5
1150,37,1,5
1150,38,1,6
1150,39,0,6
1150,40,0,6
1150,41,0,6
1150,42,1,6
1150,43,1,7
1150,44,1,6
1150,45,1,7
1150,46,2,7
1150,47,2,7
1150,48,2,6
1150,49,2,6
1150,50,2,6
1150,51,2,7
1150,52,1,7
1150,53,0,7
1150,54,0,6
1150,55,1,6
1150,56,1,5
1150,57,2,5
1150,58,2,6
1150,59,1,6
1150,60,1,5
1150,61,1,4
1150,62,1,3
1150,63,2,3
1150,64,2,2
1150,65,2,3
1150,66,2,2
1150,67,3,2
1150,68,2,2
1150,69,2,1
1150,70,2,2
1150,71,2,1
1150,72,1,1
1150,73,1,1
1150,74,1,1
1150,75,1,2
1150,76,1,2
1150,77,1,2
1150,78,2,2
1150,79,3,2
1150,80,4,2
1150,81,5,2
1150,82,5,3
1150,83,5,3
1150,84,5,3
1150,85,5,4
1150,86,5,5
1150,87,6,5
1150,88,7,5
1150,89,6,5
1150,90,6,4
1150,91,6,5
1150,92,7,5
1150,93,6,5
1150,94,6,5
1150,95,6,4
1150,96,6,5
1150,97,6,4
1150,98,6,5
1150,99,6,6
1150,100,6,7
1150,101,6,6
1150,102,6,5
1150,103,5,5
1150,104,4,5
1150,105,4,6
1150,106,4,7
1150,107,4,7
1150,108,4,7
1150,109,3,7
1150,110,3,7
1150,111,3,7
1150,112,3,7
1150,113,3,6
1150,114,3,5
1150,115,3,6
1150,116,3,5
1150,117,2,5
1150,118,3,5
1150,119,3,4
1150,120,3,3
1150,121,3,4
1150,122,3,5
1150,123,3,6
1150,124,4,6
1150,125,4,5
1150,126,4,6
1150,127,5,6
1150,128,6,6
1150,129,5,6
1150,130,5,7
1150,131,5,6
1150,132,4,6
1150,133,5,6
1150,134,5,5
1150,135,5,4
1150,136,5,5
1150,137,5,4
1150,138,5,5
1150,139,5,6
1150,140,5,5
1150,141,5,6
1150,142,5,5
1150,143,5,6
1150,144,4,6
1150,145,4,5
1150,146,4,4
1150,147,4,3
1150,148,5,3
1150,149,5,4
1200,0,5,4
1200,1,5,3
1200,2,5,2
1200,3,5,2
1200,4,5,2
1200,5,5,3
1200,6,5,4
1200,7,6,4
1200,8,7,4
1200,9,7,4
1200,10,7,4
1200,11,7,4
1200,12,7,4
1200,13,7,5
1200,14,6,5
1200,15,6,6
1200,16,6,7
1200,17,5,7
1200,18,5,7
1200,19,5,7
1200,20,5,7
1200,21,4,7
1200,22,4,7
1200,23,4,7
1200,24,4,6
1200,25,4,6
1200,26,4,6
1200,27,4,5
1200,28,3,5
1200,29,3,6
1200,30,3,7
1200,31,2,7
1200,32,1,7
1200,33,1,6
1200,34,1,6
1200,35,1,6
1200,36,0,6
1200,37,0,5
1200,38,0,5
1200,39,0,5
1200,40,1,5
1200,41,1,6
1200,42,1,5
1200,43,1,6
1200,44,1,5
1200,45,1,4
1200,46,1,3
1200,47,1,2
1200,48,1,2
1200,49,1,2
1200,50,1,1
1200,51,1,2
1200,52,0,2
1200,53,0,1
1200,54,0,1
1200,55,0,1
1200,56,0,0
1200,57,0,0
1200,58,0,0
1200,59,1,0
1200,60,2,0
1200,61,2,1
1200,62,2,1
1200,63,2,1
1200,64,2,2
1200,65,2,3
1200,66,2,4
1200,67,2,3
1200,68,2,4
1200,69,3,4
1200,70,3,5
1200,71,3,6
1200,72,3,7
1200,73,3,6
1200,74,3,7
1200,75,2,7
1200,76,1,7
1200,77,0,7
1200,78,0,6
1200,79,0,5
1200,80,1,5
1200,81,1,6
1200,82,1,5
1200,83,1,6
1200,84,0,6
1200,85,0,7
1200,86,0,6
1200,87,1,6
1200,88,1,5
1200,89,2,5
1200,90,2,6
1200,91,2,5
1200,92,2,4
1200,93,3,4
1200,94,2,4
1200,95,3,4
1200,96,3,5
1200,97,3,6
1200,98,2,6
1200,99,1,6
1200,100,2,6
1200,101,2,7
1200,102,2,7
1200,103,1,7
1200,104,0,7
1200,105,0,6
1200,106,0,5
1200,107,0,5
1200,108,0,6
1200,109,0,5
1200,110,0,4
1200,111,0,3
1200,112,0,2
1200,113,0,3
1200,114,1,3
1200,115,1,4
1200,116,0,4
1200,117,0,3
1200,118,1,3
1200,119,2,3
1200,120,3,3
1200,121,4,3
1200,122,4,4
1200,123,5,4
1200,124,6,4
1200,125,6,5
1200,126,6,6
1200,127,7,6
1200,128,7,5
1200,129,7,4
1200,130,7,5
1200,131,7,5
1200,132,7,5
1200,133,7,6
1200,134,7,5
1200,135,6,5
1200,136,7,5
1200,137,7,6
1200,138,7,7
1200,139,7,7
1200,140,7,7
1200,141,6,7
1200,142,6,7
1200,143,7,7
1200,144,6,7
1200,145,5,7
1200,146,4,7
1200,147,3,7
1200,148,3,7
1200,149,3,6
1250,0,4,3
1250,1,4,3
1250,2,4,3
1250,3,4,4
1250,4,4,5
1250,5,4,5
1250,6,4,5
1250,7,3,5
1250,8,2,5
1250,9,2,4
1250,10,2,3
1250,11,3,3
1250,12,3,4
1250,13,3,4
1250,14,2,4
1250,15,2,4
1250,16,2,4
1250,17,1,4
1250,18,1,4
1250,19,1,4
1250,20,2,4
1250,21,2,3
1250,22,1,3
1250,23,1,4
1250,24,1,3
1250,25,1,4
1250,26,1,5
1250,27,0,5
1250,28,0,5
1250,29,0,5
1250,30,1,5
1250,31,1,4
1250,32,1,5
1250,33,1,6
1250,34,1,5
1250,35,1,4
1250,36,2,4
1250,37,2,3
1250,38,3,3
1250,39,4,3
1250,40,5,3
1250,41,5,2
1250,42,5,2
1250,43,5,2
1250,44,6,2
1250,45,7,2
1250,46,6,2
1250,47,6,1
1250,48,6,2
1250,49,7,2
1250,50,7,3
1250,51,7,4
1250,52,7,5
1250,53,6,5
1250,54,6,6
1250,55,6,7
1250,56,6,6
1250,57,6,7
1250,58,5,7
1250,59,4,7
1250,60,3,7
1250,61,3,6
1250,62,3,7
1250,63,3,6
1250,64,3,5
1250,65,3,4
1250,66,3,3
1250,67,3,4
1250,68,3,3
1250,69,3,4
1250,70,3,3
1250,71,4,3
1250,72,4,2
1250,73,4,3
1250,74,4,4
1250,75,4,4
1250,76,4,4
1250,77,5,4
1250,78,5,3
1250,79,5,2
1250,80,5,1
1250,81,6,1
1250,82,7,1
1250,83,7,2
1250,84,7,3
1250,85,7,4
1250,86,7,5
1250,87,6,5
1250,88,5,5
1250,89,5,6
1250,90,4,6
1250,91,4,5
1250,92,5,5
1250,93,5,6
1250,94,5,7
1250,95,4,7
1250,96,4,6
1250,97,4,5
1250,98,4,6
1250,99,3,6
1250,100,3,7
1250,101,2,7
1250,102,1,7
1250,103,0,7
1250,104,0,6
1250,105,0,5
1250,106,0,4
1250,107,0,3
1250,108,0,4
1250,109,0,3
1250,110,0,2
1250,111,0,1
1250,112,0,1
1250,113,0,1
1250,114,0,2
1250,115,0,1
1250,116,0,0
1250,117,0,0
1250,118,0,0
1250,119,0,0
1250,120,0,1
1250,121,1,1
1250,122,1,2
1250,123,1,3
1250,124,1,4
1250,125,2,4
1250,126,2,3
1250,127,1,3
1250,128,2,3
1250,129,2,4
1250,130,2,3
1250,131,3,3
1250,132,4,3
1250,133,3,3
1250,134,3,4
1250,135,3,3
1250,136,4,3
1250,137,5,3
1250,138,5,2
1250,139,6,2
1250,140,6,1
1250,141,7,1
1250,142,7,2
1250,143,7,3
1250,144,6,3
1250,145,7,3
1250,146,6,3
1250,147,5,3
1250,148,6,3
1250,149,6,4
1300,0,4,4
1300,1,4,4
1300,2,4,5
1300,3,5,5
1300,4,5,4
1300,5,5,3
1300,6,5,3
1300,7,5,3
1300,8,6,3
1300,9,6,4
1300,10,6,5
1300,11,6,6
1300,12,6,7
1300,13,5,7
1300,14,5,6
1300,15,5,5
1300,16,6,5
1300,17,6,6
1300,18,6,7
1300,19,7,7
1300,20,7,7
1300,21,7,7
1300,22,6,7
1300,23,5,7
1300,24,4,7
1300,25,3,7
1300,26,2,7
1300,27,1,7
1300,28,1,6
1300,29,1,6
1300,30,1,6
1300,31,2,6
1300,32,1,6
1300,33,0,6
1300,34,0,5
1300,35,0,4
1300,36,0,3
1300,37,0,2
1300,38,0,1
1300,39,0,0
1300,40,0,1
1300,41,0,0
1300,42,0,1
1300,43,1,1
1300,44,1,2
1300,45,2,2
1300,46,2,2
1300,47,2,2
1300,48,3,2
1300,49,3,1
1300,50,3,0
1300,51,3,0
1300,52,3,0
1300,53,4,0
1300,54,4,0
1300,55,4,0
1300,56,4,1
1300,57,3,1
1300,58,4,1
1300,59,5,1
1300,60,6,1
1300,61,7,1
1300,62,7,0
1300,63,7,0
1300,64,7,0
1300,65,7,1
1300,66,7,1
1300,67,7,1
1300,68,6,1
1300,69,6,0
1300,70,6,0
1300,71,6,0
1300,72,7,0
1300,73,7,0
1300,74,7,1
1300,75,7,2
1300,76,6,2
1300,77,6,3
1300,78,6,4
1300,79,6,5
1300,80,7,5
1300,81,7,5
1300,82,7,5
1300,83,6,5
1300,84,7,5
1300,85,6,5
1300,86,6,6
1300,87,5,6
1300,88,4,6
1300,89,4,7
1300,90,3,7
1300,91,3,7
1300,92,2,7
1300,93,1,7
1300,94,0,7
1300,95,0,7
1300,96,0,7
1300,97,0,6
1300,98,0,7
1300,99,0,7
1300,100,0,7
1300,101,0,6
1300,102,0,5
1300,103,1,5
1300,104,0,5
1300,105,0,4
1300,106,0,3
1300,107,0,2
1300,108,1,2
1300,109,1,3
1300,110,1,2
1300,111,2,2
1300,112,3,2
1300,113,3,2
1300,114,3,2
1300,115,2,2
1300,116,1,2
1300,117,2,2
1300,118,3,2
1300,119,4,2
1300,120,4,2
1300,121,4,2
1300,122,4,1
1300,123,4,2
1300,124,5,2
1300,125,6,2
1300,126,7,2
1300,127,7,2
1300,128,7,2
1300,129,7,3
1300,130,7,4
1300,131,7,5
1300,132,7,6
1300,133,7,7
1300,134,6,7
1300,135,5,7
1300,136,4,7
1300,137,3,7
1300,138,2,7
1300,139,1,7
1300,140,0,7
1300,141,0,7
1300,142,0,6
1300,143,0,5
1300,144,0,4
1300,145,0,5
1300,146,0,4
1300,147,0,3
1300,148,0,2
1300,149,0,1
1350,0,4,3
1350,1,4,3
1350,2,4,3
1350,3,5,3
1350,4,5,3
1350,5,5,3
1350,6,5,2
1350,7,5,1
1350,8,6,1
1350,9,6,1
1350,10,6,1
1350,11,7,1
1350,12,7,2
1350,13,7,3
1350,14,7,4
1350,15,7,4
1350,16,7,5
1350,17,7,6
1350,18,7,6
1350,19,7,7
1350,20,6,7
1350,21,5,7
1350,22,5,7
1350,23,5,7
1350,24,4,7
1350,25,3,7
1350,26,3,7
1350,27,3,7
1350,28,2,7
1350,29,1,7
1350,30,0,7
1350,31,0,6
1350,32,0,6
1350,33,0,6
1350,34,0,5
1350,35,1,5
1350,36,1,4
1350,37,1,4
1350,38,1,4
1350,39,2,4
1350,40,2,4
1350,41,2,4
1350,42,3,4
1350,43,3,4
1350,44,3,4
1350,45,2,4
1350,46,3,4
1350,47,2,4
1350,48,2,5
1350,49,2,6
1350,50,2,7
1350,51,2,7
1350,52,1,7
1350,53,0,7
1350,54,0,6
1350,55,0,5
1350,56,0,4
1350,57,0,3
1350,58,0,2
1350,59,0,1
1350,60,0,0
1350,61,0,1
1350,62,1,1
1350,63,1,0
1350,64,2,0
1350,65,2,1
1350,66,3,1
1350,67,3,2
1350,68,3,1
1350,69,4,1
1350,70,4,1
1350,71,4,1
1350,72,5,1
1350,73,6,1
1350,74,7,1
1350,75,6,1
1350,76,6,2
1350,77,7,2
1350,78,7,3
1350,79,7,4
1350,80,7,5
1350,81,7,4
1350,82,7,5
1350,83,6,5
1350,84,6,5
1350,85,6,5
1350,86,5,5
1350,87,6,5
1350,88,5,5
1350,89,6,5
1350,90,7,5
1350,91,7,6
1350,92,7,7
1350,93,7,7
1350,94,7,6
1350,95,7,7
1350,96,7,7
1350,97,6,7
1350,98,5,7
1350,99,4,7
1350,100,3,7
1350,101,2,7
1350,102,1,7
1350,103,0,7
1350,104,0,6
1350,105,0,7
1350,106,0,7
1350,107,0,7
1350,108,0,7
1350,109,0,6
1350,110,1,6
1350,111,2,6
1350,112,3,6
1350,113,3,7
1350,114,2,7
1350,115,1,7
1350,116,1,6
1350,117,2,6
1350,118,3,6
1350,119,2,6
1350,120,1,6
1350,121,0,6
1350,122,0,5
1350,123,0,4
1350,124,0,3
1350,125,0,2
1350,126,0,1
1350,127,1,1
1350,128,1,2
1350,129,1,1
1350,130,2,1
1350,131,3,1
1350,132,4,1
1350,133,5,1
1350,134,6,1
1350,135,7,1
1350,136,6,1
1350,137,7,1
1350,138,7,1
1350,139,7,2
1350,140,6,2
1350,141,7,2
1350,142,7,2
1350,143,7,2
1350,144,7,1
1350,145,7,1
1350,146,7,2
1350,147,7,3
1350,148,7,2
1350,149,7,3
1400,0,3,4
1400,1,3,4
1400,2,3,4
1400,3,3,5
1400,4,3,6
1400,5,2,6
1400,6,2,6
1400,7,2,6
1400,8,1,6
1400,9,1,7
1400,10,1,7
1400,11,1,7
1400,12,1,6
1400,13,1,5
1400,14,1,6
1400,15,1,5
1400,16,2,5
1400,17,1,5
1400,18,1,4
1400,19,1,5
1400,20,1,6
1400,21,1,5
1400,22,2,5
1400,23,1,5
1400,24,1,4
1400,25,2,4
1400,26,2,4
1400,27,2,4
1400,28,1,4
1400,29,1,5
1400,30,0,5
1400,31,0,5
1400,32,0,5
1400,33,0,4
1400,34,0,3
1400,35,0,2
1400,36,0,1
1400,37,1,1
1400,38,1,2
1400,39,2,2
1400,40,3,2
1400,41,4,2
1400,42,4,1
1400,43,4,1
1400,44,4,1
1400,45,4,2
1400,46,5,2
1400,47,5,3
1400,48,5,3
1400,49,5,3
1400,50,6,3
1400,51,6,4
1400,52,5,4
1400,53,6,4
1400,54,7,4
1400,55,6,4
1400,56,6,3
1400,57,6,2
1400,58,6,1
1400,59,6,2
1400,60,6,1
1400,61,7,1
1400,62,7,2
1400,63,7,2
1400,64,7,2
1400,65,7,3
1400,66,7,3
1400,67,7,3
1400,68,6,3
1400,69,7,3
1400,70,6,3
1400,71,7,3
1400,72,6,3
1400,73,6,4
1400,74,7,4
1400,75,7,5
1400,76,6,5
1400,77,6,6
1400,78,5,6
1400,79,4,6
1400,80,4,6
1400,81,4,6
1400,82,3,6
1400,83,2,6
1400,84,1,6
1400,85,0,6
1400,86,0,5
1400,87,0,4
1400,88,0,3
1400,89,0,2
1400,90,0,1
1400,91,1,1
1400,92,1,2
1400,93,2,2
1400,94,1,2
1400,95,1,3
1400,96,1,2
1400,97,1,3
1400,98,1,2
1400,99,0,2
1400,100,0,1
1400,101,1,1
1400,102,2,1
1400,103,3,1
1400,104,4,1
1400,105,4,2
1400,106,5,2
1400,107,6,2
1400,108,7,2
1400,109,7,2
1400,110,7,3
1400,111,7,3
1400,112,7,4
1400,113,7,5
1400,114,7,6
1400,115,7,7
1400,116,7,7
1400,117,7,7
1400,118,6,7
1400,119,5,7
1400,120,4,7
1400,121,3,7
1400,122,2,7
1400,123,1,7
1400,124,0,7
1400,125,0,7
1400,126,1,7
1400,127,0,7
1400,128,0,6
1400,129,0,5
1400,130,0,4
1400,131,0,3
1400,132,0,2
1400,133,0,1
1400,134,1,1
1400,135,2,1
1400,136,2,2
1400,137,2,1
1400,138,2,2
1400,139,2,1
1400,140,3,1
1400,141,4,1
1400,142,5,1
1400,143,5,2
1400,144,6,2
1400,145,7,2
1400,146,7,3
1400,147,7,4
1400,148,7,5
1400,149,6,5
1450,0,4,3
1450,1,4,3
1450,2,4,3
1450,3,4,2
1450,4,4,1
1450,5,4,0
1450,6,4,0
1450,7,4,0
1450,8,5,0
1450,9,6,0
1450,10,7,0
1450,11,7,0
1450,12,7,1
1450,13,7,1
1450,14,7,1
1450,15,7,2
1450,16,7,2
1450,17,7,2
1450,18,7,2
1450,19,6,2
1450,20,6,3
1450,21,6,3
1450,22,6,3
1450,23,6,4
1450,24,6,5
1450,25,6,6
1450,26,6,7
1450,27,6,7
1450,28,6,7
1450,29,5,7
1450,30,5,6
1450,31,6,6
1450,32,6,7
1450,33,5,7
1450,34,4,7
1450,35,3,7
1450,36,3,7
1450,37,3,7
1450,38,2,7
1450,39,1,7
1450,40,0,7
1450,41,0,6
1450,42,0,5
1450,43,0,4
1450,44,0,3
1450,45,0,2
1450,46,0,1
1450,47,0,0
1450,48,0,0
1450,49,0,0
1450,50,0,1
1450,51,1,1
1450,52,1,0
1450,53,1,0
1450,54,1,0
1450,55,2,0
1450,56,3,0
1450,57,3,1
1450,58,3,2
1450,59,4,2
1450,60,4,2
1450,61,5,2
1450,62,5,1
1450,63,6,1
1450,64,5,1
1450,65,5,0
1450,66,5,1
1450,67,6,1
1450,68,7,1
1450,69,7,2
1450,70,7,3
1450,71,6,3
1450,72,5,3
1450,73,6,3
1450,74,6,4
1450,75,6,5
1450,76,5,5
1450,77,5,4
1450,78,5,4
1450,79,5,4
1450,80,6,4
1450,81,6,5
1450,82,6,6
1450,83,6,7
1450,84,5,7
1450,85,4,7
1450,86,3,7
1450,87,2,7
1450,88,1,7
1450,89,1,6
1450,90,0,6
1450,91,0,5
1450,92,0,6
1450,93,0,5
1450,94,0,4
1450,95,0,3
1450,96,0,2
1450,97,1,2
1450,98,1,1
1450,99,1,2
1450,100,1,1
1450,101,1,2
1450,102,1,1
1450,103,1,0
1450,104,1,1
1450,105,1,1
1450,106,1,2
1450,107,1,3
1450,108,1,4
1450,109,2,4
1450,110,2,4
1450,111,2,4
1450,112,2,5
1450,113,2,5
1450,114,2,5
1450,115,3,5
1450,116,3,6
1450,117,3,7
1450,118,3,6
1450,119,2,6
1450,120,2,7
1450,121,1,7
1450,122,0,7
1450,123,1,7
1450,124,0,7
1450,125,0,6
1450,126,0,5
1450,127,0,4
1450,128,0,3
1450,129,1,3
1450,130,2,3
1450,131,2,4
1450,132,3,4
1450,133,2,4
1450,134,3,4
1450,135,3,5
1450,136,2,5
1450,137,2,6
1450,138,1,6
1450,139,1,5
1450,140,2,5
1450,141,2,6
1450,142,1,6
1450,143,1,5
1450,144,1,4
1450,145,1,5
1450,146,0,5
1450,147,1,5
1450,148,2,5
1450,149,2,4
1500,0,4,3
1500,1,4,3
1500,2,4,3
1500,3,4,2
1500,4,5,2
1500,5,5,3
1500,6,5,3
1500,7,5,3
1500,8,5,4
1500,9,5,5
1500,10,5,5
1500,11,5,5
1500,12,5,6
1500,13,5,6
1500,14,5,6
1500,15,4,6
1500,16,3,6
1500,17,2,6
1500,18,1,6
1500,19,1,5
1500,20,1,4
1500,21,1,4
1500,22,1,4
1500,23,2,4
1500,24,2,3
1500,25,2,2
1500,26,2,2
1500,27,2,2
1500,28,1,2
1500,29,1,1
1500,30,1,0
1500,31,1,0
1500,32,1,0
1500,33,1,1
1500,34,2,1
1500,35,2,0
1500,36,3,0
1500,37,3,0
1500,38,3,0
1500,39,3,0
1500,40,4,0
1500,41,4,1
1500,42,4,2
1500,43,5,2
1500,44,5,1
1500,45,5,2
1500,46,6,2
1500,47,6,3
1500,48,6,4
1500,49,6,5
1500,50,6,6
1500,51,5,6
1500,52,4,6
1500,53,3,6
1500,54,3,5
1500,55,3,4
1500,56,3,4
1500,57,3,4
1500,58,3,3
1500,59,4,3
1500,60,5,3
1500,61,5,4
1500,62,6,4
1500,63,6,5
1500,64,6,4
1500,65,7,4
1500,66,7,4
1500,67,6,4
1500,68,6,5
1500,69,6,4
1500,70,6,5
1500,71,6,6
1500,72,6,7
1500,73,5,7
1500,74,5,6
1500,75,6,6
1500,76,5,6
1500,77,6,6
1500,78,6,7
1500,79,6,6
1500,80,6,7
1500,81,6,6
1500,82,5,6
1500,83,4,6
1500,84,3,6
1500,85,2,6
1500,86,1,6
1500,87,1,5
1500,88,0,5
1500,89,0,4
1500,90,1,4
1500,91,0,4
1500,92,0,3
1500,93,0,2
1500,94,0,1
1500,95,0,2
1500,96,0,1
1500,97,0,2
1500,98,0,1
1500,99,0,2
1500,100,0,1
1500,101,1,1
1500,102,2,1
1500,103,2,0
1500,104,2,0
1500,105,2,0
1500,106,2,1
1500,107,3,1
1500,108,4,1
1500,109,5,1
1500,110,6,1
1500,111,7,1
1500,112,7,1
1500,113,7,2
1500,114,7,3
1500,115,7,4
1500,116,7,5
1500,117,7,6
1500,118,7,7
1500,119,6,7
1500,120,5,7
1500,121,5,6
1500,122,4,6
1500,123,3,6
1500,124,2,6
1500,125,1,6
1500,126,1,5
1500,127,1,4
1500,128,2,4
1500,129,2,5
1500,130,1,5
1500,131,0,5
1500,132,0,4
1500,133,0,5
1500,134,0,4
1500,135,0,3
1500,136,1,3
1500,137,0,3
1500,138,0,2
1500,139,0,1
1500,140,1,1
1500,141,2,1
1500,142,3,1
1500,143,4,1
1500,144,5,1
1500,145,6,1
1500,146,6,2
1500,147,7,2
1500,148,7,2
1500,149,7,3
1550,0,4,5
1550,1,4,5
1550,2,4,5
1550,3,3,5
1550,4,2,5
1550,5,1,5
1550,6,1,4
1550,7,1,3
1550,8,1,4
1550,9,2,4
1550,10,2,4
1550,11,2,4
1550,12,2,3
1550,13,3,3
1550,14,3,3
1550,15,3,3
1550,16,3,2
1550,17,3,1
1550,18,3,0
1550,19,3,0
1550,20,3,0
1550,21,4,0
1550,22,4,0
1550,23,4,0
1550,24,4,1
1550,25,5,1
1550,26,6,1
1550,27,7,1
1550,28,7,2
1550,29,7,2
1550,30,7,2
1550,31,7,3
1550,32,7,4
1550,33,7,5
1550,34,7,5
1550,35,6,5
1550,36,5,5
1550,37,5,4
1550,38,6,4
1550,39,6,4
1550,40,6,4
1550,41,6,5
1550,42,6,6
1550,43,6,5
1550,44,6,4
1550,45,6,5
1550,46,6,6
1550,47,6,7
1550,48,6,6
1550,49,7,6
1550,50,7,7
1550,51,6,7
1550,52,5,7
1550,53,5,6
1550,54,5,7
1550,55,5,6
1550,56,6,6
1550,57,7,6
1550,58,7,5
1550,59,7,6
1550,60,7,7
1550,61,7,7
1550,62,6,7
1550,63,5,7
1550,64,4,7
1550,65,3,7
1550,66,3,7
1550,67,3,7
1550,68,2,7
1550,69,1,7
1550,70,0,7
1550,71,0,6
1550,72,0,5
1550,73,0,4
1550,74,0,3
1550,75,0,3
1550,76,0,3
1550,77,0,2
1550,78,0,1
1550,79,1,1
1550,80,1,2
1550,81,2,2
1550,82,3,2
1550,83,4,2
1550,84,4,2
1550,85,4,2
1550,86,4,3
1550,87,4,2
1550,88,4,3
1550,89,5,3
1550,90,5,4
1550,91,6,4
1550,92,6,5
1550,93,6,4
1550,94,6,5
1550,95,6,6
1550,96,7,6
1550,97,7,7
1550,98,6,7
1550,99,5,7
1550,100,5,6
1550,101,5,5
1550,102,5,6
1550,103,5,7
1550,104,5,7
1550,105,4,7
1550,106,3,7
1550,107,2,7
1550,108,2,6
1550,109,1,6
1550,110,1,5
1550,111,1,4
1550,112,1,5
1550,113,0,5
1550,114,0,4
1550,115,0,3
1550,116,0,2
1550,117,1,2
1550,118,2,2
1550,119,3,2
1550,120,4,2
1550,121,4,3
1550,122,5,3
1550,123,6,3
1550,124,7,3
1550,125,7,4
1550,126,7,5
1550,127,7,6
1550,128,7,7
1550,129,6,7
1550,130,5,7
1550,131,5,6
1550,132,4,6
1550,133,3,6
1550,134,2,6
1550,135,1,6
1550,136,1,7
1550,137,0,7
1550,138,0,6
1550,139,0,5
1550,140,0,4
1550,141,0,3
1550,142,0,2
1550,143,0,1
1550,144,1,1
1550,145,1,2
1550,146,2,2
1550,147,1,2
1550,148,2,2
1550,149,3,2
1600,0,4,5
1600,1,4,6
1600,2,4,7
1600,3,3,7
1600,4,3,7
1600,5,3,7
1600,6,3,6
1600,7,3,6
1600,8,3,6
1600,9,2,6
1600,10,1,6
1600,11,0,6
1600,12,1,6
1600,13,0,6
1600,14,0,5
1600,15,0,4
1600,16,1,4
1600,17,1,3
1600,18,1,2
1600,19,1,2
1600,20,1,2
1600,21,0,2
1600,22,0,1
1600,23,0,1
1600,24,0,1
1600,25,1,1
1600,26,1,1
1600,27,1,1
1600,28,1,2
1600,29,2,2
1600,30,3,2
1600,31,3,1
1600,32,4,1
1600,33,4,1
1600,34,4,1
1600,35,4,0
1600,36,4,1
1600,37,5,1
1600,38,5,1
1600,39,5,1
1600,40,6,1
1600,41,6,2
1600,42,6,3
1600,43,6,4
1600,44,6,5
1600,45,6,6
1600,46,6,7
1600,47,5,7
1600,48,5,6
1600,49,5,6
1600,50,5,6
1600,51,4,6
1600,52,3,6
1600,53,2,6
1600,54,1,6
1600,55,1,7
1600,56,0,7
1600,57,0,7
1600,58,0,7
1600,59,0,6
1600,60,0,5
1600,61,0,4
1600,62,1,4
1600,63,2,4
1600,64,2,4
1600,65,2,4
1600,66,3,4
1600,67,2,4
1600,68,2,3
1600,69,2,2
1600,70,3,2
1600,71,4,2
1600,72,4,1
1600,73,5,1
1600,74,6,1
1600,75,6,2
1600,76,6,3
1600,77,6,2
1600,78,6,3
1600,79,6,4
1600,80,6,3
1600,81,6,4
1600,82,7,4
1600,83,7,4
1600,84,7,4
1600,85,7,5
1600,86,7,6
1600,87,7,7
1600,88,6,7
1600,89,6,6
1600,90,5,6
1600,91,6,6
1600,92,6,7
1600,93,5,7
1600,94,5,6
1600,95,4,6
1600,96,3,6
1600,97,3,7
1600,98,3,6
1600,99,2,6
1600,100,1,6
1600,101,0,6
1600,102,0,5
1600,103,0,4
1600,104,0,3
1600,105,0,2
1600,106,1,2
1600,107,2,2
1600,108,1,2
1600,109,0,2
1600,110,1,2
1600,111,2,2
1600,112,2,1
1600,113,3,1
1600,114,3,2
1600,115,4,2
1600,116,5,2
1600,117,5,1
1600,118,5,2
1600,119,6,2
1600,120,6,1
1600,121,7,1
1600,122,7,2
1600,123,7,3
1600,124,7,4
1600,125,6,4
1600,126,6,5
1600,127,6,4
1600,128,6,3
1600,129,6,4
1600,130,6,5
1600,131,6,4
1600,132,5,4
1600,133,5,5
1600,134,6,5
1600,135,6,6
1600,136,6,7
1600,137,5,7
1600,138,5,6
1600,139,4,6
1600,140,3,6
1600,141,2,6
1600,142,1,6
1600,143,1,5
1600,144,2,5
1600,145,1,5
1600,146,0,5
1600,147,1,5
1600,148,0,5
1600,149,0,5
1650,0,4,3
1650,1,3,3
1650,2,3,3
1650,3,3,3
1650,4,3,4
1650,5,2,4
1650,6,1,4
1650,7,1,3
1650,8,1,2
1650,9,1,2
1650,10,1,2
1650,11,1,1
1650,12,1,1
1650,13,1,1
1650,14,1,0
1650,15,1,0
1650,16,1,0
1650,17,2,0
1650,18,2,1
1650,19,3,1
1650,20,4,1
1650,21,4,1
1650,22,4,1
1650,23,4,0
1650,24,4,0
1650,25,4,0
1650,26,5,0
1650,27,5,1
1650,28,6,1
1650,29,7,1
1650,30,7,0
1650,31,7,0
1650,32,7,0
1650,33,7,1
1650,34,7,2
1650,35,7,3
1650,36,7,4
1650,37,7,5
1650,38,7,6
1650,39,6,6
1650,40,6,6
1650,41,6,6
1650,42,6,7
1650,43,6,7
1650,44,6,7
1650,45,6,6
1650,46,6,7
1650,47,5,7
1650,48,5,7
1650,49,5,7
1650,50,4,7
1650,51,4,7
1650,52,4,7
1650,53,3,7
1650,54,2,7
1650,55,2,6
1650,56,2,6
1650,57,2,6
1650,58,1,6
1650,59,1,5
1650,60,1,4
1650,61,0,4
1650,62,0,3
1650,63,0,2
1650,64,0,1
1650,65,1,1
1650,66,0,1
1650,67,1,1
1650,68,0,1
1650,69,0,0
1650,70,1,0
1650,71,1,1
1650,72,1,2
1650,73,2,2
1650,74,3,2
1650,75,3,2
1650,76,3,2
1650,77,3,1
1650,78,4,1
1650,79,5,1
1650,80,6,1
1650,81,7,1
1650,82,7,2
1650,83,7,3
1650,84,6,3
1650,85,7,3
1650,86,7,4
1650,87,7,5
1650,88,7,6
1650,89,7,6
1650,90,7,6
1650,91,6,6
1650,92,6,5
1650,93,6,5
1650,94,6,5
1650,95,7,5
1650,96,7,6
1650,97,6,6
1650,98,6,7
1650,99,5,7
1650,100,4,7
1650,101,3,7
1650,102,2,7
1650,103,1,7
1650,104,0,7
1650,105,0,6
1650,106,0,6
1650,107,0,5
1650,108,0,4
1650,109,0,3
1650,110,0,2
1650,111,1,2
1650,112,2,2
1650,113,2,1
1650,114,3,1
1650,115,4,1
1650,116,5,1
1650,117,5,2
1650,118,6,2
1650,119,6,3
1650,120,6,4
1650,121,6,5
1650,122,6,6
1650,123,5,6
1650,124,5,7
1650,125,4,7
1650,126,3,7
1650,127,2,7
1650,128,1,7
1650,129,1,6
1650,130,0,6
1650,131,0,5
1650,132,0,4
1650,133,0,3
1650,134,0,2
1650,135,0,1
1650,136,0,0
1650,137,1,0
1650,138,1,1
1650,139,1,2
1650,140,2,2
1650,141,1,2
1650,142,2,2
1650,143,3,2
1650,144,4,2
1650,145,5,2
1650,146,6,2
1650,147,6,3
1650,148,5,3
1650,149,5,3
1700,0,4,4
1700,1,4,4
1700,2,5,4
1700,3,5,4
1700,4,5,4
1700,5,6,4
1700,6,6,4
1700,7,6,4
1700,8,6,5
1700,9,6,6
1700,10,6,6
1700,11,6,6
1700,12,6,5
1700,13,6,6
1700,14,6,7
1700,15,5,7
1700,16,5,6
1700,17,5,5
1700,18,5,5
1700,19,5,5
1700,20,4,5
1700,21,5,5
1700,22,4,5
1700,23,3,5
1700,24,3,5
1700,25,3,5
1700,26,2,5
1700,27,1,5
1700,28,1,4
1700,29,1,4
1700,30,1,4
1700,31,1,3
1700,32,1,3
1700,33,1,3
1700,34,1,2
1700,35,2,2
1700,36,2,2
1700,37,2,2
1700,38,2,1
1700,39,3,1
1700,40,3,2
1700,41,3,1
1700,42,4,1
1700,43,5,1
1700,44,6,1
1700,45,6,0
1700,46,7,0
1700,47,7,0
1700,48,7,0
1700,49,7,1
1700,50,7,2
1700,51,7,3
1700,52,7,4
1700,53,7,5
1700,54,7,5
1700,55,7,5
1700,56,6,5
1700,57,6,6
1700,58,6,7
1700,59,5,7
1700,60,4,7
1700,61,3,7
1700,62,2,7
1700,63,1,7
1700,64,1,7
1700,65,1,7
1700,66,1,6
1700,67,0,6
1700,68,0,5
1700,69,0,4
1700,70,0,4
1700,71,0,4
1700,72,0,3
1700,73,0,2
1700,74,1,2
1700,75,1,1
1700,76,1,0
1700,77,2,0
1700,78,3,0
1700,79,4,0
1700,80,5,0
1700,81,6,0
1700,82,6,1
1700,83,7,1
1700,84,7,2
1700,85,7,3
1700,86,7,4
1700,87,7,5
1700,88,7,6
1700,89,6,6
1700,90,6,7
1700,91,5,7
1700,92,4,7
1700,93,3,7
1700,94,2,7
1700,95,1,7
1700,96,1,6
1700,97,0,6
1700,98,0,5
1700,99,0,4
1700,100,1,4
1700,101,0,4
1700,102,0,3
1700,103,0,2
1700,104,0,1
1700,105,0,1
1700,106,1,1
1700,107,1,0
1700,108,1,0
1700,109,1,0
1700,110,2,0
1700,111,3,0
1700,112,4,0
1700,113,4,1
1700,114,4,2
1700,115,4,3
1700,116,4,4
1700,117,4,3
1700,118,5,3
1700,119,5,2
1700,120,6,2
1700,121,6,3
1700,122,7,3
1700,123,7,2
1700,124,7,3
1700,125,7,4
1700,126,7,5
1700,127,6,5
1700,128,6,6
1700,129,5,6
1700,130,5,7
1700,131,4,7
1700,132,3,7
1700,133,2,7
1700,134,1,7
1700,135,0,7
1700,136,0,6
1700,137,0,5
1700,138,0,4
1700,139,0,3
1700,140,0,2
1700,141,0,1
1700,142,1,1
1700,143,2,1
1700,144,2,0
1700,145,3,0
1700,146,3,1
1700,147,3,2
1700,148,3,1
1700,149,4,1
1750,0,3,4
1750,1,2,4
1750,2,1,4
1750,3,1,5
1750,4,1,5
1750,5,1,5
1750,6,1,6
1750,7,0,6
1750,8,0,5
1750,9,0,5
1750,10,0,5
1750,11,0,4
1750,12,0,3
1750,13,1,3
1750,14,2,3
1750,15,1,3
1750,16,1,2
1750,17,2,2
1750,18,2,1
1750,19,2,0
1750,20,3,0
1750,21,3,1
1750,22,3,1
1750,23,3,1
1750,24,4,1
1750,25,5,1
1750,26,5,2
1750,27,6,2
1750,28,6,3
1750,29,6,3
1750,30,6,3
1750,31,6,4
1750,32,6,3
1750,33,6,2
1750,34,6,3
1750,35,7,3
1750,36,7,3
1750,37,7,3
1750,38,7,4
1750,39,6,4
1750,40,6,5
1750,41,6,6
1750,42,6,7
1750,43,5,7
1750,44,5,7
1750,45,5,7
1750,46,4,7
1750,47,3,7
1750,48,2,7
1750,49,2,7
1750,50,1,7
1750,51,1,6
1750,52,1,5
1750,53,1,4
1750,54,0,4
1750,55,0,3
1750,56,0,2
1750,57,0,1
1750,58,1,1
1750,59,2,1
1750,60,2,2
1750,61,3,2
1750,62,4,2
1750,63,4,2
1750,64,4,2
1750,65,4,1
1750,66,5,1
1750,67,5,2
1750,68,6,2
1750,69,7,2
1750,70,7,3
1750,71,7,3
1750,72,7,4
1750,73,7,3
1750,74,7,4
1750,75,6,4
1750,76,6,5
1750,77,6,6
1750,78,6,7
1750,79,5,7
1750,80,4,7
1750,81,3,7
1750,82,2,7
1750,83,2,6
1750,84,2,6
1750,85,2,6
1750,86,1,6
1750,87,0,6
1750,88,0,5
1750,89,0,4
1750,90,0,3
1750,91,0,2
1750,92,1,2
1750,93,2,2
1750,94,2,1
1750,95,2,2
1750,96,2,1
1750,97,3,1
1750,98,4,1
1750,99,5,1
1750,100,6,1
1750,101,7,1
1750,102,7,2
1750,103,7,3
1750,104,7,4
1750,105,7,5
1750,106,7,6
1750,107,6,6
1750,108,6,7
1750,109,5,7
1750,110,4,7
1750,111,3,7
1750,112,2,7
1750,113,2,6
1750,114,2,7
1750,115,1,7
1750,116,1,6
1750,117,0,6
1750,118,0,5
1750,119,0,4
1750,120,0,3
1750,121,0,2
1750,122,0,1
1750,123,1,1
1750,124,2,1
1750,125,3,1
1750,126,4,1
1750,127,5,1
1750,128,5,0
1750,129,5,1
1750,130,6,1
1750,131,7,1
1750,132,7,2
1750,133,7,3
1750,134,7,4
1750,135,7,5
1750,136,7,6
1750,137,6,6
1750,138,6,7
1750,139,5,7
1750,140,4,7
1750,141,3,7
1750,142,2,7
1750,143,1,7
1750,144,1,6
1750,145,0,6
1750,146,0,5
1750,147,0,4
1750,148,0,3
1750,149,0,2
1800,0,4,3
1800,1,4,3
1800,2,4,3
1800,3,4,4
1800,4,3,4
1800,5,2,4
1800,6,1,4
1800,7,0,4
1800,8,0,4
1800,9,0,4
1800,10,0,3
1800,11,1,3
1800,12,1,3
1800,13,1,3
1800,14,1,2
1800,15,1,2
1800,16,1,2
1800,17,2,2
1800,18,2,1
1800,19,2,1
1800,20,2,1
1800,21,3,1
1800,22,3,1
1800,23,3,1
1800,24,3,0
1800,25,3,0
1800,26,3,0
1800,27,4,0
1800,28,5,0
1800,29,5,1
1800,30,5,1
1800,31,5,1
1800,32,6,1
1800,33,7,1
1800,34,7,2
1800,35,7,3
1800,36,7,4
1800,37,7,5
1800,38,7,6
1800,39,7,6
1800,40,7,6
1800,41,7,7
1800,42,6,7
1800,43,5,7
1800,44,5,6
1800,45,4,6
1800,46,3,6
1800,47,3,6
1800,48,3,6
1800,49,3,7
1800,50,2,7
1800,51,1,7
1800,52,1,7
1800,53,1,7
1800,54,1,6
1800,55,0,6
1800,56,0,6
1800,57,0,6
1800,58,0,5
1800,59,0,5
1800,60,0,5
1800,61,1,5
1800,62,0,5
1800,63,0,4
1800,64,0,3
1800,65,0,2
1800,66,0,1
1800,67,0,0
1800,68,1,0
1800,69,2,0
1800,70,3,0
1800,71,4,0
1800,72,4,1
1800,73,5,1
1800,74,5,2
1800,75,6,2
1800,76,6,3
1800,77,6,4
1800,78,6,5
1800,79,6,6
1800,80,6,7
1800,81,6,6
1800,82,6,5
1800,83,7,5
1800,84,7,6
1800,85,7,7
1800,86,6,7
1800,87,5,7
1800,88,4,7
1800,89,4,6
1800,90,3,6
1800,91,2,6
1800,92,1,6
1800,93,0,6
1800,94,0,5
1800,95,0,4
1800,96,0,3
1800,97,0,2
1800,98,0,1
1800,99,1,1
1800,100,2,1
1800,101,3,1
1800,102,4,1
1800,103,5,1
1800,104,6,1
1800,105,7,1
1800,106,7,2
1800,107,7,3
1800,108,7,4
1800,109,7,5
1800,110,6,5
1800,111,7,5
1800,112,7,6
1800,113,6,6
1800,114,6,7
1800,115,5,7
1800,116,4,7
1800,117,4,7
1800,118,3,7
1800,119,2,7
1800,120,1,7
1800,121,0,7
1800,122,0,6
1800,123,0,5
1800,124,0,4
1800,125,0,3
1800,126,0,2
1800,127,1,2
1800,128,1,1
1800,129,2,1
1800,130,2,0
1800,131,3,0
1800,132,4,0
1800,133,4,1
1800,134,5,1
1800,135,6,1
1800,136,6,2
1800,137,6,3
1800,138,6,4
1800,139,6,5
1800,140,6,6
1800,141,6,7
1800,142,6,6
1800,143,5,6
1800,144,4,6
1800,145,4,5
1800,146,3,5
1800,147,2,5
1800,148,1,5
1800,149,1,4
1850,0,4,4
1850,1,4,4
1850,2,4,5
1850,3,4,5
1850,4,4,5
1850,5,3,5
1850,6,2,5
1850,7,2,6
1850,8,2,6
1850,9,2,6
1850,10,2,7
1850,11,2,7
1850,12,2,7
1850,13,1,7
1850,14,1,7
1850,15,1,7
1850,16,1,6
1850,17,1,5
1850,18,1,5
1850,19,1,5
1850,20,1,4
1850,21,0,4
1850,22,0,3
1850,23,0,2
1850,24,0,2
1850,25,0,2
1850,26,0,1
1850,27,1,1
1850,28,1,1
1850,29,1,1
1850,30,2,1
1850,31,2,0
1850,32,2,0
1850,33,2,0
1850,34,3,0
1850,35,4,0
1850,36,5,0
1850,37,6,0
1850,38,6,0
1850,39,6,0
1850,40,7,0
1850,41,7,1
1850,42,7,2
1850,43,7,2
1850,44,7,2
1850,45,7,3
1850,46,7,4
1850,47,7,5
1850,48,7,5
1850,49,7,5
1850,50,7,6
1850,51,7,6
1850,52,7,6
1850,53,7,7
1850,54,6,7
1850,55,6,6
1850,56,7,6
1850,57,7,7
1850,58,6,7
1850,59,5,7
1850,60,4,7
1850,61,3,7
1850,62,3,7
1850,63,3,7
1850,64,2,7
1850,65,1,7
1850,66,0,7
1850,67,0,6
1850,68,0,6
1850,69,0,5
1850,70,0,4
1850,71,1,4
1850,72,0,4
1850,73,0,3
1850,74,0,2
1850,75,1,2
1850,76,2,2
1850,77,3,2
1850,78,3,3
1850,79,3,3
1850,80,3,3
1850,81,2,3
1850,82,2,4
1850,83,1,4
1850,84,2,4
1850,85,2,3
1850,86,1,3
1850,87,2,3
1850,88,1,3
1850,89,2,3
1850,90,2,4
1850,91,1,4
1850,92,0,4
1850,93,0,3
1850,94,0,2
1850,95,0,1
1850,96,1,1
1850,97,2,1
1850,98,3,1
1850,99,4,1
1850,100,5,1
1850,101,6,1
1850,102,6,0
1850,103,7,0
1850,104,7,0
1850,105,7,1
1850,106,7,2
1850,107,7,3
1850,108,7,4
1850,109,6,4
1850,110,6,5
1850,111,6,6
1850,112,6,7
1850,113,5,7
1850,114,4,7
1850,115,3,7
1850,116,2,7
1850,117,1,7
1850,118,1,6
1850,119,1,5
1850,120,0,5
1850,121,0,4
1850,122,0,3
1850,123,0,2
1850,124,0,1
1850,125,1,1
1850,126,2,1
1850,127,3,1
1850,128,3,2
1850,129,4,2
1850,130,4,3
1850,131,5,3
1850,132,6,3
1850,133,6,3
1850,134,6,3
1850,135,6,4
1850,136,6,5
1850,137,6,6
1850,138,5,6
1850,139,5,7
1850,140,5,6
1850,141,5,7
1850,142,4,7
1850,143,3,7
1850,144,2,7
1850,145,1,7
1850,146,1,6
1850,147,1,5
1850,148,0,5
1850,149,0,4
1900,0,3,4
1900,1,2,4
1900,2,2,4
1900,3,2,4
1900,4,3,4
1900,5,3,3
1900,6,4,3
1900,7,4,2
1900,8,4,2
1900,9,4,2
1900,10,5,2
1900,11,5,1
1900,12,6,1
1900,13,7,1
1900,14,7,2
1900,15,7,3
1900,16,7,4
1900,17,6,4
1900,18,5,4
1900,19,5,4
1900,20,5,4
1900,21,6,4
1900,22,6,5
1900,23,6,6
1900,24,5,6
1900,25,5,6
1900,26,5,6
1900,27,5,7
1900,28,4,7
1900,29,3,7
1900,30,2,7
1900,31,1,7
1900,32,1,6
1900,33,0,6
1900,34,0,6
1900,35,0,6
1900,36,0,5
1900,37,0,4
1900,38,0,3
1900,39,0,3
1900,40,0,3
1900,41,0,2
1900,42,0,1
1900,43,0,1
1900,44,0,0
1900,45,0,0
1900,46,0,0
1900,47,1,0
1900,48,1,1
1900,49,1,1
1900,50,1,1
1900,51,1,2
1900,52,0,2
1900,53,0,1
1900,54,1,1
1900,55,2,1
1900,56,3,1
1900,57,4,1
1900,58,4,2
1900,59,5,2
1900,60,6,2
1900,61,6,3
1900,62,6,2
1900,63,6,1
1900,64,6,0
1900,65,6,1
1900,66,7,1
1900,67,7,0
1900,68,7,1
1900,69,7,2
1900,70,7,3
1900,71,6,3
1900,72,7,3
1900,73,7,4
1900,74,7,5
1900,75,7,6
1900,76,7,7
1900,77,6,7
1900,78,5,7
1900,79,4,7
1900,80,3,7
1900,81,2,7
1900,82,1,7
1900,83,1,6
1900,84,0,6
1900,85,0,5
1900,86,0,4
1900,87,0,5
1900,88,0,4
1900,89,0,3
1900,90,0,2
1900,91,1,2
1900,92,2,2
1900,93,3,2
1900,94,4,2
1900,95,5,2
1900,96,4,2
1900,97,4,3
1900,98,4,2
1900,99,5,2
1900,100,6,2
1900,101,6,3
1900,102,6,4
1900,103,7,4
1900,104,7,5
1900,105,6,5
1900,106,6,6
1900,107,6,7
1900,108,5,7
1900,109,4,7
1900,110,3,7
1900,111,2,7
1900,112,1,7
1900,113,0,7
1900,114,0,6
1900,115,0,5
1900,116,0,4
1900,117,0,3
1900,118,0,3
1900,119,0,2
1900,120,0,1
1900,121,1,1
1900,122,2,1
1900,123,3,1
1900,124,4,1
1900,125,5,1
1900,126,6,1
1900,127,6,0
1900,128,7,0
1900,129,7,1
1900,130,7,0
1900,131,7,1
1900,132,7,2
1900,133,7,3
1900,134,7,4
1900,135,7,5
1900,136,6,5
1900,137,5,5
1900,138,4,5
1900,139,4,6
1900,140,3,6
1900,141,3,7
1900,142,2,7
1900,143,1,7
1900,144,0,7
1900,145,0,6
1900,146,0,5
1900,147,0,4
1900,148,0,3
1900,149,0,2
1950,0,4,3
1950,1,4,3
1950,2,4,3
1950,3,4,2
1950,4,4,2
1950,5,4,2
1950,6,4,1
1950,7,5,1
1950,8,6,1
1950,9,7,1
1950,10,7,2
1950,11,6,2
1950,12,7,2
1950,13,7,3
1950,14,7,4
1950,15,7,5
1950,16,6,5
1950,17,6,6
1950,18,5,6
1950,19,5,7
1950,20,5,7
1950,21,5,7
1950,22,4,7
1950,23,4,6
1950,24,4,6
1950,25,4,6
1950,26,3,6
1950,27,3,6
1950,28,3,6
1950,29,2,6
1950,30,2,7
1950,31,2,7
1950,32,2,7
1950,33,1,7
1950,34,0,7
1950,35,0,6
1950,36,0,5
1950,37,0,5
1950,38,0,5
1950,39,0,4
1950,40,0,3
1950,41,0,2
1950,42,0,2
1950,43,0,2
1950,44,1,2
1950,45,1,1
1950,46,2,1
1950,47,3,1
1950,48,3,2
1950,49,3,1
1950,50,4,1
1950,51,5,1
1950,52,5,2
1950,53,6,2
1950,54,6,3
1950,55,6,4
1950,56,6,5
1950,57,6,6
1950,58,6,5
1950,59,5,5
1950,60,4,5
1950,61,3,5
1950,62,2,5
1950,63,2,4
1950,64,2,4
1950,65,2,4
1950,66,1,4
1950,67,1,3
1950,68,0,3
1950,69,1,3
1950,70,0,3
1950,71,0,2
1950,72,0,1
1950,73,1,1
1950,74,2,1
1950,75,3,1
1950,76,4,1
1950,77,5,1
1950,78,6,1
1950,79,6,0
1950,80,7,0
1950,81,7,0
1950,82,7,1
1950,83,7,2
1950,84,7,3
1950,85,7,3
1950,86,7,4
1950,87,7,5
1950,88,7,6
1950,89,7,7
1950,90,6,7
1950,91,5,7
1950,92,4,7
1950,93,3,7
1950,94,2,7
1950,95,1,7
1950,96,1,6
1950,97,1,5
1950,98,0,5
1950,99,0,4
1950,100,0,3
1950,101,0,2
1950,102,0,1
1950,103,1,1
1950,104,1,0
1950,105,2,0
1950,106,2,1
1950,107,2,0
1950,108,3,0
1950,109,4,0
1950,110,5,0
1950,111,6,0
1950,112,6,1
1950,113,6,0
1950,114,7,0
1950,115,7,1
1950,116,7,2
1950,117,7,3
1950,118,7,4
1950,119,6,4
1950,120,6,5
1950,121,6,6
1950,122,6,7
1950,123,5,7
1950,124,5,6
1950,125,4,6
1950,126,3,6
1950,127,2,6
1950,128,1,6
1950,129,0,6
1950,130,0,5
1950,131,0,4
1950,132,0,3
1950,133,0,2
1950,134,1,2
1950,135,2,2
1950,136,2,1
1950,137,3,1
1950,138,4,1
1950,139,5,1
1950,140,6,1
1950,141,6,0
1950,142,7,0
1950,143,7,1
1950,144,7,2
1950,145,6,2
1950,146,5,2
1950,147,5,3
1950,148,6,3
1950,149,6,4
2000,0,4,5
2000,1,4,5
2000,2,4,5
2000,3,5,5
2000,4,5,6
2000,5,5,6
2000,6,5,6
2000,7,4,6
2000,8,4,6
2000,9,4,6
2000,10,3,6
2000,11,3,6
2000,12,3,5
2000,13,3,5
2000,14,3,5
2000,15,2,5
2000,16,2,6
2000,17,2,6
2000,18,2,6
2000,19,1,6
2000,20,0,6
2000,21,0,5
2000,22,0,5
2000,23,0,5
2000,24,0,4
2000,25,0,3
2000,26,0,2
2000,27,0,2
2000,28,0,2
2000,29,0,1
2000,30,1,1
2000,31,1,1
2000,32,1,1
2000,33,2,1
2000,34,3,1
2000,35,3,0
2000,36,4,0
2000,37,4,1
2000,38,5,1
2000,39,6,1
2000,40,6,1
2000,41,6,1
2000,42,7,1
2000,43,7,2
2000,44,7,3
2000,45,7,4
2000,46,6,4
2000,47,6,5
2000,48,6,6
2000,49,5,6
2000,50,4,6
2000,51,3,6
2000,52,2,6
2000,53,1,6
2000,54,0,6
2000,55,0,5
2000,56,0,4
2000,57,0,3
2000,58,1,3
2000,59,1,3
2000,60,1,3
2000,61,1,2
2000,62,1,1
2000,63,2,1
2000,64,3,1
2000,65,4,1
2000,66,5,1
2000,67,6,1
2000,68,7,1
2000,69,7,2
2000,70,7,3
2000,71,7,4
2000,72,6,4
2000,73,7,4
2000,74,7,5
2000,75,7,6
2000,76,7,7
2000,77,7,7
2000,78,7,7
2000,79,6,7
2000,80,5,7
2000,81,4,7
2000,82,3,7
2000,83,2,7
2000,84,1,7
2000,85,0,7
2000,86,0,6
2000,87,0,5
2000,88,1,5
2000,89,0,5
2000,90,0,4
2000,91,0,3
2000,92,0,2
2000,93,0,1
2000,94,1,1
2000,95,2,1
2000,96,1,1
2000,97,2,1
2000,98,3,1
2000,99,4,1
2000,100,5,1
2000,101,6,1
2000,102,7,1
2000,103,7,2
2000,104,7,3
2000,105,7,4
2000,106,6,4
2000,107,6,5
2000,108,5,5
2000,109,5,4
2000,110,5,4
2000,111,5,4
2000,112,4,4
2000,113,3,4
2000,114,4,4
2000,115,4,3
2000,116,4,2
2000,117,4,2
2000,118,4,2
2000,119,5,2
2000,120,6,2
2000,121,7,2
2000,122,7,3
2000,123,7,4
2000,124,7,5
2000,125,7,6
2000,126,7,7
2000,127,6,7
2000,128,5,7
2000,129,4,7
2000,130,3,7
2000,131,2,7
2000,132,1,7
2000,133,0,7
2000,134,0,6
2000,135,0,5
2000,136,0,4
2000,137,0,3
2000,138,1,3
2000,139,2,3
2000,140,1,3
2000,141,1,2
2000,142,1,3
2000,143,1,2
2000,144,1,1
2000,145,2,1
2000,146,2,0
2000,147,2,1
2000,148,2,2
2000,149,1,2
2050,0,3,4
2050,1,2,4
2050,2,2,4
2050,3,2,4
2050,4,2,5
2050,5,2,5
2050,6,2,5
2050,7,1,5
2050,8,0,5
2050,9,0,4
2050,10,0,3
2050,11,0,2
2050,12,1,2
2050,13,1,2
2050,14,1,2
2050,15,1,1
2050,16,1,1
2050,17,1,1
2050,18,2,1
2050,19,3,1
2050,20,4,1
2050,21,5,1
2050,22,5,1
2050,23,5,1
2050,24,6,1
2050,25,7,1
2050,26,7,2
2050,27,7,3
2050,28,7,4
2050,29,7,5
2050,30,7,6
2050,31,7,7
2050,32,6,7
2050,33,6,7
2050,34,6,7
2050,35,5,7
2050,36,5,6
2050,37,5,6
2050,38,5,6
2050,39,4,6
2050,40,3,6
2050,41,4,6
2050,42,3,6
2050,43,3,7
2050,44,2,7
2050,45,2,7
2050,46,2,7
2050,47,1,7
2050,48,1,6
2050,49,0,6
2050,50,0,5
2050,51,0,4
2050,52,0,3
2050,53,0,2
2050,54,0,1
2050,55,0,0
2050,56,0,0
2050,57,0,0
2050,58,1,0
2050,59,2,0
2050,60,3,0
2050,61,4,0
2050,62,5,0
2050,63,5,1
2050,64,6,1
2050,65,6,0
2050,66,7,0
2050,67,7,1
2050,68,7,2
2050,69,7,3
2050,70,6,3
2050,71,7,3
2050,72,7,4
2050,73,7,5
2050,74,7,6
2050,75,7,7
2050,76,7,7
2050,77,7,7
2050,78,6,7
2050,79,5,7
2050,80,4,7
2050,81,3,7
2050,82,2,7
2050,83,1,7
2050,84,1,6
2050,85,0,6
2050,86,0,6
2050,87,1,6
2050,88,0,6
2050,89,0,5
2050,90,0,4
2050,91,1,4
2050,92,0,4
2050,93,0,3
2050,94,0,2
2050,95,0,1
2050,96,1,1
2050,97,2,1
2050,98,3,1
2050,99,4,1
2050,100,5,1
2050,101,6,1
2050,102,6,0
2050,103,7,0
2050,104,7,1
2050,105,7,2
2050,106,7,3
2050,107,7,4
2050,108,7,5
2050,109,6,5
2050,110,6,6
2050,111,5,6
2050,112,5,7
2050,113,5,7
2050,114,4,7
2050,115,3,7
2050,116,2,7
2050,117,1,7
2050,118,0,7
2050,119,0,6
2050,120,0,5
2050,121,0,4
2050,122,1,4
2050,123,0,4
2050,124,0,3
2050,125,1,3
2050,126,1,2
2050,127,0,2
2050,128,0,1
2050,129,1,1
2050,130,2,1
2050,131,3,1
2050,132,4,1
2050,133,5,1
2050,134,5,2
2050,135,4,2
2050,136,4,2
2050,137,4,2
2050,138,5,2
2050,139,6,2
2050,140,7,2
2050,141,7,3
2050,142,7,4
2050,143,6,4
2050,144,6,5
2050,145,6,6
2050,146,6,7
2050,147,5,7
2050,148,4,7
2050,149,3,7
2100,0,3,4
2100,1,2,4
2100,2,2,4
2100,3,2,4
2100,4,1,4
2100,5,1,4
2100,6,1,4
2100,7,1,3
2100,8,1,2
2100,9,1,2
2100,10,1,2
2100,11,1,3
2100,12,2,3
2100,13,2,3
2100,14,2,3
2100,15,2,2
2100,16,3,2
2100,17,3,2
2100,18,3,2
2100,19,4,2
2100,20,4,2
2100,21,4,2
2100,22,5,2
2100,23,5,2
2100,24,5,2
2100,25,5,3
2100,26,5,3
2100,27,5,3
2100,28,6,3
2100,29,7,3
2100,30,7,4
2100,31,6,4
2100,32,7,4
2100,33,7,4
2100,34,7,4
2100,35,6,4
2100,36,5,4
2100,37,6,4
2100,38,7,4
2100,39,7,5
2100,40,7,6
2100,41,7,7
2100,42,7,7
2100,43,7,7
2100,44,6,7
2100,45,5,7
2100,46,4,7
2100,47,4,7
2100,48,4,7
2100,49,3,7
2100,50,3,7
2100,51,3,7
2100,52,2,7
2100,53,1,7
2100,54,1,6
2100,55,0,6
2100,56,0,5
2100,57,0,5
2100,58,0,5
2100,59,0,4
2100,60,0,4
2100,61,0,4
2100,62,0,3
2100,63,0,3
2100,64,0,3
2100,65,0,2
2100,66,0,1
2100,67,1,1
2100,68,2,1
2100,69,3,1
2100,70,3,1
2100,71,3,1
2100,72,4,1
2100,73,4,0
2100,74,4,1
2100,75,5,1
2100,76,6,1
2100,77,7,1
2100,78,7,2
2100,79,7,2
2100,80,7,2
2100,81,7,3
2100,82,7,4
2100,83,7,5
2100,84,6,5
2100,85,6,6
2100,86,5,6
2100,87,4,6
2100,88,3,6
2100,89,3,5
2100,90,3,5
2100,91,3,5
2100,92,2,5
2100,93,1,5
2100,94,0,5
2100,95,0,4
2100,96,0,3
2100,97,0,2
2100,98,0,1
2100,99,1,1
2100,100,1,2
2100,101,1,3
2100,102,1,2
2100,103,1,1
2100,104,2,1
2100,105,3,1
2100,106,4,1
2100,107,4,1
2100,108,5,1
2100,109,6,1
2100,110,6,2
2100,111,6,3
2100,112,6,4
2100,113,7,4
2100,114,7,5
2100,115,7,6
2100,116,6,6
2100,117,5,6
2100,118,4,6
2100,119,3,6
2100,120,2,6
2100,121,1,6
2100,122,1,7
2100,123,1,7
2100,124,1,7
2100,125,1,6
2100,126,0,6
2100,127,0,5
2100,128,0,4
2100,129,0,3
2100,130,0,2
2100,131,1,2
2100,132,1,1
2100,133,2,1
2100,134,3,1
2100,135,4,1
2100,136,5,1
2100,137,6,1
2100,138,7,1
2100,139,6,1
2100,140,6,0
2100,141,7,0
2100,142,7,1
2100,143,7,2
2100,144,7,3
2100,145,7,4
2100,146,7,5
2100,147,7,6
2100,148,6,6
2100,149,7,6
2150,0,4,3
2150,1,4,3
2150,2,4,3
2150,3,5,3
2150,4,6,3
2150,5,6,3
2150,6,6,3
2150,7,6,4
2150,8,7,4
2150,9,6,4
2150,10,7,4
2150,11,7,4
2150,12,7,4
2150,13,7,5
2150,14,7,6
2150,15,6,6
2150,16,5,6
2150,17,5,6
2150,18,5,6
2150,19,6,6
2150,20,7,6
2150,21,6,6
2150,22,7,6
2150,23,6,6
2150,24,5,6
2150,25,5,7
2150,26,4,7
2150,27,3,7
2150,28,2,7
2150,29,1,7
2150,30,1,7
2150,31,1,7
2150,32,0,7
2150,33,0,6
2150,34,0,5
2150,35,1,5
2150,36,0,5
2150,37,0,4
2150,38,0,3
2150,39,1,3
2150,40,1,3
2150,41,1,3
2150,42,0,3
2150,43,1,3
2150,44,1,2
2150,45,2,2
2150,46,2,1
2150,47,3,1
2150,48,3,0
2150,49,4,0
2150,50,4,0
2150,51,4,0
2150,52,5,0
2150,53,5,1
2150,54,6,1
2150,55,6,1
2150,56,6,1
2150,57,7,1
2150,58,7,2
2150,59,7,3
2150,60,7,4
2150,61,7,5
2150,62,7,6
2150,63,6,6
2150,64,6,7
2150,65,5,7
2150,66,4,7
2150,67,3,7
2150,68,2,7
2150,69,1,7
2150,70,0,7
2150,71,0,6
2150,72,0,5
2150,73,0,4
2150,74,0,3
2150,75,0,2
2150,76,1,2
2150,77,2,2
2150,78,1,2
2150,79,0,2
2150,80,0,1
2150,81,1,1
2150,82,0,1
2150,83,1,1
2150,84,2,1
2150,85,3,1
2150,86,4,1
2150,87,5,1
2150,88,6,1
2150,89,6,0
2150,90,6,1
2150,91,6,0
2150,92,7,0
2150,93,7,1
2150,94,7,2
2150,95,6,2
2150,96,6,3
2150,97,6,4
2150,98,6,5
2150,99,6,6
2150,100,6,7
2150,101,5,7
2150,102,4,7
2150,103,3,7
2150,104,2,7
2150,105,2,6
2150,106,2,5
2150,107,2,5
2150,108,2,5
2150,109,2,4
2150,110,3,4
2150,111,3,4
2150,112,3,4
2150,113,2,4
2150,114,1,4
2150,115,0,4
2150,116,0,3
2150,117,0,2
2150,118,1,2
2150,119,1,3
2150,120,0,3
2150,121,0,2
2150,122,1,2
2150,123,2,2
2150,124,2,1
2150,125,3,1
2150,126,4,1
2150,127,4,0
2150,128,5,0
2150,129,6,0
2150,130,7,0
2150,131,7,0
2150,132,7,0
2150,133,7,1
2150,134,6,1
2150,135,7,1
2150,136,6,1
2150,137,6,0
2150,138,7,0
2150,139,7,1
2150,140,7,2
2150,141,7,3
2150,142,7,4
2150,143,7,5
2150,144,7,6
2150,145,6,6
2150,146,6,7
2150,147,5,7
2150,148,4,7
2150,149,3,7
2200,0,3,4
2200,1,3,4
2200,2,3,4
2200,3,2,4
2200,4,1,4
2200,5,0,4
2200,6,0,3
2200,7,0,3
2200,8,0,3
2200,9,0,2
2200,10,1,2
2200,11,1,2
2200,12,1,2
2200,13,2,2
2200,14,2,2
2200,15,2,2
2200,16,2,1
2200,17,2,0
2200,18,3,0
2200,19,3,0
2200,20,3,0
2200,21,4,0
2200,22,4,1
2200,23,4,1
2200,24,4,1
2200,25,5,1
2200,26,6,1
2200,27,7,1
2200,28,7,2
2200,29,7,2
2200,30,7,2
2200,31,7,3
2200,32,7,4
2200,33,7,5
2200,34,6,5
2200,35,6,6
2200,36,6,6
2200,37,6,6
2200,38,6,7
2200,39,5,7
2200,40,5,7
2200,41,5,7
2200,42,5,6
2200,43,5,5
2200,44,5,5
2200,45,5,5
2200,46,6,5
2200,47,6,4
2200,48,6,4
2200,49,6,4
2200,50,7,4
2200,51,7,4
2200,52,7,4
2200,53,6,4
2200,54,6,5
2200,55,6,6
2200,56,6,7
2200,57,5,7
2200,58,5,6
2200,59,5,7
2200,60,4,7
2200,61,3,7
2200,62,2,7
2200,63,1,7
2200,64,1,6
2200,65,1,6
2200,66,1,6
2200,67,0,6
2200,68,0,6
2200,69,0,6
2200,70,0,5
2200,71,1,5
2200,72,0,5
2200,73,0,4
2200,74,0,3
2200,75,0,2
2200,76,0,1
2200,77,1,1
2200,78,2,1
2200,79,3,1
2200,80,3,2
2200,81,4,2
2200,82,5,2
2200,83,6,2
2200,84,6,3
2200,85,6,4
2200,86,7,4
2200,87,6,4
2200,88,6,5
2200,89,6,6
2200,90,6,7
2200,91,6,6
2200,92,6,7
2200,93,5,7
2200,94,4,7
2200,95,3,7
2200,96,3,6
2200,97,2,6
2200,98,1,6
2200,99,1,5
2200,100,0,5
2200,101,0,4
2200,102,1,4
2200,103,0,4
2200,104,0,3
2200,105,0,2
2200,106,0,1
2200,107,1,1
2200,108,2,1
2200,109,3,1
2200,110,4,1
2200,111,5,1
2200,112,6,1
2200,113,6,0
2200,114,7,0
2200,115,7,1
2200,116,7,2
2200,117,7,3
2200,118,7,4
2200,119,7,5
2200,120,7,6
2200,121,7,7
2200,122,7,7
2200,123,7,7
2200,124,6,7
2200,125,5,7
2200,126,4,7
2200,127,3,7
2200,128,2,7
2200,129,2,6
2200,130,1,6
2200,131,0,6
2200,132,0,5
2200,133,0,4
2200,134,1,4
2200,135,0,4
2200,136,0,3
2200,137,0,2
2200,138,0,1
2200,139,1,1
2200,140,2,1
2200,141,2,2
2200,142,3,2
2200,143,3,1
2200,144,4,1
2200,145,4,0
2200,146,5,0
2200,147,6,0
2200,148,7,0
2200,149,7,1
2250,0,4,5
2250,1,5,5
2250,2,5,5
2250,3,5,5
2250,4,5,6
2250,5,5,6
2250,6,5,6
2250,7,4,6
2250,8,3,6
2250,9,3,6
2250,10,3,6
2250,11,3,7
2250,12,3,7
2250,13,3,7
2250,14,2,7
2250,15,1,7
2250,16,0,7
2250,17,0,6
2250,18,0,6
2250,19,0,6
2250,20,0,5
2250,21,0,4
2250,22,0,3
2250,23,0,3
2250,24,0,3
2250,25,0,2
2250,26,0,1
2250,27,0,1
2250,28,0,1
2250,29,0,0
2250,30,1,0
2250,31,1,0
2250,32,1,0
2250,33,1,1
2250,34,1,2
2250,35,2,2
2250,36,1,2
2250,37,1,3
2250,38,1,4
2250,39,1,4
2250,40,1,4
2250,41,1,5
2250,42,1,5
2250,43,1,5
2250,44,0,5
2250,45,0,4
2250,46,0,3
2250,47,0,2
2250,48,0,1
2250,49,1,1
2250,50,2,1
2250,51,2,0
2250,52,2,1
2250,53,3,1
2250,54,4,1
2250,55,5,1
2250,56,6,1
2250,57,6,0
2250,58,6,0
2250,59,6,0
2250,60,6,1
2250,61,6,1
2250,62,6,1
2250,63,6,2
2250,64,6,3
2250,65,6,3
2250,66,6,3
2250,67,7,3
2250,68,7,4
2250,69,6,4
2250,70,6,4
2250,71,6,4
2250,72,7,4
2250,73,7,4
2250,74,7,4
2250,75,7,5
2250,76,7,6
2250,77,6,6
2250,78,6,7
2250,79,5,7
2250,80,4,7
2250,81,3,7
2250,82,2,7
2250,83,1,7
2250,84,0,7
2250,85,0,7
2250,86,0,7
2250,87,0,6
2250,88,0,5
2250,89,0,4
2250,90,0,3
2250,91,0,2
2250,92,1,2
2250,93,1,1
2250,94,2,1
2250,95,3,1
2250,96,4,1
2250,97,5,1
2250,98,6,1
2250,99,6,0
2250,100,6,1
2250,101,7,1
2250,102,7,2
2250,103,7,1
2250,104,7,2
2250,105,6,2
2250,106,7,2
2250,107,7,3
2250,108,7,4
2250,109,6,4
2250,110,6,5
2250,111,5,5
2250,112,4,5
2250,113,5,5
2250,114,4,5
2250,115,3,5
2250,116,3,4
2250,117,2,4
2250,118,1,4
2250,119,0,4
2250,120,0,3
2250,121,0,2
2250,122,0,1
2250,123,1,1
2250,124,2,1
2250,125,3,1
2250,126,4,1
2250,127,5,1
2250,128,5,0
2250,129,6,0
2250,130,6,1
2250,131,7,1
2250,132,7,1
2250,133,7,2
2250,134,6,2
2250,135,6,3
2250,136,6,4
2250,137,7,4
2250,138,7,5
2250,139,6,5
2250,140,5,5
2250,141,4,5
2250,142,3,5
2250,143,2,5
2250,144,1,5
2250,145,0,5
2250,146,0,4
2250,147,0,3
2250,148,0,2
2250,149,0,1
2300,0,4,5
2300,1,3,5
2300,2,3,5
2300,3,3,5
2300,4,2,5
2300,5,1,5
2300,6,1,5
2300,7,1,5
2300,8,0,5
2300,9,0,4
2300,10,0,4
2300,11,0,4
2300,12,0,3
2300,13,1,3
2300,14,1,3
2300,15,1,3
2300,16,2,3
2300,17,2,3
2300,18,2,3
2300,19,3,3
2300,20,3,2
2300,21,3,1
2300,22,3,0
2300,23,3,0
2300,24,3,0
2300,25,3,1
2300,26,4,1
2300,27,5,1
2300,28,6,1
2300,29,6,2
2300,30,6,1
2300,31,7,1
2300,32,7,2
2300,33,7,2
2300,34,7,2
2300,35,6,2
2300,36,6,3
2300,37,6,4
2300,38,6,5
2300,39,7,5
2300,40,7,6
2300,41,7,6
2300,42,7,6
2300,43,6,6
2300,44,5,6
2300,45,4,6
2300,46,4,7
2300,47,3,7
2300,48,2,7
2300,49,2,7
2300,50,2,7
2300,51,2,6
2300,52,1,6
2300,53,0,6
2300,54,0,5
2300,55,0,4
2300,56,0,3
2300,57,0,2
2300,58,1,2
2300,59,1,3
2300,60,1,2
2300,61,1,1
2300,62,2,1
2300,63,3,1
2300,64,3,2
2300,65,4,2
2300,66,4,1
2300,67,5,1
2300,68,5,0
2300,69,5,1
2300,70,5,2
2300,71,6,2
2300,72,7,2
2300,73,6,2
2300,74,6,3
2300,75,6,4
2300,76,5,4
2300,77,6,4
2300,78,6,5
2300,79,5,5
2300,80,5,4
2300,81,6,4
2300,82,6,5
2300,83,6,6
2300,84,5,6
2300,85,4,6
2300,86,4,7
2300,87,3,7
2300,88,2,7
2300,89,1,7
2300,90,1,6
2300,91,0,6
2300,92,0,5
2300,93,0,4
2300,94,0,3
2300,95,0,2
2300,96,0,1
2300,97,1,1
2300,98,2,1
2300,99,3,1
2300,100,4,1
2300,101,5,1
2300,102,5,2
2300,103,5,3
2300,104,5,2
2300,105,5,1
2300,106,6,1
2300,107,7,1
2300,108,7,2
2300,109,7,3
2300,110,7,4
2300,111,7,5
2300,112,6,5
2300,113,7,5
2300,114,7,6
2300,115,6,6
2300,116,5,6
2300,117,6,6
2300,118,5,6
2300,119,5,7
2300,120,4,7
2300,121,3,7
2300,122,2,7
2300,123,1,7
2300,124,0,7
2300,125,0,6
2300,126,0,5
2300,127,0,4
2300,128,0,3
2300,129,0,2
2300,130,0,1
2300,131,1,1
2300,132,2,1
2300,133,3,1
2300,134,4,1
2300,135,5,1
2300,136,6,1
2300,137,7,1
2300,138,7,2
2300,139,7,3
2300,140,6,3
2300,141,7,3
2300,142,6,3
2300,143,7,3
2300,144,7,4
2300,145,7,5
2300,146,6,5
2300,147,6,6
2300,148,6,7
2300,149,5,7
2350,0,3,4
2350,1,3,3
2350,2,3,3
2350,3,3,3
2350,4,3,4
2350,5,2,4
2350,6,1,4
2350,7,1,4
2350,8,1,4
2350,9,0,4
2350,10,0,3
2350,11,0,2
2350,12,1,2
2350,13,1,2
2350,14,1,2
2350,15,1,1
2350,16,2,1
2350,17,3,1
2350,18,3,1
2350,19,3,1
2350,20,4,1
2350,21,4,1
2350,22,4,1
2350,23,5,1
2350,24,5,2
2350,25,5,2
2350,26,5,2
2350,27,6,2
2350,28,6,3
2350,29,6,3
2350,30,6,3
2350,31,7,3
2350,32,7,4
2350,33,6,4
2350,34,6,3
2350,35,7,3
2350,36,7,3
2350,37,7,3
2350,38,7,3
2350,39,6,3
2350,40,6,4
2350,41,7,4
2350,42,6,4
2350,43,6,5
2350,44,5,5
2350,45,5,6
2350,46,4,6
2350,47,4,6
2350,48,4,6
2350,49,3,6
2350,50,3,7
2350,51,3,7
2350,52,3,7
2350,53,2,7
2350,54,1,7
2350,55,0,7
2350,56,0,6
2350,57,0,6
2350,58,0,6
2350,59,0,5
2350,60,0,4
2350,61,0,3
2350,62,0,2
2350,63,0,1
2350,64,1,1
2350,65,2,1
2350,66,3,1
2350,67,4,1
2350,68,5,1
2350,69,6,1
2350,70,6,2
2350,71,6,1
2350,72,7,1
2350,73,7,2
2350,74,7,3
2350,75,6,3
2350,76,6,4
2350,77,7,4
2350,78,6,4
2350,79,6,5
2350,80,6,6
2350,81,5,6
2350,82,4,6
2350,83,5,6
2350,84,5,7
2350,85,4,7
2350,86,3,7
2350,87,2,7
2350,88,1,7
2350,89,0,7
2350,90,0,6
2350,91,0,5
2350,92,0,4
2350,93,0,3
2350,94,0,2
2350,95,0,1
2350,96,1,1
2350,97,2,1
2350,98,3,1
2350,99,3,0
2350,100,3,1
2350,101,3,2
2350,102,3,3
2350,103,4,3
2350,104,4,2
2350,105,5,2
2350,106,6,2
2350,107,6,3
2350,108,7,3
2350,109,6,3
2350,110,6,4
2350,111,6,5
2350,112,6,6
2350,113,5,6
2350,114,5,5
2350,115,4,5
2350,116,3,5
2350,117,2,5
2350,118,2,6
2350,119,1,6
2350,120,0,6
2350,121,0,5
2350,122,0,4
2350,123,0,3
2350,124,0,2
2350,125,1,2
2350,126,0,2
2350,127,0,1
2350,128,1,1
2350,129,2,1
2350,130,2,0
2350,131,2,1
2350,132,3,1
2350,133,4,1
2350,134,5,1
2350,135,6,1
2350,136,6,2
2350,137,6,3
2350,138,6,4
2350,139,6,5
2350,140,5,5
2350,141,6,5
2350,142,5,5
2350,143,4,5
2350,144,3,5
2350,145,2,5
2350,146,2,4
2350,147,1,4
2350,148,0,4
2350,149,0,3
2400,0,4,5
2400,1,4,5
2400,2,4,5
2400,3,4,4
2400,4,5,4
2400,5,5,4
2400,6,5,4
2400,7,4,4
2400,8,3,4
2400,9,2,4
2400,10,1,4
2400,11,0,4
2400,12,0,4
2400,13,0,4
2400,14,0,3
2400,15,0,2
2400,16,1,2
2400,17,0,2
2400,18,0,1
2400,19,1,1
2400,20,2,1
2400,21,3,1
2400,22,4,1
2400,23,4,2
2400,24,4,2
2400,25,4,2
2400,26,5,2
2400,27,6,2
2400,28,6,1
2400,29,6,1
2400,30,6,1
2400,31,6,0
2400,32,6,0
2400,33,6,0
2400,34,6,1
2400,35,7,1
2400,36,7,2
2400,37,7,3
2400,38,6,3
2400,39,6,4
2400,40,5,4
2400,41,5,3
2400,42,6,3
2400,43,6,4
2400,44,5,4
2400,45,6,4
2400,46,6,5
2400,47,6,6
2400,48,7,6
2400,49,7,6
2400,50,7,6
2400,51,6,6
2400,52,6,7
2400,53,5,7
2400,54,4,7
2400,55,4,7
2400,56,4,7
2400,57,3,7
2400,58,2,7
2400,59,1,7
2400,60,0,7
2400,61,0,6
2400,62,0,5
2400,63,0,4
2400,64,0,3
2400,65,0,2
2400,66,0,1
2400,67,1,1
2400,68,2,1
2400,69,3,1
2400,70,4,1
2400,71,5,1
2400,72,6,1
2400,73,6,2
2400,74,6,3
2400,75,6,4
2400,76,6,5
2400,77,6,6
2400,78,5,6
2400,79,4,6
2400,80,3,6
2400,81,2,6
2400,82,1,6
2400,83,0,6
2400,84,0,5
2400,85,0,4
2400,86,0,3
2400,87,0,2
2400,88,0,1
2400,89,1,1
2400,90,1,0
2400,91,1,1
2400,92,2,1
2400,93,3,1
2400,94,4,1
2400,95,5,1
2400,96,6,1
2400,97,7,1
2400,98,6,1
2400,99,6,2
2400,100,7,2
2400,101,7,3
2400,102,7,4
2400,103,7,5
2400,104,6,5
2400,105,5,5
2400,106,5,6
2400,107,4,6
2400,108,3,6
2400,109,2,6
2400,110,1,6
2400,111,0,6
2400,112,0,5
2400,113,0,4
2400,114,0,3
2400,115,0,2
2400,116,0,1
2400,117,1,1
2400,118,2,1
2400,119,2,0
2400,120,3,0
2400,121,3,1
2400,122,4,1
2400,123,5,1
2400,124,6,1
2400,125,6,2
2400,126,6,3
2400,127,6,4
2400,128,6,5
2400,129,5,5
2400,130,5,6
2400,131,4,6
2400,132,4,5
2400,133,3,5
2400,134,3,6
2400,135,2,6
2400,136,1,6
2400,137,0,6
2400,138,0,5
2400,139,0,4
2400,140,0,3
2400,141,0,2
2400,142,0,1
2400,143,1,1
2400,144,2,1
2400,145,2,2
2400,146,3,2
2400,147,4,2
2400,148,4,3
2400,149,5,3
2450,0,3,4
2450,1,3,4
2450,2,3,4
2450,3,3,5
2450,4,3,5
2450,5,3,5
2450,6,3,6
2450,7,3,6
2450,8,3,6
2450,9,2,6
2450,10,1,6
2450,11,0,6
2450,12,0,5
2450,13,0,4
2450,14,0,3
2450,15,1,3
2450,16,1,3
2450,17,1,3
2450,18,2,3
2450,19,2,3
2450,20,2,3
2450,21,2,2
2450,22,2,1
2450,23,2,0
2450,24,2,0
2450,25,2,0
2450,26,2,1
2450,27,3,1
2450,28,4,1
2450,29,4,1
2450,30,4,1
2450,31,5,1
2450,32,6,1
2450,33,6,0
2450,34,6,0
2450,35,6,0
2450,36,7,0
2450,37,7,1
2450,38,7,2
2450,39,7,2
2450,40,7,2
2450,41,7,3
2450,42,7,4
2450,43,7,5
2450,44,7,6
2450,45,7,7
2450,46,6,7
2450,47,5,7
2450,48,5,7
2450,49,5,7
2450,50,4,7
2450,51,4,7
2450,52,4,7
2450,53,3,7
2450,54,2,7
2450,55,1,7
2450,56,0,7
2450,57,0,6
2450,58,0,5
2450,59,0,4
2450,60,0,3
2450,61,0,2
2450,62,0,1
2450,63,1,1
2450,64,2,1
2450,65,3,1
2450,66,4,1
2450,67,5,1
2450,68,6,1
2450,69,7,1
2450,70,7,0
2450,71,7,0
2450,72,7,0
2450,73,7,1
2450,74,7,2
2450,75,7,3
2450,76,7,4
2450,77,7,5
2450,78,7,6
2450,79,6,6
2450,80,6,6
2450,81,6,6
2450,82,6,7
2450,83,5,7
2450,84,4,7
2450,85,3,7
2450,86,2,7
2450,87,1,7
2450,88,1,6
2450,89,0,6
2450,90,0,5
2450,91,0,4
2450,92,0,3
2450,93,0,2
2450,94,0,1
2450,95,1,1
2450,96,2,1
2450,97,3,1
2450,98,4,1
2450,99,5,1
2450,100,6,1
2450,101,7,1
2450,102,7,2
2450,103,7,3
2450,104,7,4
2450,105,6,4
2450,106,6,5
2450,107,6,6
2450,108,7,6
2450,109,6,6
2450,110,6,7
2450,111,5,7
2450,112,4,7
2450,113,3,7
2450,114,2,7
2450,115,1,7
2450,116,0,7
2450,117,0,6
2450,118,0,5
2450,119,0,4
2450,120,0,3
2450,121,0,2
2450,122,0,1
2450,123,1,1
2450,124,2,1
2450,125,3,1
2450,126,4,1
2450,127,5,1
2450,128,6,1
2450,129,6,2
2450,130,6,3
2450,131,6,4
2450,132,6,5
2450,133,6,6
2450,134,6,7
2450,135,5,7
2450,136,4,7
2450,137,3,7
2450,138,2,7
2450,139,1,7
2450,140,1,6
2450,141,0,6
2450,142,0,5
2450,143,0,4
2450,144,0,3
2450,145,0,2
2450,146,0,1
2450,147,1,1
2450,148,2,1
2450,149,3,1
2500,0,4,5
2500,1,4,5
2500,2,4,5
2500,3,4,6
2500,4,4,6
2500,5,4,6
2500,6,3,6
2500,7,2,6
2500,8,2,5
2500,9,2,5
2500,10,2,5
2500,11,1,5
2500,12,0,5
2500,13,0,4
2500,14,0,3
2500,15,0,2
2500,16,1,2
2500,17,1,2
2500,18,1,2
2500,19,1,1
2500,20,1,1
2500,21,1,1
2500,22,1,2
2500,23,1,1
2500,24,2,1
2500,25,3,1
2500,26,4,1
2500,27,4,0
2500,28,4,0
2500,29,4,0
2500,30,4,1
2500,31,5,1
2500,32,6,1
2500,33,7,1
2500,34,7,1
2500,35,7,1
2500,36,7,2
2500,37,7,3
2500,38,7,4
2500,39,6,4
2500,40,6,4
2500,41,6,4
2500,42,6,5
2500,43,6,6
2500,44,6,7
2500,45,5,7
2500,46,4,7
2500,47,3,7
2500,48,2,7
2500,49,1,7
2500,50,1,7
2500,51,1,7
2500,52,0,7
2500,53,0,6
2500,54,0,5
2500,55,0,4
2500,56,0,3
2500,57,0,2
2500,58,0,1
2500,59,1,1
2500,60,2,1
2500,61,3,1
2500,62,4,1
2500,63,5,1
2500,64,5,2
2500,65,5,2
2500,66,5,2
2500,67,6,2
2500,68,5,2
2500,69,6,2
2500,70,6,3
2500,71,6,4
2500,72,6,5
2500,73,5,5
2500,74,4,5
2500,75,4,6
2500,76,3,6
2500,77,2,6
2500,78,1,6
2500,79,0,6
2500,80,0,5
2500,81,1,5
2500,82,0,5
2500,83,0,4
2500,84,0,3
2500,85,0,2
2500,86,0,1
2500,87,1,1
2500,88,2,1
2500,89,3,1
2500,90,4,1
2500,91,5,1
2500,92,6,1
2500,93,6,2
2500,94,7,2
2500,95,7,3
2500,96,7,4
2500,97,7,5
2500,98,7,6
2500,99,7,7
2500,100,7,7
2500,101,7,7
2500,102,6,7
2500,103,5,7
2500,104,4,7
2500,105,3,7
2500,106,2,7
2500,107,1,7
2500,108,0,7
2500,109,0,6
2500,110,0,5
2500,111,0,4
2500,112,1,4
2500,113,0,4
2500,114,0,3
2500,115,0,2
2500,116,0,1
2500,117,1,1
2500,118,0,1
2500,119,1,1
2500,120,1,2
2500,121,2,2
2500,122,2,1
2500,123,2,2
2500,124,2,3
2500,125,1,3
2500,126,0,3
2500,127,0,2
2500,128,1,2
2500,129,2,2
2500,130,2,3
2500,131,2,2
2500,132,2,3
2500,133,1,3
2500,134,1,2
2500,135,1,1
2500,136,2,1
2500,137,3,1
2500,138,4,1
2500,139,5,1
2500,140,6,1
2500,141,7,1
2500,142,7,2
2500,143,7,3
2500,144,7,4
2500,145,7,5
2500,146,6,5
2500,147,6,6
2500,148,6,7
2500,149,5,7
2550,0,5,4
2550,1,5,3
2550,2,6,3
2550,3,6,3
2550,4,6,3
2550,5,6,2
2550,6,7,2
2550,7,7,2
2550,8,7,2
2550,9,7,3
2550,10,7,4
2550,11,7,5
2550,12,7,6
2550,13,7,6
2550,14,7,6
2550,15,6,6
2550,16,5,6
2550,17,5,7
2550,18,4,7
2550,19,4,7
2550,20,4,7
2550,21,3,7
2550,22,3,6
2550,23,3,6
2550,24,3,6
2550,25,3,7
2550,26,3,7
2550,27,3,7
2550,28,2,7
2550,29,1,7
2550,30,1,6
2550,31,1,6
2550,32,1,6
2550,33,0,6
2550,34,0,5
2550,35,0,4
2550,36,0,3
2550,37,0,2
2550,38,0,1
2550,39,0,1
2550,40,0,1
2550,41,0,0
2550,42,0,0
2550,43,0,0
2550,44,1,0
2550,45,1,1
2550,46,1,2
2550,47,1,2
2550,48,1,2
2550,49,2,2
2550,50,2,2
2550,51,2,2
2550,52,2,3
2550,53,1,3
2550,54,0,3
2550,55,0,2
2550,56,1,2
2550,57,2,2
2550,58,3,2
2550,59,4,2
2550,60,5,2
2550,61,6,2
2550,62,6,3
2550,63,6,4
2550,64,6,5
2550,65,5,5
2550,66,6,5
2550,67,7,5
2550,68,7,5
2550,69,7,5
2550,70,7,6
2550,71,6,6
2550,72,6,7
2550,73,5,7
2550,74,4,7
2550,75,3,7
2550,76,2,7
2550,77,1,7
2550,78,1,6
2550,79,1,7
2550,80,1,6
2550,81,1,5
2550,82,0,5
2550,83,0,4
2550,84,0,3
2550,85,0,2
2550,86,0,1
2550,87,1,1
2550,88,2,1
2550,89,3,1
2550,90,4,1
2550,91,5,1
2550,92,6,1
2550,93,7,1
2550,94,7,2
2550,95,7,3
2550,96,7,4
2550,97,7,5
2550,98,7,6
2550,99,7,7
2550,100,6,7
2550,101,5,7
2550,102,4,7
2550,103,3,7
2550,104,2,7
2550,105,1,7
2550,106,0,7
2550,107,0,6
2550,108,0,5
2550,109,0,4
2550,110,0,4
2550,111,0,3
2550,112,0,2
2550,113,1,2
2550,114,0,2
2550,115,0,1
2550,116,1,1
2550,117,2,1
2550,118,3,1
2550,119,4,1
2550,120,5,1
2550,121,6,1
2550,122,7,1
2550,123,7,2
2550,124,7,3
2550,125,7,4
2550,126,6,4
2550,127,6,5
2550,128,6,6
2550,129,6,7
2550,130,5,7
2550,131,4,7
2550,132,3,7
2550,133,2,7
2550,134,1,7
2550,135,1,6
2550,136,0,6
2550,137,0,5
2550,138,0,4
2550,139,0,3
2550,140,0,2
2550,141,0,1
2550,142,1,1
2550,143,2,1
2550,144,3,1
2550,145,4,1
2550,146,5,1
2550,147,6,1
2550,148,7,1
2550,149,7,2
2600,0,4,3
2600,1,4,3
2600,2,4,3
2600,3,5,3
2600,4,5,2
2600,5,5,2
2600,6,5,2
2600,7,6,2
2600,8,6,2
2600,9,6,2
2600,10,6,3
2600,11,6,3
2600,12,6,3
2600,13,7,3
2600,14,7,3
2600,15,7,3
2600,16,7,4
2600,17,7,4
2600,18,7,4
2600,19,7,5
2600,20,7,6
2600,21,7,7
2600,22,6,7
2600,23,5,7
2600,24,4,7
2600,25,3,7
2600,26,3,6
2600,27,3,6
2600,28,3,6
2600,29,2,6
2600,30,1,6
2600,31,0,6
2600,32,0,7
2600,33,0,6
2600,34,0,7
2600,35,0,7
2600,36,0,7
2600,37,0,6
2600,38,0,5
2600,39,0,4
2600,40,1,4
2600,41,1,4
2600,42,1,4
2600,43,0,4
2600,44,0,3
2600,45,0,2
2600,46,0,1
2600,47,0,1
2600,48,0,1
2600,49,1,1
2600,50,1,1
2600,51,1,1
2600,52,1,2
2600,53,1,2
2600,54,1,2
2600,55,2,2
2600,56,2,1
2600,57,3,1
2600,58,3,0
2600,59,4,0
2600,60,4,0
2600,61,4,0
2600,62,4,1
2600,63,4,0
2600,64,4,1
2600,65,5,1
2600,66,6,1
2600,67,7,1
2600,68,7,2
2600,69,7,3
2600,70,7,4
2600,71,7,5
2600,72,7,6
2600,73,6,6
2600,74,6,7
2600,75,5,7
2600,76,4,7
2600,77,3,7
2600,78,2,7
2600,79,1,7
2600,80,1,6
2600,81,1,5
2600,82,0,5
2600,83,0,4
2600,84,0,3
2600,85,0,2
2600,86,0,1
2600,87,1,1
2600,88,2,1
2600,89,3,1
2600,90,4,1
2600,91,5,1
2600,92,6,1
2600,93,7,1
2600,94,7,2
2600,95,6,2
2600,96,6,3
2600,97,7,3
2600,98,7,4
2600,99,7,5
2600,100,6,5
2600,101,6,6
2600,102,5,6
2600,103,5,7
2600,104,4,7
2600,105,3,7
2600,106,2,7
2600,107,1,7
2600,108,0,7
2600,109,0,6
2600,110,0,5
2600,111,0,4
2600,112,0,3
2600,113,0,4
2600,114,0,3
2600,115,0,2
2600,116,0,1
2600,117,1,1
2600,118,2,1
2600,119,3,1
2600,120,4,1
2600,121,5,1
2600,122,6,1
2600,123,6,0
2600,124,6,1
2600,125,7,1
2600,126,7,2
2600,127,7,3
2600,128,7,4
2600,129,7,5
2600,130,7,6
2600,131,7,7
2600,132,6,7
2600,133,5,7
2600,134,4,7
2600,135,3,7
2600,136,2,7
2600,137,1,7
2600,138,1,6
2600,139,0,6
2600,140,0,5
2600,141,0,4
2600,142,0,3
2600,143,0,2
2600,144,0,1
2600,145,1,1
2600,146,2,1
2600,147,3,1
2600,148,4,1
2600,149,5,1
2650,0,3,4
2650,1,3,5
2650,2,2,5
2650,3,2,4
2650,4,2,4
2650,5,2,4
2650,6,1,4
2650,7,1,3
2650,8,1,3
2650,9,1,3
2650,10,1,2
2650,11,1,1
2650,12,1,1
2650,13,1,1
2650,14,2,1
2650,15,2,1
2650,16,2,1
2650,17,3,1
2650,18,3,1
2650,19,3,1
2650,20,3,0
2650,21,3,0
2650,22,3,0
2650,23,3,1
2650,24,4,1
2650,25,5,1
2650,26,5,1
2650,27,5,1
2650,28,6,1
2650,29,6,2
2650,30,6,3
2650,31,6,3
2650,32,6,3
2650,33,6,4
2650,34,6,5
2650,35,6,6
2650,36,5,6
2650,37,5,6
2650,38,5,6
2650,39,5,7
2650,40,4,7
2650,41,3,7
2650,42,3,7
2650,43,3,7
2650,44,2,7
2650,45,2,6
2650,46,2,6
2650,47,2,6
2650,48,1,6
2650,49,0,6
2650,50,0,5
2650,51,0,4
2650,52,0,3
2650,53,0,2
2650,54,0,1
2650,55,1,1
2650,56,2,1
2650,57,2,2
2650,58,2,1
2650,59,3,1
2650,60,4,1
2650,61,5,1
2650,62,6,1
2650,63,7,1
2650,64,7,2
2650,65,7,3
2650,66,6,3
2650,67,6,4
2650,68,6,5
2650,69,6,6
2650,70,6,7
2650,71,5,7
2650,72,4,7
2650,73,3,7
2650,74,2,7
2650,75,1,7
2650,76,0,7
2650,77,0,6
2650,78,0,5
2650,79,0,4
2650,80,0,3
2650,81,0,2
2650,82,0,1
2650,83,0,2
2650,84,0,1
2650,85,1,1
2650,86,2,1
2650,87,3,1
2650,88,4,1
2650,89,5,1
2650,90,6,1
2650,91,7,1
2650,92,7,2
2650,93,6,2
2650,94,6,1
2650,95,6,0
2650,96,6,1
2650,97,7,1
2650,98,7,2
2650,99,7,3
2650,100,7,4
2650,101,7,5
2650,102,7,6
2650,103,7,7
2650,104,6,7
2650,105,5,7
2650,106,4,7
2650,107,3,7
2650,108,2,7
2650,109,1,7
2650,110,0,7
2650,111,0,6
2650,112,0,6
2650,113,0,5
2650,114,0,4
2650,115,0,3
2650,116,0,2
2650,117,0,1
2650,118,1,1
2650,119,2,1
2650,120,3,1
2650,121,4,1
2650,122,5,1
2650,123,6,1
2650,124,7,1
2650,125,7,2
2650,126,7,3
2650,127,7,4
2650,128,7,5
2650,129,7,6
2650,130,6,6
2650,131,6,7
2650,132,5,7
2650,133,4,7
2650,134,3,7
2650,135,2,7
2650,136,1,7
2650,137,0,7
2650,138,0,6
2650,139,0,5
2650,140,0,4
2650,141,0,3
2650,142,0,2
2650,143,0,1
2650,144,1,1
2650,145,2,1
2650,146,3,1
2650,147,4,1
2650,148,5,1
2650,149,6,1
2700,0,4,4
2700,1,4,4
2700,2,5,4
2700,3,5,4
2700,4,5,4
2700,5,6,4
2700,6,6,5
2700,7,7,5
2700,8,7,6
2700,9,7,6
2700,10,7,6
2700,11,6,6
2700,12,6,7
2700,13,5,7
2700,14,4,7
2700,15,3,7
2700,16,2,7
2700,17,1,7
2700,18,1,6
2700,19,1,6
2700,20,1,6
2700,21,0,6
2700,22,0,6
2700,23,0,6
2700,24,0,7
2700,25,0,7
2700,26,0,7
2700,27,0,6
2700,28,0,5
2700,29,0,4
2700,30,1,4
2700,31,1,4
2700,32,1,4
2700,33,1,3
2700,34,2,3
2700,35,2,3
2700,36,2,2
2700,37,2,2
2700,38,2,2
2700,39,3,2
2700,40,3,3
2700,41,3,3
2700,42,3,3
2700,43,3,4
2700,44,3,5
2700,45,3,5
2700,46,3,5
2700,47,2,5
2700,48,2,4
2700,49,2,4
2700,50,2,4
2700,51,2,5
2700,52,1,5
2700,53,0,5
2700,54,0,4
2700,55,0,3
2700,56,0,2
2700,57,0,1
2700,58,1,1
2700,59,2,1
2700,60,3,1
2700,61,4,1
2700,62,4,1
2700,63,4,1
2700,64,4,0
2700,65,4,0
2700,66,4,0
2700,67,5,0
2700,68,6,0
2700,69,6,0
2700,70,6,0
2700,71,6,1
2700,72,7,1
2700,73,7,2
2700,74,7,3
2700,75,7,4
2700,76,7,5
2700,77,7,6
2700,78,7,7
2700,79,6,7
2700,80,5,7
2700,81,4,7
2700,82,3,7
2700,83,2,7
2700,84,1,7
2700,85,0,7
2700,86,0,6
2700,87,0,5
2700,88,0,4
2700,89,0,3
2700,90,0,2
2700,91,0,1
2700,92,1,1
2700,93,2,1
2700,94,2,0
2700,95,2,0
2700,96,2,0
2700,97,2,1
2700,98,3,1
2700,99,4,1
2700,100,5,1
2700,101,6,1
2700,102,7,1
2700,103,7,2
2700,104,7,3
2700,105,7,3
2700,106,7,4
2700,107,7,5
2700,108,7,6
2700,109,7,7
2700,110,6,7
2700,111,5,7
2700,112,4,7
2700,113,3,7
2700,114,2,7
2700,115,1,7
2700,116,0,7
2700,117,0,6
2700,118,0,5
2700,119,0,4
2700,120,0,3
2700,121,0,2
2700,122,0,1
2700,123,1,1
2700,124,2,1
2700,125,3,1
2700,126,4,1
2700,127,5,1
2700,128,6,1
2700,129,6,0
2700,130,6,1
2700,131,7,1
2700,132,7,2
2700,133,7,3
2700,134,7,4
2700,135,7,5
2700,136,7,6
2700,137,7,7
2700,138,6,7
2700,139,5,7
2700,140,4,7
2700,141,3,7
2700,142,2,7
2700,143,1,7
2700,144,0,7
2700,145,0,6
2700,146,0,5
2700,147,0,4
2700,148,0,5
2700,149,0,4
2750,0,4,3
2750,1,4,3
2750,2,4,3
2750,3,5,3
2750,4,5,2
2750,5,5,2
2750,6,5,2
2750,7,6,2
2750,8,6,3
2750,9,6,3
2750,10,6,3
2750,11,6,4
2750,12,6,4
2750,13,6,4
2750,14,6,5
2750,15,6,6
2750,16,6,6
2750,17,6,6
2750,18,7,6
2750,19,7,6
2750,20,7,6
2750,21,7,7
2750,22,7,7
2750,23,7,7
2750,24,6,7
2750,25,5,7
2750,26,5,7
2750,27,5,7
2750,28,5,6
2750,29,5,6
2750,30,5,6
2750,31,5,7
2750,32,4,7
2750,33,3,7
2750,34,2,7
2750,35,2,7
2750,36,2,7
2750,37,1,7
2750,38,1,6
2750,39,0,6
2750,40,0,6
2750,41,0,6
2750,42,0,5
2750,43,0,4
2750,44,0,3
2750,45,0,3
2750,46,0,3
2750,47,0,2
2750,48,0,1
2750,49,0,1
2750,50,0,1
2750,51,1,1
2750,52,2,1
2750,53,2,2
2750,54,2,3
2750,55,2,3
2750,56,2,3
2750,57,2,4
2750,58,2,5
2750,59,1,5
2750,60,1,5
2750,61,1,5
2750,62,0,5
2750,63,0,4
2750,64,1,4
2750,65,0,4
2750,66,0,3
2750,67,0,2
2750,68,0,1
2750,69,1,1
2750,70,2,1
2750,71,3,1
2750,72,4,1
2750,73,5,1
2750,74,6,1
2750,75,7,1
2750,76,7,1
2750,77,7,1
2750,78,7,2
2750,79,7,3
2750,80,7,4
2750,81,7,5
2750,82,6,5
2750,83,6,6
2750,84,6,7
2750,85,5,7
2750,86,4,7
2750,87,3,7
2750,88,2,7
2750,89,1,7
2750,90,0,7
2750,91,0,6
2750,92,0,7
2750,93,0,6
2750,94,0,5
2750,95,0,4
2750,96,0,3
2750,97,0,2
2750,98,0,1
2750,99,1,1
2750,100,2,1
2750,101,3,1
2750,102,4,1
2750,103,5,1
2750,104,6,1
2750,105,7,1
2750,106,7,2
2750,107,7,3
2750,108,7,4
2750,109,7,5
2750,110,7,6
2750,111,6,6
2750,112,7,6
2750,113,6,6
2750,114,6,7
2750,115,5,7
2750,116,5,6
2750,117,5,7
2750,118,4,7
2750,119,3,7
2750,120,2,7
2750,121,1,7
2750,122,0,7
2750,123,0,6
2750,124,0,6
2750,125,0,5
2750,126,0,4
2750,127,0,3
2750,128,0,2
2750,129,1,2
2750,130,0,2
2750,131,1,2
2750,132,1,3
2750,133,1,4
2750,134,0,4
2750,135,0,3
2750,136,1,3
2750,137,0,3
2750,138,0,2
2750,139,0,1
2750,140,1,1
2750,141,2,1
2750,142,3,1
2750,143,4,1
2750,144,5,1
2750,145,6,1
2750,146,6,0
2750,147,6,1
2750,148,6,2
2750,149,6,3
2800,0,4,5
2800,1,4,5
2800,2,4,5
2800,3,5,5
2800,4,5,5
2800,5,5,5
2800,6,6,5
2800,7,6,5
2800,8,6,5
2800,9,6,6
2800,10,6,7
2800,11,5,7
2800,12,4,7
2800,13,4,7
2800,14,4,7
2800,15,3,7
2800,16,2,7
2800,17,2,7
2800,18,2,7
2800,19,1,7
2800,20,0,7
2800,21,0,7
2800,22,0,7
2800,23,0,6
2800,24,0,5
2800,25,0,4
2800,26,1,4
2800,27,1,4
2800,28,1,4
2800,29,2,4
2800,30,2,3
2800,31,2,3
2800,32,2,3
2800,33,2,2
2800,34,2,1
2800,35,2,1
2800,36,2,1
2800,37,2,0
2800,38,2,0
2800,39,2,0
2800,40,2,1
2800,41,3,1
2800,42,4,1
2800,43,4,0
2800,44,4,0
2800,45,4,0
2800,46,5,0
2800,47,5,0
2800,48,5,0
2800,49,6,0
2800,50,6,1
2800,51,7,1
2800,52,7,2
2800,53,7,3
2800,54,7,4
2800,55,7,4
2800,56,7,4
2800,57,7,5
2800,58,7,6
2800,59,7,7
2800,60,6,7
2800,61,5,7
2800,62,4,7
2800,63,3,7
2800,64,2,7
2800,65,1,7
2800,66,1,6
2800,67,0,6
2800,68,0,5
2800,69,0,4
2800,70,0,3
2800,71,0,2
2800,72,0,1
2800,73,1,1
2800,74,2,1
2800,75,3,1
2800,76,4,1
2800,77,5,1
2800,78,6,1
2800,79,6,2
2800,80,6,3
2800,81,5,3
2800,82,5,3
2800,83,5,3
2800,84,6,3
2800,85,6,4
2800,86,6,5
2800,87,6,6
2800,88,6,7
2800,89,5,7
2800,90,4,7
2800,91,3,7
2800,92,2,7
2800,93,1,7
2800,94,0,7
2800,95,0,6
2800,96,0,5
2800,97,0,4
2800,98,0,3
2800,99,0,2
2800,100,0,1
2800,101,0,0
2800,102,0,1
2800,103,1,1
2800,104,2,1
2800,105,3,1
2800,106,4,1
2800,107,5,1
2800,108,6,1
2800,109,7,1
2800,110,7,2
2800,111,7,3
2800,112,7,4
2800,113,7,5
2800,114,7,6
2800,115,7,7
2800,116,6,7
2800,117,5,7
2800,118,4,7
2800,119,3,7
2800,120,3,6
2800,121,3,5
2800,122,3,4
2800,123,3,4
2800,124,3,4
2800,125,3,5
2800,126,3,5
2800,127,3,5
2800,128,3,6
2800,129,3,7
2800,130,2,7
2800,131,1,7
2800,132,0,7
2800,133,0,6
2800,134,0,7
2800,135,0,6
2800,136,0,5
2800,137,0,4
2800,138,0,3
2800,139,0,2
2800,140,0,1
2800,141,0,2
2800,142,0,1
2800,143,1,1
2800,144,2,1
2800,145,3,1
2800,146,4,1
2800,147,5,1
2800,148,6,1
2800,149,7,1
2850,0,3,4
2850,1,2,4
2850,2,1,4
2850,3,1,4
2850,4,1,4
2850,5,0,4
2850,6,0,4
2850,7,0,4
2850,8,0,3
2850,9,0,2
2850,10,1,2
2850,11,2,2
2850,12,2,2
2850,13,2,2
2850,14,3,2
2850,15,3,2
2850,16,3,2
2850,17,3,1
2850,18,3,1
2850,19,3,1
2850,20,4,1
2850,21,5,1
2850,22,6,1
2850,23,6,1
2850,24,6,1
2850,25,6,2
2850,26,6,2
2850,27,6,2
2850,28,6,3
2850,29,6,3
2850,30,6,3
2850,31,6,4
2850,32,6,4
2850,33,6,4
2850,34,6,5
2850,35,6,5
2850,36,6,5
2850,37,6,6
2850,38,7,6
2850,39,7,7
2850,40,7,7
2850,41,7,7
2850,42,6,7
2850,43,6,6
2850,44,7,6
2850,45,7,6
2850,46,7,6
2850,47,7,7
2850,48,6,7
2850,49,5,7
2850,50,4,7
2850,51,4,6
2850,52,4,6
2850,53,4,6
2850,54,4,7
2850,55,3,7
2850,56,2,7
2850,57,2,7
2850,58,2,7
2850,59,1,7
2850,60,0,7
2850,61,0,6
2850,62,0,6
2850,63,0,6
2850,64,0,5
2850,65,0,4
2850,66,0,3
2850,67,0,2
2850,68,0,1
2850,69,1,1
2850,70,2,1
2850,71,2,2
2850,72,3,2
2850,73,3,2
2850,74,4,2
2850,75,4,2
2850,76,4,2
2850,77,5,2
2850,78,5,3
2850,79,6,3
2850,80,6,4
2850,81,6,5
2850,82,6,6
2850,83,6,7
2850,84,5,7
2850,85,4,7
2850,86,3,7
2850,87,2,7
2850,88,1,7
2850,89,0,7
2850,90,0,6
2850,91,0,5
2850,92,0,4
2850,93,0,3
2850,94,0,2
2850,95,0,1
2850,96,1,1
2850,97,1,2
2850,98,2,2
2850,99,1,2
2850,100,2,2
2850,101,3,2
2850,102,4,2
2850,103,5,2
2850,104,6,2
2850,105,7,2
2850,106,7,3
2850,107,7,4
2850,108,7,5
2850,109,7,6
2850,110,7,7
2850,111,6,7
2850,112,5,7
2850,113,4,7
2850,114,3,7
2850,115,2,7
2850,116,1,7
2850,117,0,7
2850,118,0,6
2850,119,0,5
2850,120,0,6
2850,121,0,5
2850,122,0,4
2850,123,0,3
2850,124,0,2
2850,125,1,2
2850,126,2,2
2850,127,3,2
2850,128,4,2
2850,129,5,2
2850,130,6,2
2850,131,6,3
2850,132,6,4
2850,133,5,4
2850,134,5,5
2850,135,5,6
2850,136,5,7
2850,137,4,7
2850,138,3,7
2850,139,2,7
2850,140,1,7
2850,141,0,7
2850,142,0,6
2850,143,0,5
2850,144,0,4
2850,145,0,3
2850,146,0,2
2850,147,1,2
2850,148,2,2
2850,149,3,2
2900,0,3,4
2900,1,2,4
2900,2,2,3
2900,3,2,3
2900,4,2,3
2900,5,1,3
2900,6,1,4
2900,7,0,4
2900,8,0,3
2900,9,1,3
2900,10,0,3
2900,11,0,4
2900,12,0,3
2900,13,0,2
2900,14,0,1
2900,15,0,0
2900,16,0,0
2900,17,0,0
2900,18,0,1
2900,19,1,1
2900,20,2,1
2900,21,3,1
2900,22,4,1
2900,23,4,0
2900,24,4,0
2900,25,4,0
2900,26,4,1
2900,27,4,2
2900,28,4,2
2900,29,4,2
2900,30,5,2
2900,31,5,2
2900,32,5,2
2900,33,6,2
2900,34,7,2
2900,35,7,1
2900,36,7,1
2900,37,7,1
2900,38,7,2
2900,39,7,2
2900,40,7,2
2900,41,7,3
2900,42,7,4
2900,43,7,5
2900,44,7,6
2900,45,7,7
2900,46,6,7
2900,47,5,7
2900,48,4,7
2900,49,3,7
2900,50,2,7
2900,51,1,7
2900,52,0,7
2900,53,0,6
2900,54,0,5
2900,55,0,4
2900,56,0,5
2900,57,0,4
2900,58,0,3
2900,59,0,2
2900,60,0,1
2900,61,1,1
2900,62,2,1
2900,63,2,0
2900,64,2,1
2900,65,3,1
2900,66,4,1
2900,67,5,1
2900,68,6,1
2900,69,7,1
2900,70,7,2
2900,71,7,3
2900,72,7,4
2900,73,7,5
2900,74,7,6
2900,75,6,6
2900,76,6,7
2900,77,5,7
2900,78,4,7
2900,79,3,7
2900,80,2,7
2900,81,1,7
2900,82,0,7
2900,83,0,6
2900,84,0,5
2900,85,0,4
2900,86,0,3
2900,87,0,2
2900,88,0,1
2900,89,1,1
2900,90,2,1
2900,91,2,2
2900,92,1,2
2900,93,1,3
2900,94,1,4
2900,95,1,5
2900,96,0,5
2900,97,0,4
2900,98,0,3
2900,99,0,2
2900,100,0,1
2900,101,0,2
2900,102,0,1
2900,103,1,1
2900,104,2,1
2900,105,3,1
2900,106,4,1
2900,107,5,1
2900,108,6,1
2900,109,7,1
2900,110,7,2
2900,111,6,2
2900,112,6,3
2900,113,6,4
2900,114,6,5
2900,115,6,6
2900,116,6,7
2900,117,5,7
2900,118,4,7
2900,119,3,7
2900,120,2,7
2900,121,1,7
2900,122,0,7
2900,123,0,6
2900,124,0,5
2900,125,0,4
2900,126,0,3
2900,127,0,2
2900,128,1,2
2900,129,2,2
2900,130,1,2
2900,131,2,2
2900,132,2,3
2900,133,1,3
2900,134,1,4
2900,135,0,4
2900,136,0,3
2900,137,0,2
2900,138,0,1
2900,139,1,1
2900,140,2,1
2900,141,3,1
2900,142,4,1
2900,143,5,1
2900,144,6,1
2900,145,7,1
2900,146,7,2
2900,147,7,3
2900,148,7,4
2900,149,7,5
2950,0,5,4
2950,1,5,4
2950,2,5,4
2950,3,6,4
2950,4,6,3
2950,5,6,3
2950,6,6,3
2950,7,7,3
2950,8,7,4
2950,9,7,3
2950,10,7,4
2950,11,7,3
2950,12,7,4
2950,13,7,3
2950,14,7,4
2950,15,7,3
2950,16,7,3
2950,17,7,3
2950,18,7,4
2950,19,6,4
2950,20,7,4
2950,21,7,5
2950,22,7,4
2950,23,7,4
2950,24,7,4
2950,25,7,5
2950,26,7,6
2950,27,7,7
2950,28,6,7
2950,29,5,7
2950,30,5,7
2950,31,5,7
2950,32,4,7
2950,33,4,6
2950,34,4,6
2950,35,4,6
2950,36,3,6
2950,37,2,6
2950,38,1,6
2950,39,1,5
2950,40,1,5
2950,41,1,5
2950,42,0,5
2950,43,0,4
2950,44,0,3
2950,45,0,2
2950,46,0,2
2950,47,0,2
2950,48,0,1
2950,49,0,0
2950,50,0,0
2950,51,0,0
2950,52,1,0
2950,53,1,0
2950,54,1,0
2950,55,1,1
2950,56,1,2
2950,57,2,2
2950,58,2,2
2950,59,2,2
2950,60,2,3
2950,61,1,3
2950,62,1,3
2950,63,1,3
2950,64,2,3
2950,65,2,4
2950,66,2,5
2950,67,1,5
2950,68,0,5
2950,69,0,5
2950,70,0,6
2950,71,0,5
2950,72,1,5
2950,73,0,5
2950,74,0,4
2950,75,0,3
2950,76,0,2
2950,77,0,1
2950,78,1,1
2950,79,2,1
2950,80,3,1
2950,81,4,1
2950,82,5,1
2950,83,6,1
2950,84,6,0
2950,85,6,0
2950,86,6,0
2950,87,7,0
2950,88,7,1
2950,89,7,2
2950,90,7,3
2950,91,7,4
2950,92,7,5
2950,93,7,6
2950,94,6,6
2950,95,5,6
2950,96,6,6
2950,97,5,6
2950,98,4,6
2950,99,4,7
2950,100,3,7
2950,101,2,7
2950,102,1,7
2950,103,0,7
2950,104,0,6
2950,105,0,7
2950,106,0,6
2950,107,0,7
2950,108,0,6
2950,109,0,5
2950,110,0,4
2950,111,1,4
2950,112,0,4
2950,113,0,3
2950,114,0,2
2950,115,0,1
2950,116,1,1
2950,117,2,1
2950,118,3,1
2950,119,4,1
2950,120,5,1
2950,121,6,1
2950,122,7,1
2950,123,6,1
2950,124,6,2
2950,125,7,2
2950,126,7,3
2950,127,7,4
2950,128,7,5
2950,129,7,6
2950,130,6,6
2950,131,5,6
2950,132,6,6
2950,133,6,7
2950,134,5,7
2950,135,4,7
2950,136,3,7
2950,137,2,7
2950,138,1,7
2950,139,0,7
2950,140,0,6
2950,141,0,5
2950,142,0,4
2950,143,0,3
2950,144,0,2
2950,145,0,1
2950,146,1,1
2950,147,2,1
2950,148,3,1
2950,149,4,1
3000,0,4,4
3000,1,4,4
3000,2,4,3
3000,3,3,3
3000,4,2,3
3000,5,2,2
3000,6,2,2
3000,7,2,2
3000,8,2,1
3000,9,2,1
3000,10,2,1
3000,11,2,0
3000,12,3,0
3000,13,3,0
3000,14,3,0
3000,15,3,1
3000,16,4,1
3000,17,4,1
3000,18,4,1
3000,19,5,1
3000,20,6,1
3000,21,6,2
3000,22,6,2
3000,23,6,2
3000,24,6,1
3000,25,7,1
3000,26,7,1
3000,27,7,1
3000,28,7,2
3000,29,7,3
3000,30,7,3
3000,31,7,3
3000,32,7,4
3000,33,7,5
3000,34,7,6
3000,35,7,7
3000,36,7,7
3000,37,7,7
3000,38,6,7
3000,39,5,7
3000,40,5,7
3000,41,5,7
3000,42,4,7
3000,43,3,7
3000,44,2,7
3000,45,2,6
3000,46,2,6
3000,47,2,6
3000,48,2,7
3000,49,1,7
3000,50,1,7
3000,51,1,7
3000,52,0,7
3000,53,0,6
3000,54,0,6
3000,55,0,6
3000,56,0,5
3000,57,0,4
3000,58,0,3
3000,59,0,2
3000,60,0,1
3000,61,1,1
3000,62,2,1
3000,63,2,0
3000,64,2,0
3000,65,2,0
3000,66,2,1
3000,67,3,1
3000,68,4,1
3000,69,5,1
3000,70,6,1
3000,71,7,1
3000,72,6,1
3000,73,7,1
3000,74,7,2
3000,75,7,3
3000,76,7,4
3000,77,7,5
3000,78,7,6
3000,79,6,6
3000,80,7,6
3000,81,6,6
3000,82,6,7
3000,83,5,7
3000,84,4,7
3000,85,3,7
3000,86,2,7
3000,87,1,7
3000,88,0,7
3000,89,0,6
3000,90,0,5
3000,91,0,4
3000,92,0,3
3000,93,0,2
3000,94,0,1
3000,95,1,1
3000,96,2,1
3000,97,3,1
3000,98,4,1
3000,99,5,1
3000,100,6,1
3000,101,6,2
3000,102,6,3
3000,103,6,4
3000,104,6,5
3000,105,5,5
3000,106,4,5
3000,107,4,6
3000,108,3,6
3000,109,2,6
3000,110,1,6
3000,111,0,6
3000,112,0,5
3000,113,0,4
3000,114,0,3
3000,115,0,2
3000,116,0,1
3000,117,0,2
3000,118,0,1
3000,119,1,1
3000,120,2,1
3000,121,3,1
3000,122,4,1
3000,123,5,1
3000,124,6,1
3000,125,6,2
3000,126,6,3
3000,127,6,4
3000,128,6,5
3000,129,6,6
3000,130,6,7
3000,131,5,7
3000,132,4,7
3000,133,3,7
3000,134,2,7
3000,135,1,7
3000,136,0,7
3000,137,0,6
3000,138,0,7
3000,139,0,6
3000,140,0,5
3000,141,0,4
3000,142,0,3
3000,143,0,2
3000,144,0,1
3000,145,1,1
3000,146,2,1
3000,147,3,1
3000,148,4,1
3000,149,5,1
3050,0,3,4
3050,1,3,4
3050,2,3,4
3050,3,3,5
3050,4,2,5
3050,5,2,5
3050,6,2,5
3050,7,1,5
3050,8,1,5
3050,9,1,5
3050,10,0,5
3050,11,1,5
3050,12,1,4
3050,13,1,4
3050,14,1,4
3050,15,0,4
3050,16,0,3
3050,17,0,3
3050,18,0,3
3050,19,0,2
3050,20,0,1
3050,21,0,0
3050,22,0,0
3050,23,0,0
3050,24,0,1
3050,25,1,1
3050,26,2,1
3050,27,3,1
3050,28,4,1
3050,29,5,1
3050,30,5,2
3050,31,5,2
3050,32,5,2
3050,33,6,2
3050,34,6,2
3050,35,6,2
3050,36,7,2
3050,37,7,2
3050,38,7,2
3050,39,7,3
3050,40,7,4
3050,41,7,4
3050,42,7,4
3050,43,7,5
3050,44,6,5
3050,45,6,5
3050,46,6,5
3050,47,6,6
3050,48,7,6
3050,49,7,7
3050,50,6,7
3050,51,5,7
3050,52,4,7
3050,53,4,6
3050,54,4,6
3050,55,4,6
3050,56,3,6
3050,57,2,6
3050,58,1,6
3050,59,0,6
3050,60,0,6
3050,61,0,6
3050,62,0,5
3050,63,0,4
3050,64,0,3
3050,65,0,2
3050,66,0,1
3050,67,1,1
3050,68,2,1
3050,69,3,1
3050,70,4,1
3050,71,5,1
3050,72,6,1
3050,73,6,0
3050,74,6,1
3050,75,6,0
3050,76,6,1
3050,77,6,0
3050,78,6,1
3050,79,7,1
3050,80,7,2
3050,81,7,3
3050,82,6,3
3050,83,6,4
3050,84,6,5
3050,85,6,6
3050,86,7,6
3050,87,6,6
3050,88,5,6
3050,89,4,6
3050,90,3,6
3050,91,2,6
3050,92,1,6
3050,93,0,6
3050,94,0,5
3050,95,0,4
3050,96,0,3
3050,97,0,2
3050,98,0,1
3050,99,1,1
3050,100,2,1
3050,101,3,1
3050,102,4,1
3050,103,5,1
3050,104,6,1
3050,105,7,1
3050,106,7,2
3050,107,7,3
3050,108,7,4
3050,109,7,5
3050,110,7,6
3050,111,6,6
3050,112,5,6
3050,113,4,6
3050,114,5,6
3050,115,6,6
3050,116,5,6
3050,117,4,6
3050,118,3,6
3050,119,2,6
3050,120,1,6
3050,121,1,7
3050,122,0,7
3050,123,0,6
3050,124,0,5
3050,125,0,4
3050,126,0,3
3050,127,0,2
3050,128,0,1
3050,129,1,1
3050,130,2,1
3050,131,3,1
3050,132,4,1
3050,133,5,1
3050,134,6,1
3050,135,7,1
3050,136,7,2
3050,137,7,3
3050,138,7,4
3050,139,7,5
3050,140,7,6
3050,141,7,7
3050,142,6,7
3050,143,5,7
3050,144,4,7
3050,145,3,7
3050,146,2,7
3050,147,2,6
3050,148,1,6
3050,149,0,6
3100,0,4,4
3100,1,4,5
3100,2,4,5
3100,3,4,5
3100,4,5,5
3100,5,5,5
3100,6,5,5
3100,7,5,4
3100,8,5,4
3100,9,5,4
3100,10,6,4
3100,11,7,4
3100,12,7,4
3100,13,7,4
3100,14,6,4
3100,15,6,5
3100,16,6,6
3100,17,5,6
3100,18,4,6
3100,19,4,7
3100,20,3,7
3100,21,2,7
3100,22,1,7
3100,23,0,7
3100,24,0,6
3100,25,0,5
3100,26,0,5
3100,27,0,5
3100,28,0,4
3100,29,0,3
3100,30,0,3
3100,31,0,3
3100,32,1,3
3100,33,1,3
3100,34,1,3
3100,35,2,3
3100,36,2,3
3100,37,2,3
3100,38,2,2
3100,39,3,2
3100,40,3,2
3100,41,3,2
3100,42,4,2
3100,43,5,2
3100,44,6,2
3100,45,7,2
3100,46,7,2
3100,47,7,2
3100,48,7,3
3100,49,7,4
3100,50,7,5
3100,51,7,6
3100,52,7,7
3100,53,6,7
3100,54,5,7
3100,55,4,7
3100,56,3,7
3100,57,3,6
3100,58,2,6
3100,59,1,6
3100,60,0,6
3100,61,0,5
3100,62,0,4
3100,63,0,3
3100,64,0,2
3100,65,0,1
3100,66,0,1
3100,67,0,1
3100,68,1,1
3100,69,2,1
3100,70,3,1
3100,71,4,1
3100,72,5,1
3100,73,6,1
3100,74,7,1
3100,75,7,2
3100,76,6,2
3100,77,6,3
3100,78,6,4
3100,79,6,5
3100,80,6,6
3100,81,6,7
3100,82,5,7
3100,83,4,7
3100,84,3,7
3100,85,2,7
3100,86,1,7
3100,87,1,6
3100,88,0,6
3100,89,0,5
3100,90,0,4
3100,91,0,3
3100,92,0,2
3100,93,0,1
3100,94,1,1
3100,95,2,1
3100,96,3,1
3100,97,4,1
3100,98,5,1
3100,99,6,1
3100,100,7,1
3100,101,7,2
3100,102,7,3
3100,103,7,4
3100,104,7,5
3100,105,7,6
3100,106,6,6
3100,107,5,6
3100,108,4,6
3100,109,3,6
3100,110,2,6
3100,111,1,6
3100,112,0,6
3100,113,0,5
3100,114,0,4
3100,115,0,3
3100,116,0,2
3100,117,0,1
3100,118,1,1
3100,119,2,1
3100,120,3,1
3100,121,4,1
3100,122,5,1
3100,123,6,1
3100,124,7,1
3100,125,7,2
3100,126,7,3
3100,127,7,4
3100,128,7,5
3100,129,7,6
3100,130,7,7
3100,131,6,7
3100,132,5,7
3100,133,4,7
3100,134,3,7
3100,135,2,7
3100,136,1,7
3100,137,1,6
3100,138,1,7
3100,139,0,7
3100,140,0,6
3100,141,0,5
3100,142,0,4
3100,143,0,3
3100,144,0,2
3100,145,0,1
3100,146,1,1
3100,147,2,1
3100,148,3,1
3100,149,4,1
3150,0,3,4
3150,1,2,4
3150,2,2,3
3150,3,2,2
3150,4,2,2
3150,5,2,2
3150,6,2,1
3150,7,2,1
3150,8,2,1
3150,9,3,1
3150,10,3,1
3150,11,3,1
3150,12,4,1
3150,13,4,2
3150,14,4,2
3150,15,4,2
3150,16,4,3
3150,17,4,2
3150,18,4,1
3150,19,5,1
3150,20,6,1
3150,21,6,0
3150,22,6,0
3150,23,6,0
3150,24,6,1
3150,25,7,1
3150,26,7,2
3150,27,7,3
3150,28,7,4
3150,29,7,5
3150,30,7,6
3150,31,6,6
3150,32,6,7
3150,33,6,7
3150,34,6,7
3150,35,5,7
3150,36,5,6
3150,37,5,6
3150,38,5,6
3150,39,4,6
3150,40,3,6
3150,41,3,7
3150,42,2,7
3150,43,1,7
3150,44,0,7
3150,45,0,6
3150,46,0,5
3150,47,0,5
3150,48,0,5
3150,49,0,4
3150,50,0,3
3150,51,0,2
3150,52,0,1
3150,53,0,1
3150,54,0,1
3150,55,1,1
3150,56,2,1
3150,57,3,1
3150,58,4,1
3150,59,5,1
3150,60,6,1
3150,61,6,0
3150,62,6,1
3150,63,6,0
3150,64,6,1
3150,65,7,1
3150,66,7,2
3150,67,7,3
3150,68,7,4
3150,69,7,5
3150,70,7,6
3150,71,6,6
3150,72,5,6
3150,73,4,6
3150,74,3,6
3150,75,2,6
3150,76,1,6
3150,77,0,6
3150,78,0,5
3150,79,0,4
3150,80,0,3
3150,81,0,2
3150,82,1,2
3150,83,1,1
3150,84,2,1
3150,85,2,2
3150,86,3,2
3150,87,4,2
3150,88,5,2
3150,89,6,2
3150,90,6,1
3150,91,6,0
3150,92,6,1
3150,93,6,0
3150,94,6,1
3150,95,7,1
3150,96,7,2
3150,97,7,3
3150,98,7,4
3150,99,7,5
3150,100,7,6
3150,101,6,6
3150,102,5,6
3150,103,6,6
3150,104,5,6
3150,105,6,6
3150,106,7,6
3150,107,6,6
3150,108,5,6
3150,109,4,6
3150,110,5,6
3150,111,6,6
3150,112,5,6
3150,113,4,6
3150,114,3,6
3150,115,2,6
3150,116,1,6
3150,117,0,6
3150,118,0,5
3150,119,0,4
3150,120,0,3
3150,121,0,2
3150,122,0,1
3150,123,1,1
3150,124,2,1
3150,125,3,1
3150,126,4,1
3150,127,5,1
3150,128,6,1
3150,129,6,0
3150,130,6,1
3150,131,6,2
3150,132,6,3
3150,133,6,4
3150,134,5,4
3150,135,4,4
3150,136,3,4
3150,137,2,4
3150,138,1,4
3150,139,0,4
3150,140,0,3
3150,141,0,2
3150,142,0,1
3150,143,1,1
3150,144,2,1
3150,145,3,1
3150,146,4,1
3150,147,5,1
3150,148,6,1
3150,149,6,2
3200,0,4,5
3200,1,4,5
3200,2,4,5
3200,3,4,4
3200,4,5,4
3200,5,5,4
3200,6,5,4
3200,7,6,4
3200,8,6,3
3200,9,6,2
3200,10,6,2
3200,11,6,2
3200,12,6,3
3200,13,6,3
3200,14,6,3
3200,15,6,4
3200,16,6,4
3200,17,6,4
3200,18,6,5
3200,19,6,5
3200,20,6,5
3200,21,7,5
3200,22,7,5
3200,23,7,5
3200,24,7,6
3200,25,7,6
3200,26,7,6
3200,27,6,6
3200,28,5,6
3200,29,4,6
3200,30,4,7
3200,31,3,7
3200,32,2,7
3200,33,2,7
3200,34,2,7
3200,35,1,7
3200,36,0,7
3200,37,0,6
3200,38,0,5
3200,39,0,4
3200,40,0,3
3200,41,0,2
3200,42,1,2
3200,43,1,1
3200,44,2,1
3200,45,2,1
3200,46,2,1
3200,47,3,1
3200,48,3,1
3200,49,3,1
3200,50,4,1
3200,51,4,1
3200,52,4,1
3200,53,5,1
3200,54,6,1
3200,55,6,0
3200,56,6,0
3200,57,6,0
3200,58,6,1
3200,59,6,0
3200,60,6,1
3200,61,7,1
3200,62,7,2
3200,63,7,3
3200,64,7,4
3200,65,7,5
3200,66,7,6
3200,67,7,7
3200,68,6,7
3200,69,5,7
3200,70,4,7
3200,71,3,7
3200,72,2,7
3200,73,1,7
3200,74,0,7
3200,75,0,6
3200,76,0,5
3200,77,0,4
3200,78,0,3
3200,79,0,2
3200,80,0,1
3200,81,1,1
3200,82,1,0
3200,83,1,0
3200,84,1,0
3200,85,1,1
3200,86,2,1
3200,87,2,2
3200,88,3,2
3200,89,4,2
3200,90,5,2
3200,91,6,2
3200,92,5,2
3200,93,6,2
3200,94,6,1
3200,95,6,0
3200,96,6,1
3200,97,7,1
3200,98,7,2
3200,99,7,3
3200,100,7,4
3200,101,7,5
3200,102,7,6
3200,103,6,6
3200,104,5,6
3200,105,6,6
3200,106,5,6
3200,107,5,7
3200,108,4,7
3200,109,3,7
3200,110,2,7
3200,111,1,7
3200,112,1,6
3200,113,0,6
3200,114,0,5
3200,115,0,4
3200,116,0,3
3200,117,0,2
3200,118,0,1
3200,119,1,1
3200,120,2,1
3200,121,3,1
3200,122,4,1
3200,123,5,1
3200,124,6,1
3200,125,7,1
3200,126,7,2
3200,127,7,3
3200,128,7,4
3200,129,7,5
3200,130,7,6
3200,131,6,6
3200,132,6,7
3200,133,5,7
3200,134,4,7
3200,135,3,7
3200,136,2,7
3200,137,1,7
3200,138,0,7
3200,139,0,6
3200,140,0,5
3200,141,0,4
3200,142,0,3
3200,143,0,2
3200,144,0,1
3200,145,1,1
3200,146,2,1
3200,147,3,1
3200,148,4,1
3200,149,5,1
3250,0,3,4
3250,1,3,3
3250,2,3,3
3250,3,3,3
3250,4,2,3
3250,5,2,2
3250,6,2,2
3250,7,2,2
3250,8,2,1
3250,9,3,1
3250,10,3,0
3250,11,3,0
3250,12,3,0
3250,13,3,1
3250,14,3,1
3250,15,3,1
3250,16,4,1
3250,17,4,0
3250,18,4,0
3250,19,4,0
3250,20,4,1
3250,21,4,1
3250,22,4,1
3250,23,5,1
3250,24,6,1
3250,25,7,1
3250,26,7,2
3250,27,7,1
3250,28,7,2
3250,29,7,3
3250,30,7,2
3250,31,7,1
3250,32,7,2
3250,33,7,1
3250,34,7,1
3250,35,7,1
3250,36,7,2
3250,37,7,3
3250,38,7,2
3250,39,7,2
3250,40,7,2
3250,41,7,3
3250,42,7,3
3250,43,7,3
3250,44,7,4
3250,45,7,5
3250,46,7,6
3250,47,6,6
3250,48,6,6
3250,49,6,6
3250,50,6,7
3250,51,6,7
3250,52,6,7
3250,53,5,7
3250,54,4,7
3250,55,4,6
3250,56,4,6
3250,57,4,6
3250,58,3,6
3250,59,2,6
3250,60,1,6
3250,61,1,6
3250,62,1,6
3250,63,0,6
3250,64,0,7
3250,65,0,6
3250,66,0,5
3250,67,0,4
3250,68,0,3
3250,69,0,3
3250,70,0,3
3250,71,0,2
3250,72,0,2
3250,73,0,2
3250,74,0,1
3250,75,1,1
3250,76,2,1
3250,77,3,1
3250,78,4,1
3250,79,5,1
3250,80,6,1
3250,81,6,0
3250,82,6,1
3250,83,7,1
3250,84,7,2
3250,85,7,3
3250,86,6,3
3250,87,6,4
3250,88,6,5
3250,89,5,5
3250,90,5,6
3250,91,4,6
3250,92,3,6
3250,93,2,6
3250,94,1,6
3250,95,0,6
3250,96,0,5
3250,97,0,4
3250,98,0,3
3250,99,1,3
3250,100,1,3
3250,101,1,3
3250,102,1,4
3250,103,0,4
3250,104,0,3
3250,105,0,2
3250,106,0,1
3250,107,1,1
3250,108,2,1
3250,109,3,1
3250,110,4,1
3250,111,5,1
3250,112,6,1
3250,113,6,0
3250,114,6,1
3250,115,7,1
3250,116,7,2
3250,117,7,3
3250,118,7,4
3250,119,7,5
3250,120,7,6
3250,121,6,6
3250,122,5,6
3250,123,4,6
3250,124,5,6
3250,125,4,6
3250,126,3,6
3250,127,2,6
3250,128,1,6
3250,129,0,6
3250,130,0,5
3250,131,0,4
3250,132,0,3
3250,133,0,2
3250,134,0,1
3250,135,1,1
3250,136,2,1
3250,137,3,1
3250,138,4,1
3250,139,5,1
3250,140,6,1
3250,141,6,0
3250,142,6,1
3250,143,6,0
3250,144,7,0
3250,145,7,1
3250,146,7,2
3250,147,7,3
3250,148,7,4
3250,149,7,5
3300,0,4,3
3300,1,4,3
3300,2,4,3
3300,3,5,3
3300,4,6,3
3300,5,6,3
3300,6,6,3
3300,7,6,4
3300,8,6,4
3300,9,6,4
3300,10,6,5
3300,11,6,6
3300,12,5,6
3300,13,4,6
3300,14,3,6
3300,15,2,6
3300,16,1,6
3300,17,0,6
3300,18,0,5
3300,19,0,4
3300,20,0,3
3300,21,0,2
3300,22,0,1
3300,23,1,1
3300,24,1,1
3300,25,1,1
3300,26,2,1
3300,27,3,1
3300,28,3,1
3300,29,3,1
3300,30,4,1
3300,31,5,1
3300,32,5,0
3300,33,5,0
3300,34,5,0
3300,35,5,1
3300,36,6,1
3300,37,6,1
3300,38,6,1
3300,39,7,1
3300,40,7,1
3300,41,7,1
3300,42,7,2
3300,43,7,3
3300,44,7,4
3300,45,7,5
3300,46,7,6
3300,47,6,6
3300,48,7,6
3300,49,6,6
3300,50,5,6
3300,51,4,6
3300,52,3,6
3300,53,2,6
3300,54,1,6
3300,55,0,6
3300,56,0,5
3300,57,0,4
3300,58,1,4
3300,59,2,4
3300,60,2,4
3300,61,2,4
3300,62,1,4
3300,63,0,4
3300,64,0,3
3300,65,0,2
3300,66,0,1
3300,67,1,1
3300,68,2,1
3300,69,2,0
3300,70,2,1
3300,71,3,1
3300,72,4,1
3300,73,5,1
3300,74,6,1
3300,75,6,0
3300,76,6,1
3300,77,6,0
3300,78,6,1
3300,79,6,0
3300,80,7,0
3300,81,7,1
3300,82,7,2
3300,83,7,3
3300,84,7,4
3300,85,7,5
3300,86,7,6
3300,87,6,6
3300,88,6,6
3300,89,5,6
3300,90,4,6
3300,91,3,6
3300,92,2,6
3300,93,1,6
3300,94,0,6
3300,95,0,5
3300,96,0,4
3300,97,0,3
3300,98,0,2
3300,99,0,1
3300,100,1,1
3300,101,2,1
3300,102,3,1
3300,103,4,1
3300,104,5,1
3300,105,6,1
3300,106,7,1
3300,107,7,2
3300,108,7,3
3300,109,7,4
3300,110,7,5
3300,111,7,6
3300,112,7,7
3300,113,6,7
3300,114,5,7
3300,115,4,7
3300,116,3,7
3300,117,2,7
3300,118,1,7
3300,119,1,6
3300,120,0,6
3300,121,0,5
3300,122,0,4
3300,123,0,3
3300,124,0,2
3300,125,0,1
3300,126,1,1
3300,127,2,1
3300,128,3,1
3300,129,4,1
3300,130,5,1
3300,131,6,1
3300,132,6,0
3300,133,6,1
3300,134,6,0
3300,135,6,1
3300,136,7,1
3300,137,7,2
3300,138,7,3
3300,139,6,3
3300,140,5,3
3300,141,6,3
3300,142,7,3
3300,143,7,4
3300,144,7,5
3300,145,7,6
3300,146,6,6
3300,147,5,6
3300,148,6,6
3300,149,5,6
3350,0,4,4
3350,1,4,4
3350,2,5,4
3350,3,5,4
3350,4,5,4
3350,5,5,5
3350,6,5,5
3350,7,5,5
3350,8,4,5
3350,9,3,5
3350,10,2,5
3350,11,1,5
3350,12,0,5
3350,13,0,4
3350,14,0,3
3350,15,0,3
3350,16,0,3
3350,17,0,2
3350,18,0,1
3350,19,1,1
3350,20,2,1
3350,21,3,1
3350,22,4,1
3350,23,4,1
3350,24,4,1
3350,25,5,1
3350,26,6,1
3350,27,6,0
3350,28,6,1
3350,29,6,0
3350,30,6,0
3350,31,6,0
3350,32,6,1
3350,33,6,2
3350,34,6,3
3350,35,7,3
3350,36,7,4
3350,37,7,5
3350,38,7,6
3350,39,6,6
3350,40,6,7
3350,41,5,7
3350,42,4,7
3350,43,3,7
3350,44,4,7
3350,45,3,7
3350,46,2,7
3350,47,1,7
3350,48,0,7
3350,49,0,6
3350,50,0,5
3350,51,0,4
3350,52,0,4
3350,53,0,4
3350,54,0,3
3350,55,0,2
3350,56,0,1
3350,57,1,1
3350,58,2,1
3350,59,3,1
3350,60,4,1
3350,61,5,1
3350,62,6,1
3350,63,7,1
3350,64,7,2
3350,65,7,3
3350,66,7,4
3350,67,7,5
3350,68,7,6
3350,69,6,6
3350,70,6,7
3350,71,5,7
3350,72,4,7
3350,73,3,7
3350,74,2,7
3350,75,1,7
3350,76,0,7
3350,77,0,6
3350,78,0,5
3350,79,0,4
3350,80,0,3
3350,81,0,2
3350,82,0,1
3350,83,1,1
3350,84,2,1
3350,85,3,1
3350,86,4,1
3350,87,5,1
3350,88,6,1
3350,89,7,1
3350,90,7,2
3350,91,7,3
3350,92,7,4
3350,93,7,5
3350,94,7,6
3350,95,6,6
3350,96,5,6
3350,97,4,6
3350,98,3,6
3350,99,2,6
3350,100,1,6
3350,101,0,6
3350,102,0,5
3350,103,0,4
3350,104,0,3
3350,105,0,2
3350,106,0,1
3350,107,0,0
3350,108,0,1
3350,109,1,1
3350,110,2,1
3350,111,3,1
3350,112,4,1
3350,113,5,1
3350,114,6,1
3350,115,6,2
3350,116,6,3
3350,117,6,4
3350,118,5,4
3350,119,6,4
3350,120,6,5
3350,121,6,6
3350,122,5,6
3350,123,4,6
3350,124,3,6
3350,125,2,6
3350,126,1,6
3350,127,0,6
3350,128,0,5
3350,129,0,4
3350,130,0,3
3350,131,0,2
3350,132,0,1
3350,133,1,1
3350,134,2,1
3350,135,2,0
3350,136,2,1
3350,137,2,0
3350,138,2,1
3350,139,3,1
3350,140,2,1
3350,141,3,1
3350,142,4,1
3350,143,5,1
3350,144,6,1
3350,145,7,1
3350,146,7,2
3350,147,7,3
3350,148,7,4
3350,149,7,5
3400,0,3,4
3400,1,3,4
3400,2,3,4
3400,3,2,4
3400,4,1,4
3400,5,0,4
3400,6,0,3
3400,7,0,2
3400,8,1,2
3400,9,2,2
3400,10,2,2
3400,11,2,2
3400,12,2,1
3400,13,3,1
3400,14,3,1
3400,15,3,1
3400,16,4,1
3400,17,5,1
3400,18,5,1
3400,19,5,1
3400,20,5,2
3400,21,5,2
3400,22,5,2
3400,23,6,2
3400,24,6,2
3400,25,6,2
3400,26,6,1
3400,27,7,1
3400,28,7,1
3400,29,7,1
3400,30,7,2
3400,31,7,3
3400,32,7,4
3400,33,7,5
3400,34,7,5
3400,35,7,5
3400,36,7,6
3400,37,7,7
3400,38,6,7
3400,39,5,7
3400,40,4,7
3400,41,4,7
3400,42,4,7
3400,43,3,7
3400,44,2,7
3400,45,2,7
3400,46,2,7
3400,47,1,7
3400,48,0,7
3400,49,0,6
3400,50,0,5
3400,51,0,4
3400,52,0,3
3400,53,0,2
3400,54,0,1
3400,55,1,1
3400,56,2,1
3400,57,3,1
3400,58,4,1
3400,59,5,1
3400,60,6,1
3400,61,6,0
3400,62,6,1
3400,63,6,2
3400,64,5,2
3400,65,6,2
3400,66,6,3
3400,67,6,4
3400,68,6,5
3400,69,6,6
3400,70,6,7
3400,71,5,7
3400,72,4,7
3400,73,3,7
3400,74,2,7
3400,75,1,7
3400,76,0,7
3400,77,0,6
3400,78,0,5
3400,79,0,4
3400,80,0,3
3400,81,0,2
3400,82,0,1
3400,83,1,1
3400,84,2,1
3400,85,3,1
3400,86,4,1
3400,87,5,1
3400,88,6,1
3400,89,7,1
3400,90,7,2
3400,91,7,3
3400,92,7,4
3400,93,6,4
3400,94,6,5
3400,95,5,5
3400,96,6,5
3400,97,5,5
3400,98,5,6
3400,99,4,6
3400,100,3,6
3400,101,2,6
3400,102,1,6
3400,103,0,6
3400,104,0,5
3400,105,0,4
3400,106,0,3
3400,107,0,2
3400,108,0,1
3400,109,1,1
3400,110,2,1
3400,111,3,1
3400,112,4,1
3400,113,5,1
3400,114,6,1
3400,115,7,1
3400,116,7,2
3400,117,7,3
3400,118,7,4
3400,119,7,5
3400,120,6,5
3400,121,6,6
3400,122,5,6
3400,123,4,6
3400,124,3,6
3400,125,2,6
3400,126,1,6
3400,127,0,6
3400,128,0,5
3400,129,0,4
3400,130,0,3
3400,131,0,2
3400,132,0,1
3400,133,1,1
3400,134,2,1
3400,135,2,0
3400,136,2,1
3400,137,3,1
3400,138,4,1
3400,139,5,1
3400,140,6,1
3400,141,7,1
3400,142,6,1
3400,143,7,1
3400,144,7,2
3400,145,6,2
3400,146,7,2
3400,147,7,3
3400,148,7,4
3400,149,7,5
3450,0,3,4
3450,1,2,4
3450,2,2,4
3450,3,2,4
3450,4,1,4
3450,5,1,5
3450,6,1,5
3450,7,1,5
3450,8,1,6
3450,9,1,6
3450,10,1,6
3450,11,0,6
3450,12,0,5
3450,13,0,4
3450,14,0,3
3450,15,0,2
3450,16,1,2
3450,17,1,2
3450,18,1,2
3450,19,2,2
3450,20,2,1
3450,21,2,0
3450,22,2,0
3450,23,2,0
3450,24,3,0
3450,25,3,0
3450,26,3,0
3450,27,3,1
3450,28,3,1
3450,29,3,1
3450,30,4,1
3450,31,5,1
3450,32,6,1
3450,33,6,0
3450,34,6,0
3450,35,6,0
3450,36,6,1
3450,37,6,1
3450,38,6,1
3450,39,6,2
3450,40,6,3
3450,41,6,3
3450,42,6,3
3450,43,5,3
3450,44,5,2
3450,45,5,2
3450,46,5,2
3450,47,6,2
3450,48,7,2
3450,49,7,3
3450,50,7,4
3450,51,7,5
3450,52,7,6
3450,53,6,6
3450,54,5,6
3450,55,5,6
3450,56,5,6
3450,57,5,7
3450,58,5,7
3450,59,5,7
3450,60,4,7
3450,61,3,7
3450,62,2,7
3450,63,1,7
3450,64,0,7
3450,65,0,6
3450,66,0,5
3450,67,0,4
3450,68,0,3
3450,69,0,2
3450,70,0,1
3450,71,1,1
3450,72,2,1
3450,73,2,2
3450,74,2,1
3450,75,3,1
3450,76,4,1
3450,77,5,1
3450,78,6,1
3450,79,6,0
3450,80,6,1
3450,81,6,0
3450,82,6,1
3450,83,7,1
3450,84,7,2
3450,85,7,3
3450,86,7,4
3450,87,7,5
3450,88,6,5
3450,89,6,6
3450,90,5,6
3450,91,4,6
3450,92,3,6
3450,93,2,6
3450,94,1,6
3450,95,0,6
3450,96,0,5
3450,97,0,4
3450,98,0,3
3450,99,0,2
3450,100,0,1
3450,101,1,1
3450,102,2,1
3450,103,3,1
3450,104,4,1
3450,105,5,1
3450,106,6,1
3450,107,7,1
3450,108,7,2
3450,109,6,2
3450,110,7,2
3450,111,6,2
3450,112,6,3
3450,113,7,3
3450,114,7,4
3450,115,7,5
3450,116,6,5
3450,117,5,5
3450,118,4,5
3450,119,3,5
3450,120,2,5
3450,121,1,5
3450,122,0,5
3450,123,0,4
3450,124,0,3
3450,125,0,2
3450,126,0,1
3450,127,1,1
3450,128,2,1
3450,129,3,1
3450,130,4,1
3450,131,5,1
3450,132,6,1
3450,133,7,1
3450,134,7,2
3450,135,6,2
3450,136,5,2
3450,137,6,2
3450,138,7,2
3450,139,7,3
3450,140,7,4
3450,141,6,4
3450,142,6,5
3450,143,6,6
3450,144,5,6
3450,145,5,7
3450,146,4,7
3450,147,3,7
3450,148,2,7
3450,149,1,7
3500,0,4,3
3500,1,4,3
3500,2,4,3
3500,3,5,3
3500,4,5,3
3500,5,5,3
3500,6,5,2
3500,7,6,2
3500,8,6,1
3500,9,6,1
3500,10,6,1
3500,11,6,2
3500,12,6,2
3500,13,6,2
3500,14,6,3
3500,15,6,3
3500,16,6,3
3500,17,6,4
3500,18,5,4
3500,19,5,4
3500,20,5,4
3500,21,4,4
3500,22,3,4
3500,23,3,4
3500,24,3,4
3500,25,2,4
3500,26,1,4
3500,27,1,4
3500,28,1,4
3500,29,0,4
3500,30,0,3
3500,31,0,2
3500,32,0,1
3500,33,1,1
3500,34,2,1
3500,35,2,1
3500,36,2,1
3500,37,3,1
3500,38,3,0
3500,39,3,0
3500,40,3,0
3500,41,4,0
3500,42,4,0
3500,43,4,0
3500,44,4,1
3500,45,4,2
3500,46,4,2
3500,47,4,2
3500,48,3,2
3500,49,3,3
3500,50,4,3
3500,51,3,3
3500,52,2,3
3500,53,1,3
3500,54,0,3
3500,55,0,2
3500,56,0,1
3500,57,1,1
3500,58,2,1
3500,59,3,1
3500,60,4,1
3500,61,5,1
3500,62,6,1
3500,63,7,1
3500,64,7,1
3500,65,7,1
3500,66,7,2
3500,67,6,2
3500,68,5,2
3500,69,6,2
3500,70,5,2
3500,71,6,2
3500,72,7,2
3500,73,7,3
3500,74,7,4
3500,75,7,5
3500,76,7,6
3500,77,7,6
3500,78,7,6
3500,79,7,7
3500,80,6,7
3500,81,5,7
3500,82,4,7
3500,83,3,7
3500,84,3,6
3500,85,3,6
3500,86,3,6
3500,87,2,6
3500,88,2,7
3500,89,2,7
3500,90,2,7
3500,91,1,7
3500,92,0,7
3500,93,0,6
3500,94,0,5
3500,95,0,4
3500,96,0,3
3500,97,0,2
3500,98,1,2
3500,99,2,2
3500,100,3,2
3500,101,3,3
3500,102,2,3
3500,103,1,3
3500,104,0,3
3500,105,0,2
3500,106,0,1
3500,107,1,1
3500,108,2,1
3500,109,3,1
3500,110,4,1
3500,111,5,1
3500,112,6,1
3500,113,7,1
3500,114,6,1
3500,115,7,1
3500,116,7,2
3500,117,6,2
3500,118,5,2
3500,119,6,2
3500,120,6,3
3500,121,6,4
3500,122,5,4
3500,123,5,5
3500,124,4,5
3500,125,3,5
3500,126,2,5
3500,127,1,5
3500,128,0,5
3500,129,0,4
3500,130,0,3
3500,131,0,2
3500,132,0,1
3500,133,1,1
3500,134,2,1
3500,135,3,1
3500,136,4,1
3500,137,5,1
3500,138,6,1
3500,139,7,1
3500,140,7,2
3500,141,7,3
3500,142,7,4
3500,143,7,5
3500,144,7,6
3500,145,6,6
3500,146,5,6
3500,147,4,6
3500,148,3,6
3500,149,2,6
3550,0,5,4
3550,1,5,3
3550,2,5,3
3550,3,5,3
3550,4,6,3
3550,5,6,3
3550,6,6,3
3550,7,6,4
3550,8,6,4
3550,9,6,4
3550,10,6,5
3550,11,6,6
3550,12,6,6
3550,13,6,6
3550,14,7,6
3550,15,7,6
3550,16,7,6
3550,17,6,6
3550,18,5,6
3550,19,4,6
3550,20,3,6
3550,21,3,5
3550,22,3,5
3550,23,3,5
3550,24,3,6
3550,25,3,6
3550,26,3,6
3550,27,2,6
3550,28,1,6
3550,29,0,6
3550,30,0,5
3550,31,0,5
3550,32,0,5
3550,33,0,4
3550,34,0,3
3550,35,0,3
3550,36,0,3
3550,37,0,2
3550,38,0,1
3550,39,0,0
3550,40,0,0
3550,41,0,0
3550,42,0,1
3550,43,1,1
3550,44,2,1
3550,45,3,1
3550,46,3,1
3550,47,3,1
3550,48,3,2
3550,49,3,2
3550,50,4,2
3550,51,4,2
3550,52,4,2
3550,53,4,1
3550,54,5,1
3550,55,5,1
3550,56,5,1
3550,57,6,1
3550,58,6,0
3550,59,7,0
3550,60,7,0
3550,61,7,0
3550,62,7,1
3550,63,7,2
3550,64,7,3
3550,65,7,4
3550,66,7,5
3550,67,7,6
3550,68,7,7
3550,69,6,7
3550,70,5,7
3550,71,4,7
3550,72,3,7
3550,73,2,7
3550,74,1,7
3550,75,0,7
3550,76,0,6
3550,77,0,5
3550,78,0,4
3550,79,0,3
3550,80,0,2
3550,81,1,2
3550,82,2,2
3550,83,1,2
3550,84,2,2
3550,85,3,2
3550,86,4,2
3550,87,5,2
3550,88,4,2
3550,89,5,2
3550,90,6,2
3550,91,7,2
3550,92,7,3
3550,93,7,4
3550,94,7,5
3550,95,7,6
3550,96,6,6
3550,97,5,6
3550,98,4,6
3550,99,3,6
3550,100,2,6
3550,101,1,6
3550,102,0,6
3550,103,0,5
3550,104,0,4
3550,105,0,3
3550,106,0,2
3550,107,0,1
3550,108,1,1
3550,109,2,1
3550,110,3,1
3550,111,4,1
3550,112,5,1
3550,113,6,1
3550,114,6,2
3550,115,6,3
3550,116,6,4
3550,117,5,4
3550,118,4,4
3550,119,4,5
3550,120,3,5
3550,121,2,5
3550,122,2,6
3550,123,1,6
3550,124,0,6
3550,125,0,5
3550,126,0,4
3550,127,0,3
3550,128,0,2
3550,129,0,1
3550,130,1,1
3550,131,2,1
3550,132,3,1
3550,133,4,1
3550,134,5,1
3550,135,6,1
3550,136,7,1
3550,137,7,2
3550,138,7,3
3550,139,7,4
3550,140,7,5
3550,141,7,6
3550,142,6,6
3550,143,6,7
3550,144,5,7
3550,145,4,7
3550,146,3,7
3550,147,2,7
3550,148,1,7
3550,149,0,7
3600,0,3,4
3600,1,3,3
3600,2,3,3
3600,3,3,3
3600,4,3,2
3600,5,4,2
3600,6,4,2
3600,7,4,1
3600,8,4,1
3600,9,4,1
3600,10,4,0
3600,11,4,0
3600,12,4,0
3600,13,4,1
3600,14,5,1
3600,15,5,1
3600,16,5,1
3600,17,6,1
3600,18,7,1
3600,19,7,2
3600,20,7,3
3600,21,7,4
3600,22,7,5
3600,23,7,6
3600,24,6,6
3600,25,5,6
3600,26,5,7
3600,27,4,7
3600,28,3,7
3600,29,2,7
3600,30,2,7
3600,31,2,7
3600,32,1,7
3600,33,1,7
3600,34,1,7
3600,35,0,7
3600,36,0,6
3600,37,0,6
3600,38,0,6
3600,39,0,7
3600,40,0,6
3600,41,0,7
3600,42,0,7
3600,43,0,7
3600,44,0,6
3600,45,0,5
3600,46,0,4
3600,47,0,3
3600,48,0,2
3600,49,0,1
3600,50,1,1
3600,51,2,1
3600,52,2,1
3600,53,2,1
3600,54,3,1
3600,55,3,2
3600,56,4,2
3600,57,5,2
3600,58,6,2
3600,59,7,2
3600,60,7,3
3600,61,7,4
3600,62,7,5
3600,63,7,6
3600,64,6,6
3600,65,6,7
3600,66,5,7
3600,67,4,7
3600,68,3,7
3600,69,3,7
3600,70,3,7
3600,71,2,7
3600,72,1,7
3600,73,0,7
3600,74,0,6
3600,75,0,5
3600,76,0,4
3600,77,0,3
3600,78,0,2
3600,79,0,1
3600,80,1,1
3600,81,2,1
3600,82,3,1
3600,83,4,1
3600,84,5,1
3600,85,6,1
3600,86,7,1
3600,87,7,2
3600,88,7,3
3600,89,6,3
3600,90,6,4
3600,91,6,5
3600,92,6,6
3600,93,5,6
3600,94,4,6
3600,95,3,6
3600,96,2,6
3600,97,1,6
3600,98,0,6
3600,99,0,5
3600,100,0,4
3600,101,0,3
3600,102,1,3
3600,103,0,3
3600,104,1,3
3600,105,0,3
3600,106,0,2
3600,107,0,1
3600,108,1,1
3600,109,2,1
3600,110,3,1
3600,111,4,1
3600,112,5,1
3600,113,6,1
3600,114,7,1
3600,115,7,2
3600,116,7,3
3600,117,7,4
3600,118,7,5
3600,119,7,6
3600,120,7,7
3600,121,6,7
3600,122,5,7
3600,123,4,7
3600,124,3,7
3600,125,2,7
3600,126,1,7
3600,127,0,7
3600,128,0,6
3600,129,0,5
3600,130,0,4
3600,131,0,3
3600,132,0,2
3600,133,0,1
3600,134,1,1
3600,135,2,1
3600,136,3,1
3600,137,4,1
3600,138,5,1
3600,139,6,1
3600,140,7,1
3600,141,7,2
3600,142,7,3
3600,143,7,4
3600,144,7,5
3600,145,7,6
3600,146,6,6
3600,147,5,6
3600,148,4,6
3600,149,3,6
3650,0,4,3
3650,1,4,3
3650,2,4,3
3650,3,5,3
3650,4,5,3
3650,5,5,3
3650,6,5,2
3650,7,5,2
3650,8,5,2
3650,9,6,2
3650,10,6,1
3650,11,6,1
3650,12,6,1
3650,13,6,0
3650,14,7,0
3650,15,7,0
3650,16,7,0
3650,17,7,1
3650,18,7,2
3650,19,7,3
3650,20,7,4
3650,21,7,4
3650,22,7,4
3650,23,7,5
3650,24,7,5
3650,25,7,5
3650,26,7,6
3650,27,7,7
3650,28,7,7
3650,29,7,7
3650,30,6,7
3650,31,5,7
3650,32,4,7
3650,33,4,7
3650,34,3,7
3650,35,2,7
3650,36,2,7
3650,37,2,7
3650,38,1,7
3650,39,0,7
3650,40,0,6
3650,41,0,5
3650,42,0,4
3650,43,0,3
3650,44,0,2
3650,45,0,1
3650,46,0,0
3650,47,0,0
3650,48,0,0
3650,49,0,1
3650,50,1,1
3650,51,2,1
3650,52,2,1
3650,53,2,1
3650,54,2,2
3650,55,2,3
3650,56,2,3
3650,57,2,3
3650,58,2,4
3650,59,2,5
3650,60,1,5
3650,61,0,5
3650,62,0,4
3650,63,0,3
3650,64,0,2
3650,65,0,1
3650,66,0,1
3650,67,0,1
3650,68,1,1
3650,69,2,1
3650,70,3,1
3650,71,4,1
3650,72,4,0
3650,73,4,0
3650,74,4,0
3650,75,4,1
3650,76,5,1
3650,77,6,1
3650,78,7,1
3650,79,7,2
3650,80,7,3
3650,81,7,4
3650,82,7,5
3650,83,7,6
3650,84,7,7
3650,85,6,7
3650,86,5,7
3650,87,5,7
3650,88,5,7
3650,89,4,7
3650,90,3,7
3650,91,2,7
3650,92,1,7
3650,93,0,7
3650,94,0,6
3650,95,0,5
3650,96,0,4
3650,97,0,3
3650,98,0,2
3650,99,0,1
3650,100,1,1
3650,101,2,1
3650,102,2,0
3650,103,2,1
3650,104,3,1
3650,105,3,2
3650,106,4,2
3650,107,5,2
3650,108,6,2
3650,109,6,3
3650,110,6,4
3650,111,5,4
3650,112,5,4
3650,113,5,4
3650,114,5,5
3650,115,6,5
3650,116,6,6
3650,117,5,6
3650,118,5,7
3650,119,4,7
3650,120,3,7
3650,121,2,7
3650,122,1,7
3650,123,0,7
3650,124,0,6
3650,125,0,5
3650,126,0,4
3650,127,0,3
3650,128,0,2
3650,129,1,2
3650,130,1,1
3650,131,2,1
3650,132,3,1
3650,133,4,1
3650,134,5,1
3650,135,6,1
3650,136,6,2
3650,137,6,3
3650,138,6,4
3650,139,6,5
3650,140,6,6
3650,141,6,7
3650,142,5,7
3650,143,4,7
3650,144,3,7
3650,145,2,7
3650,146,1,7
3650,147,0,7
3650,148,0,6
3650,149,0,5
3700,0,4,3
3700,1,4,3
3700,2,4,3
3700,3,5,3
3700,4,6,3
3700,5,7,3
3700,6,7,3
3700,7,7,3
3700,8,7,4
3700,9,7,5
3700,10,6,5
3700,11,6,5
3700,12,6,5
3700,13,6,6
3700,14,5,6
3700,15,4,6
3700,16,3,6
3700,17,2,6
3700,18,2,7
3700,19,2,7
3700,20,2,7
3700,21,1,7
3700,22,0,7
3700,23,0,6
3700,24,0,5
3700,25,0,4
3700,26,0,3
3700,27,0,3
3700,28,0,3
3700,29,0,4
3700,30,0,4
3700,31,0,4
3700,32,0,5
3700,33,0,5
3700,34,0,5
3700,35,1,5
3700,36,1,5
3700,37,1,5
3700,38,0,5
3700,39,0,4
3700,40,0,3
3700,41,0,2
3700,42,0,1
3700,43,0,0
3700,44,0,0
3700,45,0,0
3700,46,1,0
3700,47,1,1
3700,48,2,1
3700,49,3,1
3700,50,4,1
3700,51,5,1
3700,52,6,1
3700,53,6,0
3700,54,6,0
3700,55,6,0
3700,56,7,0
3700,57,7,0
3700,58,7,0
3700,59,7,1
3700,60,7,2
3700,61,7,3
3700,62,7,4
3700,63,7,5
3700,64,7,6
3700,65,7,7
3700,66,6,7
3700,67,5,7
3700,68,4,7
3700,69,3,7
3700,70,2,7
3700,71,1,7
3700,72,1,7
3700,73,1,7
3700,74,1,6
3700,75,0,6
3700,76,0,5
3700,77,0,4
3700,78,0,3
3700,79,0,2
3700,80,0,1
3700,81,1,1
3700,82,2,1
3700,83,2,2
3700,84,3,2
3700,85,3,1
3700,86,4,1
3700,87,4,2
3700,88,5,2
3700,89,6,2
3700,90,6,1
3700,91,6,2
3700,92,6,3
3700,93,6,4
3700,94,6,5
3700,95,6,6
3700,96,5,6
3700,97,4,6
3700,98,3,6
3700,99,2,6
3700,100,1,6
3700,101,0,6
3700,102,0,5
3700,103,0,4
3700,104,0,3
3700,105,0,2
3700,106,0,1
3700,107,1,1
3700,108,2,1
3700,109,3,1
3700,110,3,2
3700,111,4,2
3700,112,5,2
3700,113,6,2
3700,114,7,2
3700,115,7,3
3700,116,7,4
3700,117,7,5
3700,118,7,6
3700,119,7,7
3700,120,6,7
3700,121,5,7
3700,122,4,7
3700,123,3,7
3700,124,2,7
3700,125,1,7
3700,126,0,7
3700,127,0,6
3700,128,0,5
3700,129,0,4
3700,130,1,4
3700,131,0,4
3700,132,0,3
3700,133,0,2
3700,134,0,1
3700,135,1,1
3700,136,2,1
3700,137,3,1
3700,138,4,1
3700,139,5,1
3700,140,6,1
3700,141,7,1
3700,142,7,2
3700,143,7,3
3700,144,7,4
3700,145,6,4
3700,146,6,5
3700,147,6,6
3700,148,5,6
3700,149,5,7
3750,0,5,4
3750,1,6,4
3750,2,6,4
3750,3,6,4
3750,4,6,5
3750,5,6,6
3750,6,7,6
3750,7,7,6
3750,8,7,6
3750,9,7,7
3750,10,7,7
3750,11,7,7
3750,12,6,7
3750,13,5,7
3750,14,4,7
3750,15,3,7
3750,16,2,7
3750,17,2,6
3750,18,2,6
3750,19,2,6
3750,20,2,5
3750,21,3,5
3750,22,3,5
3750,23,3,5
3750,24,3,4
3750,25,3,4
3750,26,3,4
3750,27,4,4
3750,28,3,4
3750,29,4,4
3750,30,5,4
3750,31,6,4
3750,32,6,5
3750,33,6,6
3750,34,5,6
3750,35,4,6
3750,36,3,6
3750,37,2,6
3750,38,1,6
3750,39,0,6
3750,40,0,5
3750,41,0,4
3750,42,0,4
3750,43,0,4
3750,44,0,3
3750,45,0,2
3750,46,0,1
3750,47,1,1
3750,48,2,1
3750,49,2,1
3750,50,2,1
3750,51,3,1
3750,52,3,1
3750,53,3,1
3750,54,4,1
3750,55,4,1
3750,56,4,1
3750,57,5,1
3750,58,5,0
3750,59,5,0
3750,60,5,0
3750,61,5,1
3750,62,5,1
3750,63,5,1
3750,64,6,1
3750,65,6,0
3750,66,7,0
3750,67,7,0
3750,68,7,0
3750,69,7,1
3750,70,7,2
3750,71,7,3
3750,72,7,4
3750,73,7,5
3750,74,7,6
3750,75,6,6
3750,76,5,6
3750,77,4,6
3750,78,3,6
3750,79,2,6
3750,80,1,6
3750,81,0,6
3750,82,0,7
3750,83,0,7
3750,84,0,7
3750,85,0,6
3750,86,0,5
3750,87,0,4
3750,88,0,3
3750,89,0,2
3750,90,0,1
3750,91,1,1
3750,92,2,1
3750,93,2,0
3750,94,2,0
3750,95,2,0
3750,96,2,1
3750,97,3,1
3750,98,4,1
3750,99,5,1
3750,100,6,1
3750,101,7,1
3750,102,7,2
3750,103,7,3
3750,104,7,4
3750,105,7,5
3750,106,7,6
3750,107,7,7
3750,108,6,7
3750,109,5,7
3750,110,4,7
3750,111,3,7
3750,112,2,7
3750,113,1,7
3750,114,0,7
3750,115,0,6
3750,116,0,5
3750,117,0,4
3750,118,0,3
3750,119,0,2
3750,120,0,1
3750,121,1,1
3750,122,2,1
3750,123,3,1
3750,124,4,1
3750,125,5,1
3750,126,6,1
3750,127,7,1
3750,128,7,2
3750,129,7,3
3750,130,7,4
3750,131,7,5
3750,132,7,6
3750,133,7,7
3750,134,6,7
3750,135,5,7
3750,136,4,7
3750,137,3,7
3750,138,2,7
3750,139,1,7
3750,140,0,7
3750,141,0,6
3750,142,0,5
3750,143,0,4
3750,144,0,3
3750,145,0,2
3750,146,0,1
3750,147,1,1
3750,148,2,1
3750,149,3,1
3800,0,4,5
3800,1,3,5
3800,2,3,5
3800,3,3,5
3800,4,3,4
3800,5,3,4
3800,6,3,4
3800,7,3,5
3800,8,2,5
3800,9,2,5
3800,10,2,5
3800,11,1,5
3800,12,0,5
3800,13,0,4
3800,14,0,3
3800,15,0,2
3800,16,0,1
3800,17,0,1
3800,18,0,1
3800,19,1,1
3800,20,1,1
3800,21,1,1
3800,22,2,1
3800,23,2,0
3800,24,2,0
3800,25,2,0
3800,26,3,0
3800,27,3,0
3800,28,3,0
3800,29,4,0
3800,30,4,0
3800,31,4,0
3800,32,4,1
3800,33,4,2
3800,34,3,2
3800,35,3,2
3800,36,3,2
3800,37,4,2
3800,38,5,2
3800,39,6,2
3800,40,6,3
3800,41,6,4
3800,42,6,5
3800,43,6,6
3800,44,5,6
3800,45,5,6
3800,46,5,6
3800,47,6,6
3800,48,7,6
3800,49,7,6
3800,50,7,6
3800,51,6,6
3800,52,5,6
3800,53,4,6
3800,54,3,6
3800,55,2,6
3800,56,2,7
3800,57,1,7
3800,58,0,7
3800,59,0,7
3800,60,0,7
3800,61,0,6
3800,62,0,5
3800,63,0,4
3800,64,0,3
3800,65,0,2
3800,66,0,2
3800,67,0,2
3800,68,1,2
3800,69,2,2
3800,70,2,3
3800,71,3,3
3800,72,3,2
3800,73,4,2
3800,74,5,2
3800,75,6,2
3800,76,7,2
3800,77,7,3
3800,78,7,4
3800,79,7,5
3800,80,7,6
3800,81,7,7
3800,82,6,7
3800,83,5,7
3800,84,4,7
3800,85,3,7
3800,86,2,7
3800,87,1,7
3800,88,0,7
3800,89,0,6
3800,90,0,5
3800,91,0,4
3800,92,0,3
3800,93,0,2
3800,94,0,1
3800,95,1,1
3800,96,2,1
3800,97,2,0
3800,98,2,1
3800,99,3,1
3800,100,4,1
3800,101,5,1
3800,102,6,1
3800,103,6,2
3800,104,7,2
3800,105,7,3
3800,106,7,4
3800,107,7,5
3800,108,7,6
3800,109,7,7
3800,110,6,7
3800,111,5,7
3800,112,4,7
3800,113,3,7
3800,114,2,7
3800,115,1,7
3800,116,0,7
3800,117,0,6
3800,118,0,5
3800,119,0,4
3800,120,0,3
3800,121,0,2
3800,122,0,1
3800,123,1,1
3800,124,2,1
3800,125,2,2
3800,126,2,1
3800,127,3,1
3800,128,4,1
3800,129,5,1
3800,130,6,1
3800,131,7,1
3800,132,7,2
3800,133,7,3
3800,134,7,4
3800,135,7,5
3800,136,7,6
3800,137,6,6
3800,138,5,6
3800,139,6,6
3800,140,5,6
3800,141,4,6
3800,142,3,6
3800,143,2,6
3800,144,1,6
3800,145,0,6
3800,146,0,5
3800,147,0,4
3800,148,0,3
3800,149,0,2
3850,0,5,4
3850,1,5,3
3850,2,5,3
3850,3,5,3
3850,4,6,3
3850,5,6,2
3850,6,6,1
3850,7,6,1
3850,8,6,1
3850,9,6,2
3850,10,6,2
3850,11,6,2
3850,12,6,3
3850,13,6,3
3850,14,6,3
3850,15,7,3
3850,16,7,3
3850,17,7,3
3850,18,7,4
3850,19,7,5
3850,20,7,6
3850,21,7,7
3850,22,6,7
3850,23,5,7
3850,24,4,7
3850,25,3,7
3850,26,2,7
3850,27,1,7
3850,28,0,7
3850,29,0,6
3850,30,0,5
3850,31,0,4
3850,32,0,3
3850,33,0,2
3850,34,1,2
3850,35,1,2
3850,36,1,2
3850,37,1,1
3850,38,1,1
3850,39,1,1
3850,40,2,1
3850,41,3,1
3850,42,3,1
3850,43,3,1
3850,44,4,1
3850,45,4,0
3850,46,4,0
3850,47,4,0
3850,48,4,1
3850,49,5,1
3850,50,6,1
3850,51,7,1
3850,52,7,1
3850,53,7,1
3850,54,7,2
3850,55,7,3
3850,56,7,4
3850,57,7,5
3850,58,7,6
3850,59,7,7
3850,60,6,7
3850,61,5,7
3850,62,4,7
3850,63,4,6
3850,64,4,7
3850,65,3,7
3850,66,2,7
3850,67,1,7
3850,68,0,7
3850,69,0,6
3850,70,0,5
3850,71,0,4
3850,72,0,3
3850,73,0,2
3850,74,0,1
3850,75,1,1
3850,76,2,1
3850,77,3,1
3850,78,4,1
3850,79,5,1
3850,80,6,1
3850,81,7,1
3850,82,7,2
3850,83,7,3
3850,84,7,4
3850,85,7,5
3850,86,7,6
3850,87,7,7
3850,88,6,7
3850,89,5,7
3850,90,4,7
3850,91,3,7
3850,92,2,7
3850,93,1,7
3850,94,0,7
3850,95,0,6
3850,96,0,5
3850,97,0,4
3850,98,0,3
3850,99,0,2
3850,100,0,1
3850,101,1,1
3850,102,2,1
3850,103,3,1
3850,104,4,1
3850,105,5,1
3850,106,6,1
3850,107,7,1
3850,108,7,2
3850,109,7,3
3850,110,7,4
3850,111,7,5
3850,112,7,6
3850,113,7,7
3850,114,6,7
3850,115,5,7
3850,116,4,7
3850,117,3,7
3850,118,2,7
3850,119,1,7
3850,120,1,6
3850,121,0,6
3850,122,0,5
3850,123,0,4
3850,124,0,3
3850,125,0,2
3850,126,0,1
3850,127,1,1
3850,128,2,1
3850,129,3,1
3850,130,4,1
3850,131,4,2
3850,132,5,2
3850,133,6,2
3850,134,6,3
3850,135,6,4
3850,136,6,5
3850,137,6,6
3850,138,5,6
3850,139,6,6
3850,140,5,6
3850,141,5,7
3850,142,4,7
3850,143,3,7
3850,144,4,7
3850,145,3,7
3850,146,2,7
3850,147,1,7
3850,148,0,7
3850,149,0,6
3900,0,4,5
3900,1,4,5
3900,2,4,5
3900,3,4,6
3900,4,4,6
3900,5,4,6
3900,6,3,6
3900,7,3,7
3900,8,3,7
3900,9,3,6
3900,10,3,5
3900,11,3,4
3900,12,3,4
3900,13,3,4
3900,14,2,4
3900,15,2,3
3900,16,2,2
3900,17,2,2
3900,18,2,2
3900,19,2,1
3900,20,2,1
3900,21,2,1
3900,22,3,1
3900,23,3,2
3900,24,3,2
3900,25,3,2
3900,26,4,2
3900,27,4,1
3900,28,5,1
3900,29,5,1
3900,30,5,1
3900,31,5,0
3900,32,5,0
3900,33,5,0
3900,34,5,1
3900,35,6,1
3900,36,7,1
3900,37,7,1
3900,38,7,1
3900,39,7,2
3900,40,7,3
3900,41,7,4
3900,42,7,5
3900,43,7,6
3900,44,7,7
3900,45,6,7
3900,46,6,7
3900,47,6,7
3900,48,5,7
3900,49,4,7
3900,50,4,7
3900,51,4,7
3900,52,3,7
3900,53,3,6
3900,54,3,5
3900,55,3,6
3900,56,3,5
3900,57,3,6
3900,58,2,6
3900,59,1,6
3900,60,0,6
3900,61,0,5
3900,62,0,4
3900,63,0,3
3900,64,0,2
3900,65,0,1
3900,66,1,1
3900,67,1,0
3900,68,1,0
3900,69,1,0
3900,70,1,1
3900,71,2,1
3900,72,2,2
3900,73,3,2
3900,74,4,2
3900,75,5,2
3900,76,5,3
3900,77,5,4
3900,78,5,4
3900,79,5,4
3900,80,6,4
3900,81,6,5
3900,82,6,6
3900,83,5,6
3900,84,4,6
3900,85,3,6
3900,86,2,6
3900,87,1,6
3900,88,0,6
3900,89,0,5
3900,90,0,4
3900,91,0,3
3900,92,0,2
3900,93,0,1
3900,94,1,1
3900,95,2,1
3900,96,3,1
3900,97,4,1
3900,98,4,2
3900,99,5,2
3900,100,6,2
3900,101,6,1
3900,102,7,1
3900,103,7,2
3900,104,7,3
3900,105,7,4
3900,106,7,5
3900,107,7,6
3900,108,6,6
3900,109,5,6
3900,110,4,6
3900,111,3,6
3900,112,3,7
3900,113,2,7
3900,114,1,7
3900,115,0,7
3900,116,0,6
3900,117,0,5
3900,118,0,4
3900,119,0,3
3900,120,0,2
3900,121,0,1
3900,122,1,1
3900,123,2,1
3900,124,3,1
3900,125,4,1
3900,126,5,1
3900,127,6,1
3900,128,7,1
3900,129,7,2
3900,130,7,3
3900,131,7,4
3900,132,7,5
3900,133,7,6
3900,134,7,7
3900,135,6,7
3900,136,5,7
3900,137,6,7
3900,138,5,7
3900,139,4,7
3900,140,4,6
3900,141,3,6
3900,142,2,6
3900,143,1,6
3900,144,0,6
3900,145,0,5
3900,146,0,4
3900,147,0,3
3900,148,0,2
3900,149,0,1
3950,0,3,4
3950,1,3,4
3950,2,3,4
3950,3,3,5
3950,4,3,6
3950,5,3,7
3950,6,3,7
3950,7,3,7
3950,8,4,7
3950,9,4,7
3950,10,4,7
3950,11,3,7
3950,12,2,7
3950,13,2,6
3950,14,1,6
3950,15,1,5
3950,16,1,5
3950,17,0,5
3950,18,0,5
3950,19,0,5
3950,20,0,4
3950,21,0,3
3950,22,0,3
3950,23,0,3
3950,24,0,2
3950,25,0,1
3950,26,0,0
3950,27,0,0
3950,28,0,0
3950,29,1,0
3950,30,1,1
3950,31,2,1
3950,32,3,1
3950,33,3,0
3950,34,3,0
3950,35,3,0
3950,36,4,0
3950,37,4,1
3950,38,4,1
3950,39,4,1
3950,40,5,1
3950,41,6,1
3950,42,6,2
3950,43,6,3
3950,44,6,3
3950,45,6,3
3950,46,6,4
3950,47,6,4
3950,48,6,4
3950,49,6,5
3950,50,7,5
3950,51,7,5
3950,52,7,5
3950,53,7,6
3950,54,7,7
3950,55,6,7
3950,56,5,7
3950,57,4,7
3950,58,3,7
3950,59,2,7
3950,60,1,7
3950,61,1,6
3950,62,0,6
3950,63,0,6
3950,64,0,6
3950,65,0,5
3950,66,0,4
3950,67,0,4
3950,68,0,4
3950,69,0,3
3950,70,0,2
3950,71,0,1
3950,72,1,1
3950,73,2,1
3950,74,3,1
3950,75,3,2
3950,76,3,2
3950,77,3,2
3950,78,3,1
3950,79,4,1
3950,80,5,1
3950,81,6,1
3950,82,5,1
3950,83,6,1
3950,84,7,1
3950,85,7,2
3950,86,7,3
3950,87,7,4
3950,88,7,5
3950,89,7,6
3950,90,7,7
3950,91,6,7
3950,92,5,7
3950,93,4,7
3950,94,3,7
3950,95,3,6
3950,96,2,6
3950,97,1,6
3950,98,0,6
3950,99,0,5
3950,100,0,4
3950,101,0,3
3950,102,0,2
3950,103,0,1
3950,104,1,1
3950,105,2,1
3950,106,3,1
3950,107,4,1
3950,108,5,1
3950,109,6,1
3950,110,7,1
3950,111,7,2
3950,112,7,3
3950,113,7,4
3950,114,7,5
3950,115,7,6
3950,116,6,6
3950,117,5,6
3950,118,5,5
3950,119,5,6
3950,120,4,6
3950,121,3,6
3950,122,2,6
3950,123,1,6
3950,124,0,6
3950,125,0,5
3950,126,0,4
3950,127,0,3
3950,128,0,2
3950,129,0,1
3950,130,1,1
3950,131,2,1
3950,132,3,1
3950,133,4,1
3950,134,5,1
3950,135,6,1
3950,136,7,1
3950,137,7,2
3950,138,7,3
3950,139,7,4
3950,140,7,5
3950,141,7,6
3950,142,7,7
3950,143,6,7
3950,144,5,7
3950,145,4,7
3950,146,3,7
3950,147,2,7
3950,148,1,7
3950,149,0,7
4000,0,4,5
4000,1,3,5
4000,2,2,5
4000,3,2,5
4000,4,2,5
4000,5,1,5
4000,6,1,5
4000,7,1,5
4000,8,0,5
4000,9,0,4
4000,10,0,3
4000,11,0,3
4000,12,0,3
4000,13,0,2
4000,14,0,1
4000,15,1,1
4000,16,1,1
4000,17,1,1
4000,18,2,1
4000,19,2,1
4000,20,2,1
4000,21,2,2
4000,22,2,2
4000,23,2,2
4000,24,2,3
4000,25,2,3
4000,26,2,3
4000,27,1,3
4000,28,1,2
4000,29,1,1
4000,30,1,0
4000,31,1,0
4000,32,1,0
4000,33,1,1
4000,34,2,1
4000,35,3,1
4000,36,4,1
4000,37,5,1
4000,38,5,2
4000,39,5,2
4000,40,5,2
4000,41,6,2
4000,42,6,3
4000,43,6,4
4000,44,6,4
4000,45,6,4
4000,46,6,5
4000,47,7,5
4000,48,7,5
4000,49,7,5
4000,50,7,6
4000,51,7,6
4000,52,7,6
4000,53,7,7
4000,54,6,7
4000,55,6,7
4000,56,6,7
4000,57,5,7
4000,58,4,7
4000,59,3,7
4000,60,2,7
4000,61,1,7
4000,62,0,7
4000,63,0,6
4000,64,0,5
4000,65,0,4
4000,66,0,3
4000,67,0,2
4000,68,0,1
4000,69,1,1
4000,70,2,1
4000,71,3,1
4000,72,4,1
4000,73,5,1
4000,74,6,1
4000,75,6,2
4000,76,6,3
4000,77,6,4
4000,78,6,5
4000,79,6,6
4000,80,6,5
4000,81,6,6
4000,82,6,7
4000,83,5,7
4000,84,4,7
4000,85,3,7
4000,86,2,7
4000,87,1,7
4000,88,0,7
4000,89,0,7
4000,90,0,7
4000,91,0,6
4000,92,0,5
4000,93,0,4
4000,94,0,3
4000,95,0,2
4000,96,0,1
4000,97,1,1
4000,98,2,1
4000,99,3,1
4000,100,4,1
4000,101,5,1
4000,102,6,1
4000,103,7,1
4000,104,7,2
4000,105,7,3
4000,106,7,4
4000,107,7,5
4000,108,7,6
4000,109,6,6
4000,110,5,6
4000,111,4,6
4000,112,3,6
4000,113,3,6
4000,114,2,6
4000,115,1,6
4000,116,0,6
4000,117,0,5
4000,118,0,4
4000,119,0,3
4000,120,0,2
4000,121,0,1
4000,122,1,1
4000,123,2,1
4000,124,3,1
4000,125,4,1
4000,126,5,1
4000,127,6,1
4000,128,7,1
4000,129,7,2
4000,130,7,3
4000,131,7,4
4000,132,7,5
4000,133,7,6
4000,134,7,7
4000,135,6,7
4000,136,6,6
4000,137,5,6
4000,138,5,5
4000,139,5,6
4000,140,4,6
4000,141,3,6
4000,142,2,6
4000,143,2,5
4000,144,2,6
4000,145,1,6
4000,146,1,5
4000,147,0,5
4000,148,0,4
4000,149,0,3
