episode,step,x,y
50,0,5,4
50,1,5,4
50,2,5,4
50,3,5,3
50,4,6,3
50,5,6,3
50,6,6,3
50,7,6,3
50,8,7,3
50,9,7,4
50,10,6,4
50,11,6,5
50,12,5,5
50,13,4,5
50,14,5,5
50,15,5,4
50,16,5,5
50,17,6,5
50,18,6,6
50,19,6,7
50,20,5,7
50,21,5,7
50,22,5,7
50,23,5,7
50,24,5,6
50,25,5,6
50,26,5,5
50,27,4,5
50,28,4,6
50,29,5,6
50,30,4,6
50,31,4,7
50,32,4,6
50,33,4,6
50,34,4,6
50,35,4,5
50,36,4,4
50,37,5,4
50,38,5,4
50,39,4,4
50,40,3,4
50,41,2,4
50,42,2,4
50,43,2,5
50,44,2,5
50,45,2,5
50,46,2,5
50,47,2,5
50,48,3,5
50,49,3,4
50,50,3,4
50,51,3,3
50,52,3,3
50,53,2,3
50,54,2,4
50,55,2,3
50,56,1,3
50,57,2,3
50,58,1,3
50,59,1,2
50,60,1,2
50,61,1,2
50,62,1,3
50,63,1,2
50,64,1,3
50,65,1,2
50,66,2,2
50,67,3,2
50,68,3,2
50,69,3,1
50,70,4,1
50,71,4,0
50,72,4,0
50,73,3,0
50,74,4,0
50,75,4,1
50,76,4,1
50,77,4,1
50,78,4,0
50,79,4,1
50,80,4,0
50,81,4,1
50,82,4,0
50,83,3,0
50,84,2,0
50,85,1,0
50,86,0,0
50,87,0,0
50,88,0,0
50,89,0,1
50,90,0,0
50,91,0,0
50,92,0,0
50,93,0,0
50,94,0,0
50,95,0,0
50,96,1,0
50,97,1,0
50,98,0,0
50,99,0,0
50,100,0,0
50,101,0,0
50,102,0,0
50,103,0,1
50,104,0,0
50,105,0,0
50,106,0,1
50,107,0,1
50,108,0,1
50,109,0,2
50,110,0,2
50,111,0,2
50,112,0,2
50,113,0,2
50,114,0,3
50,115,0,2
50,116,1,2
50,117,1,2
50,118,1,1
50,119,1,1
50,120,1,1
50,121,1,1
50,122,0,1
50,123,0,1
50,124,0,1
50,125,0,1
50,126,1,1
50,127,1,2
50,128,1,1
50,129,1,1
50,130,1,2
50,131,1,2
50,132,0,2
50,133,0,2
50,134,0,1
50,135,0,1
50,136,0,0
50,137,0,0
50,138,1,0
50,139,1,1
50,140,1,0
50,141,1,0
50,142,1,0
50,143,1,0
50,144,1,1
50,145,1,1
50,146,1,2
50,147,1,1
50,148,1,2
50,149,1,3
100,0,5,4
100,1,5,4
100,2,5,5
100,3,5,4
100,4,5,5
100,5,5,5
100,6,5,6
100,7,5,6
100,8,5,5
100,9,6,5
100,10,6,4
100,11,6,3
100,12,6,4
100,13,5,4
100,14,4,4
100,15,4,5
100,16,4,4
100,17,4,3
100,18,4,3
100,19,5,3
100,20,5,3
100,21,5,3
100,22,5,3
100,23,4,3
100,24,4,3
100,25,4,4
100,26,3,4
100,27,2,4
100,28,1,4
100,29,0,4
100,30,0,3
100,31,1,3
100,32,1,3
100,33,1,3
100,34,1,4
100,35,1,3
100,36,0,3
100,37,1,3
100,38,2,3
100,39,2,3
100,40,2,4
100,41,2,4
100,42,2,3
100,43,2,4
100,44,3,4
100,45,3,3
100,46,3,4
100,47,3,3
100,48,3,2
100,49,4,2
100,50,4,3
100,51,4,3
100,52,5,3
100,53,5,4
100,54,5,3
100,55,5,2
100,56,5,1
100,57,5,1
100,58,4,1
100,59,4,0
100,60,5,0
100,61,6,0
100,62,5,0
100,63,5,0
100,64,5,0
100,65,5,1
100,66,5,1
100,67,4,1
100,68,5,1
100,69,6,1
100,70,6,0
100,71,6,1
100,72,6,0
100,73,6,0
100,74,5,0
100,75,5,1
100,76,5,2
100,77,5,2
100,78,4,2
100,79,4,2
100,80,4,1
100,81,4,0
100,82,3,0
100,83,3,1
100,84,3,0
100,85,2,0
100,86,2,0
100,87,2,0
100,88,2,0
100,89,3,0
100,90,4,0
100,91,4,0
100,92,4,0
100,93,3,0
100,94,3,0
100,95,3,0
100,96,4,0
100,97,4,1
100,98,3,1
100,99,4,1
100,100,4,2
100,101,3,2
100,102,3,1
100,103,3,1
100,104,3,1
100,105,3,1
100,106,4,1
100,107,5,1
100,108,5,0
100,109,6,0
100,110,6,0
100,111,6,0
100,112,7,0
100,113,7,0
100,114,7,0
100,115,7,0
100,116,7,1
100,117,7,0
100,118,7,0
100,119,7,0
100,120,7,0
100,121,7,0
100,122,7,1
100,123,7,1
100,124,7,2
100,125,7,1
100,126,7,1
100,127,7,2
100,128,6,2
100,129,6,2
100,130,7,2
100,131,7,1
100,132,7,0
100,133,7,0
100,134,7,0
100,135,7,0
100,136,7,0
100,137,7,0
100,138,7,0
100,139,7,0
100,140,7,0
100,141,7,0
100,142,7,1
100,143,7,0
100,144,7,0
100,145,7,0
100,146,7,0
100,147,7,1
100,148,7,2
100,149,7,2
150,0,4,4
150,1,4,5
150,2,4,6
150,3,4,7
150,4,4,6
150,5,3,6
150,6,3,5
150,7,3,5
150,8,3,4
150,9,3,5
150,10,3,4
150,11,4,4
150,12,3,4
150,13,3,4
150,14,2,4
150,15,2,5
150,16,1,5
150,17,0,5
150,18,0,6
150,19,0,7
150,20,1,7
150,21,1,6
150,22,1,5
150,23,1,6
150,24,1,6
150,25,2,6
150,26,2,5
150,27,2,4
150,28,2,4
150,29,2,3
150,30,2,4
150,31,2,4
150,32,3,4
150,33,3,3
150,34,3,2
150,35,2,2
150,36,2,2
150,37,2,1
150,38,2,1
150,39,1,1
150,40,2,1
150,41,3,1
150,42,2,1
150,43,2,0
150,44,3,0
150,45,4,0
150,46,5,0
150,47,5,1
150,48,5,2
150,49,5,3
150,50,6,3
150,51,6,2
150,52,7,2
150,53,6,2
150,54,6,1
150,55,6,0
150,56,7,0
150,57,7,0
150,58,7,1
150,59,7,1
150,60,7,1
150,61,7,2
150,62,7,1
150,63,7,2
150,64,7,2
150,65,6,2
150,66,6,2
150,67,7,2
150,68,7,1
150,69,7,1
150,70,7,0
150,71,7,0
150,72,7,0
150,73,7,0
150,74,7,1
150,75,7,1
150,76,7,0
150,77,7,1
150,78,7,0
150,79,7,1
150,80,7,0
150,81,6,0
150,82,6,1
150,83,6,2
150,84,7,2
150,85,7,2
150,86,7,2
150,87,6,2
150,88,5,2
150,89,6,2
150,90,7,2
150,91,7,3
150,92,7,2
150,93,7,1
150,94,7,0
150,95,7,0
150,96,7,1
150,97,7,2
150,98,7,2
150,99,7,2
150,100,7,3
150,101,7,4
150,102,7,5
150,103,7,5
150,104,7,6
150,105,7,6
150,106,7,7
150,107,7,7
150,108,7,7
150,109,7,7
150,110,7,7
150,111,7,7
150,112,7,7
150,113,7,6
150,114,7,5
150,115,7,5
150,116,6,5
150,117,7,5
150,118,7,5
150,119,7,5
150,120,7,5
150,121,7,5
150,122,7,5
150,123,7,4
150,124,6,4
150,125,6,5
150,126,5,5
150,127,5,6
150,128,6,6
150,129,7,6
150,130,7,7
150,131,7,7
150,132,7,7
150,133,7,6
150,134,7,6
150,135,7,7
150,136,7,7
150,137,6,7
150,138,6,7
150,139,7,7
150,140,6,7
150,141,6,7
150,142,6,7
150,143,7,7
150,144,7,6
150,145,7,5
150,146,7,6
150,147,7,7
150,148,7,7
150,149,7,7
200,0,4,5
200,1,5,5
200,2,6,5
200,3,6,4
200,4,6,3
200,5,6,4
200,6,6,3
200,7,5,3
200,8,5,4
200,9,5,5
200,10,6,5
200,11,7,5
200,12,6,5
200,13,6,5
200,14,7,5
200,15,7,6
200,16,6,6
200,17,6,7
200,18,6,6
200,19,6,5
200,20,6,5
200,21,6,4
200,22,7,4
200,23,6,4
200,24,6,5
200,25,6,5
200,26,7,5
200,27,7,5
200,28,7,4
200,29,7,4
200,30,6,4
200,31,7,4
200,32,7,5
200,33,7,6
200,34,6,6
200,35,7,6
200,36,6,6
200,37,6,6
200,38,6,7
200,39,6,7
200,40,5,7
200,41,5,7
200,42,5,7
200,43,4,7
200,44,4,7
200,45,5,7
200,46,6,7
200,47,6,6
200,48,6,5
200,49,6,6
200,50,7,6
200,51,6,6
200,52,7,6
200,53,7,5
200,54,6,5
200,55,6,6
200,56,6,7
200,57,6,7
200,58,6,6
200,59,6,7
200,60,6,6
200,61,6,7
200,62,6,6
200,63,5,6
200,64,4,6
200,65,4,6
200,66,5,6
200,67,5,6
200,68,5,5
200,69,4,5
200,70,4,5
200,71,3,5
200,72,2,5
200,73,1,5
200,74,1,4
200,75,0,4
200,76,1,4
200,77,1,4
200,78,2,4
200,79,2,5
200,80,2,4
200,81,2,4
200,82,3,4
200,83,2,4
200,84,3,4
200,85,3,4
200,86,2,4
200,87,2,5
200,88,2,6
200,89,3,6
200,90,3,6
200,91,3,6
200,92,3,7
200,93,2,7
200,94,1,7
200,95,2,7
200,96,2,7
200,97,3,7
200,98,3,7
200,99,3,7
200,100,3,7
200,101,2,7
200,102,2,7
200,103,2,7
200,104,2,7
200,105,1,7
200,106,1,6
200,107,1,6
200,108,0,6
200,109,0,6
200,110,0,7
200,111,1,7
200,112,1,6
200,113,0,6
200,114,0,7
200,115,1,7
200,116,1,7
200,117,0,7
200,118,0,7
200,119,0,7
200,120,1,7
200,121,1,7
200,122,2,7
200,123,1,7
200,124,2,7
200,125,1,7
200,126,2,7
200,127,1,7
200,128,0,7
200,129,0,6
200,130,1,6
200,131,2,6
200,132,2,7
200,133,1,7
200,134,1,7
200,135,0,7
200,136,1,7
200,137,2,7
200,138,3,7
200,139,3,7
200,140,3,7
200,141,4,7
200,142,5,7
200,143,5,6
200,144,5,7
200,145,6,7
200,146,6,7
200,147,7,7
200,148,6,7
200,149,5,7
250,0,4,3
250,1,4,3
250,2,4,2
250,3,5,2
250,4,6,2
250,5,6,1
250,6,6,2
250,7,6,3
250,8,7,3
250,9,7,2
250,10,7,1
250,11,7,2
250,12,7,2
250,13,7,1
250,14,7,2
250,15,7,1
250,16,7,2
250,17,7,2
250,18,7,2
250,19,7,3
250,20,7,3
250,21,7,2
250,22,6,2
250,23,6,3
250,24,6,3
250,25,6,3
250,26,6,3
250,27,7,3
250,28,7,2
250,29,7,1
250,30,6,1
250,31,6,2
250,32,6,2
250,33,6,2
250,34,6,3
250,35,6,4
250,36,5,4
250,37,4,4
250,38,4,5
250,39,5,5
250,40,5,4
250,41,5,3
250,42,5,3
250,43,5,4
250,44,5,5
250,45,6,5
250,46,6,4
250,47,7,4
250,48,7,3
250,49,7,3
250,50,7,2
250,51,7,1
250,52,7,0
250,53,7,0
250,54,7,0
250,55,7,0
250,56,7,0
250,57,7,1
250,58,7,1
250,59,7,1
250,60,7,2
250,61,7,2
250,62,7,2
250,63,7,3
250,64,7,4
250,65,7,5
250,66,7,5
250,67,6,5
250,68,5,5
250,69,5,6
250,70,5,7
250,71,5,7
250,72,6,7
250,73,6,7
250,74,5,7
250,75,6,7
250,76,7,7
250,77,7,7
250,78,6,7
250,79,7,7
250,80,7,6
250,81,6,6
250,82,6,5
250,83,5,5
250,84,5,6
250,85,4,6
250,86,4,7
250,87,4,7
250,88,4,7
250,89,4,7
250,90,4,7
250,91,5,7
250,92,6,7
250,93,6,7
250,94,7,7
250,95,7,7
250,96,7,7
250,97,7,7
250,98,7,7
250,99,7,7
250,100,6,7
250,101,6,6
250,102,7,6
250,103,6,6
250,104,6,5
250,105,7,5
250,106,7,4
250,107,7,4
250,108,7,4
250,109,7,4
250,110,7,3
250,111,7,3
250,112,7,2
250,113,7,1
250,114,7,0
250,115,7,1
250,116,7,2
250,117,6,2
250,118,6,1
250,119,6,0
250,120,6,1
250,121,6,2
250,122,6,1
250,123,7,1
250,124,7,1
250,125,7,0
250,126,7,0
250,127,7,0
250,128,7,0
250,129,6,0
250,130,6,1
250,131,6,0
250,132,6,0
250,133,6,1
250,134,7,1
250,135,7,2
250,136,6,2
250,137,6,3
250,138,7,3
250,139,7,4
250,140,7,4
250,141,6,4
250,142,5,4
250,143,5,3
250,144,5,2
250,145,4,2
250,146,4,3
250,147,4,2
250,148,3,2
250,149,3,1
300,0,4,3
300,1,4,2
300,2,5,2
300,3,6,2
300,4,5,2
300,5,5,3
300,6,4,3
300,7,4,3
300,8,3,3
300,9,3,3
300,10,3,2
300,11,3,2
300,12,4,2
300,13,4,1
300,14,5,1
300,15,5,0
300,16,6,0
300,17,5,0
300,18,5,1
300,19,4,1
300,20,5,1
300,21,5,1
300,22,5,2
300,23,5,3
300,24,5,4
300,25,5,5
300,26,6,5
300,27,5,5
300,28,5,4
300,29,5,4
300,30,5,3
300,31,4,3
300,32,3,3
300,33,3,4
300,34,4,4
300,35,4,3
300,36,4,2
300,37,5,2
300,38,5,1
300,39,5,2
300,40,6,2
300,41,6,1
300,42,6,1
300,43,6,1
300,44,6,0
300,45,7,0
300,46,7,1
300,47,6,1
300,48,6,0
300,49,6,0
300,50,6,1
300,51,5,1
300,52,5,0
300,53,5,0
300,54,6,0
300,55,7,0
300,56,7,0
300,57,7,0
300,58,7,1
300,59,6,1
300,60,6,0
300,61,7,0
300,62,7,1
300,63,7,2
300,64,7,1
300,65,7,0
300,66,6,0
300,67,5,0
300,68,4,0
300,69,4,0
300,70,5,0
300,71,5,0
300,72,4,0
300,73,4,0
300,74,4,0
300,75,4,1
300,76,5,1
300,77,5,0
300,78,6,0
300,79,7,0
300,80,7,0
300,81,7,0
300,82,6,0
300,83,6,1
300,84,6,2
300,85,6,3
300,86,5,3
300,87,5,2
300,88,5,2
300,89,5,1
300,90,5,0
300,91,4,0
300,92,5,0
300,93,5,1
300,94,5,2
300,95,5,3
300,96,5,3
300,97,5,2
300,98,4,2
300,99,3,2
300,100,3,1
300,101,3,2
300,102,4,2
300,103,5,2
300,104,4,2
300,105,3,2
300,106,3,1
300,107,3,0
300,108,4,0
300,109,4,1
300,110,3,1
300,111,2,1
300,112,2,0
300,113,2,0
300,114,2,0
300,115,2,1
300,116,3,1
300,117,3,2
300,118,3,3
300,119,4,3
300,120,4,2
300,121,4,1
300,122,4,1
300,123,4,2
300,124,4,1
300,125,5,1
300,126,5,2
300,127,6,2
300,128,6,3
300,129,6,2
300,130,6,1
300,131,6,2
300,132,7,2
300,133,7,1
300,134,7,0
300,135,6,0
300,136,6,1
300,137,6,0
300,138,6,0
300,139,7,0
300,140,7,1
300,141,7,1
300,142,7,1
300,143,7,0
300,144,7,1
300,145,7,2
300,146,6,2
300,147,7,2
300,148,6,2
300,149,5,2
350,0,3,4
350,1,3,3
350,2,3,2
350,3,2,2
350,4,2,1
350,5,2,0
350,6,2,0
350,7,2,0
350,8,1,0
350,9,0,0
350,10,0,0
350,11,0,1
350,12,0,1
350,13,0,1
350,14,1,1
350,15,1,2
350,16,1,3
350,17,1,3
350,18,2,3
350,19,3,3
350,20,3,2
350,21,3,3
350,22,4,3
350,23,5,3
350,24,5,4
350,25,5,5
350,26,4,5
350,27,5,5
350,28,5,5
350,29,5,5
350,30,5,6
350,31,4,6
350,32,4,6
350,33,4,6
350,34,4,7
350,35,4,7
350,36,3,7
350,37,2,7
350,38,2,7
350,39,2,6
350,40,3,6
350,41,3,5
350,42,3,5
350,43,4,5
350,44,4,5
350,45,3,5
350,46,3,6
350,47,3,6
350,48,3,7
350,49,3,7
350,50,3,7
350,51,4,7
350,52,4,7
350,53,5,7
350,54,5,7
350,55,5,7
350,56,5,6
350,57,4,6
350,58,4,5
350,59,4,4
350,60,3,4
350,61,3,5
350,62,4,5
350,63,4,4
350,64,3,4
350,65,3,5
350,66,3,4
350,67,3,4
350,68,3,5
350,69,3,5
350,70,3,5
350,71,3,5
350,72,3,5
350,73,4,5
350,74,3,5
350,75,2,5
350,76,2,6
350,77,2,6
350,78,1,6
350,79,1,7
350,80,0,7
350,81,0,7
350,82,0,7
350,83,0,7
350,84,0,6
350,85,0,6
350,86,0,5
350,87,0,4
350,88,1,4
350,89,1,4
350,90,2,4
350,91,2,4
350,92,2,5
350,93,2,6
350,94,2,7
350,95,3,7
350,96,3,7
350,97,3,7
350,98,4,7
350,99,4,7
350,100,5,7
350,101,5,6
350,102,5,5
350,103,4,5
350,104,3,5
350,105,3,5
350,106,3,5
350,107,4,5
350,108,4,6
350,109,4,6
350,110,4,5
350,111,5,5
350,112,5,4
350,113,4,4
350,114,4,5
350,115,4,6
350,116,5,6
350,117,5,5
350,118,4,5
350,119,4,6
350,120,3,6
350,121,3,6
350,122,2,6
350,123,1,6
350,124,1,7
350,125,2,7
350,126,2,6
350,127,2,5
350,128,1,5
350,129,1,6
350,130,1,7
350,131,2,7
350,132,3,7
350,133,4,7
350,134,3,7
350,135,4,7
350,136,3,7
350,137,4,7
350,138,4,7
350,139,4,7
350,140,4,7
350,141,4,7
350,142,4,7
350,143,5,7
350,144,4,7
350,145,4,7
350,146,4,7
350,147,5,7
350,148,5,6
350,149,5,6
400,0,4,4
400,1,4,3
400,2,3,3
400,3,2,3
400,4,2,3
400,5,2,4
400,6,2,3
400,7,2,4
400,8,2,5
400,9,2,6
400,10,1,6
400,11,1,6
400,12,1,7
400,13,1,7
400,14,1,6
400,15,0,6
400,16,0,7
400,17,1,7
400,18,0,7
400,19,1,7
400,20,0,7
400,21,0,6
400,22,0,5
400,23,0,5
400,24,0,4
400,25,0,5
400,26,0,4
400,27,0,5
400,28,0,4
400,29,1,4
400,30,1,3
400,31,1,4
400,32,1,5
400,33,1,4
400,34,1,3
400,35,1,4
400,36,0,4
400,37,0,5
400,38,0,6
400,39,0,7
400,40,0,7
400,41,0,6
400,42,0,6
400,43,0,5
400,44,0,4
400,45,0,5
400,46,0,6
400,47,0,7
400,48,0,7
400,49,0,7
400,50,0,7
400,51,0,7
400,52,0,7
400,53,0,7
400,54,1,7
400,55,1,7
400,56,2,7
400,57,1,7
400,58,2,7
400,59,2,7
400,60,2,7
400,61,1,7
400,62,0,7
400,63,1,7
400,64,1,7
400,65,1,6
400,66,1,6
400,67,1,5
400,68,1,6
400,69,1,6
400,70,1,7
400,71,2,7
400,72,2,7
400,73,2,6
400,74,2,7
400,75,2,7
400,76,2,7
400,77,2,6
400,78,2,5
400,79,2,6
400,80,2,7
400,81,2,7
400,82,2,6
400,83,1,6
400,84,0,6
400,85,0,6
400,86,0,6
400,87,0,7
400,88,0,7
400,89,0,7
400,90,0,6
400,91,0,5
400,92,0,4
400,93,0,5
400,94,0,6
400,95,0,7
400,96,0,7
400,97,0,7
400,98,1,7
400,99,2,7
400,100,2,7
400,101,2,7
400,102,2,7
400,103,2,7
400,104,2,7
400,105,1,7
400,106,1,7
400,107,0,7
400,108,0,7
400,109,0,6
400,110,0,7
400,111,0,6
400,112,0,6
400,113,1,6
400,114,1,7
400,115,0,7
400,116,0,6
400,117,1,6
400,118,1,5
400,119,1,6
400,120,1,5
400,121,1,4
400,122,2,4
400,123,2,5
400,124,2,6
400,125,1,6
400,126,0,6
400,127,0,7
400,128,0,7
400,129,0,7
400,130,0,7
400,131,0,7
400,132,0,7
400,133,1,7
400,134,1,7
400,135,1,7
400,136,1,6
400,137,1,7
400,138,2,7
400,139,2,7
400,140,2,7
400,141,1,7
400,142,1,7
400,143,2,7
400,144,2,7
400,145,2,7
400,146,2,7
400,147,2,7
400,148,1,7
400,149,1,7
450,0,4,4
450,1,4,5
450,2,4,5
450,3,4,6
450,4,3,6
450,5,3,7
450,6,3,7
450,7,2,7
450,8,3,7
450,9,3,7
450,10,3,7
450,11,2,7
450,12,2,7
450,13,2,7
450,14,3,7
450,15,4,7
450,16,4,7
450,17,4,7
450,18,4,7
450,19,4,7
450,20,5,7
450,21,6,7
450,22,5,7
450,23,4,7
450,24,4,7
450,25,4,7
450,26,5,7
450,27,5,7
450,28,5,7
450,29,5,6
450,30,6,6
450,31,6,5
450,32,5,5
450,33,5,5
450,34,5,4
450,35,5,4
450,36,5,3
450,37,4,3
450,38,4,4
450,39,4,3
450,40,4,4
450,41,5,4
450,42,5,3
450,43,5,2
450,44,4,2
450,45,3,2
450,46,3,1
450,47,3,1
450,48,4,1
450,49,3,1
450,50,4,1
450,51,4,0
450,52,5,0
450,53,6,0
450,54,6,0
450,55,5,0
450,56,4,0
450,57,5,0
450,58,5,0
450,59,6,0
450,60,6,0
450,61,6,1
450,62,6,0
450,63,5,0
450,64,5,0
450,65,5,0
450,66,6,0
450,67,6,0
450,68,5,0
450,69,5,1
450,70,5,1
450,71,5,1
450,72,6,1
450,73,6,1
450,74,7,1
450,75,7,1
450,76,7,0
450,77,7,0
450,78,7,0
450,79,7,0
450,80,7,0
450,81,7,0
450,82,6,0
450,83,5,0
450,84,6,0
450,85,5,0
450,86,5,0
450,87,5,0
450,88,4,0
450,89,4,1
450,90,4,1
450,91,3,1
450,92,2,1
450,93,2,1
450,94,2,2
450,95,1,2
450,96,1,1
450,97,1,2
450,98,1,3
450,99,1,2
450,100,1,2
450,101,1,1
450,102,1,2
450,103,1,1
450,104,2,1
450,105,2,2
450,106,2,3
450,107,2,2
450,108,2,3
450,109,2,2
450,110,2,3
450,111,1,3
450,112,0,3
450,113,0,3
450,114,1,3
450,115,2,3
450,116,2,4
450,117,2,3
450,118,1,3
450,119,0,3
450,120,0,3
450,121,0,3
450,122,1,3
450,123,2,3
450,124,3,3
450,125,3,4
450,126,3,4
450,127,2,4
450,128,2,5
450,129,3,5
450,130,4,5
450,131,4,6
450,132,4,5
450,133,4,6
450,134,5,6
450,135,4,6
450,136,4,7
450,137,3,7
450,138,3,7
450,139,3,7
450,140,3,7
450,141,3,6
450,142,3,5
450,143,3,4
450,144,3,5
450,145,3,6
450,146,3,7
450,147,2,7
450,148,2,7
450,149,3,7
500,0,3,4
500,1,3,4
500,2,3,4
500,3,3,3
500,4,2,3
500,5,3,3
500,6,3,3
500,7,4,3
500,8,4,2
500,9,3,2
500,10,3,2
500,11,3,1
500,12,3,1
500,13,4,1
500,14,3,1
500,15,2,1
500,16,3,1
500,17,2,1
500,18,2,1
500,19,2,2
500,20,2,2
500,21,2,1
500,22,2,0
500,23,2,1
500,24,2,2
500,25,2,3
500,26,2,3
500,27,2,2
500,28,2,2
500,29,2,3
500,30,2,2
500,31,1,2
500,32,1,2
500,33,0,2
500,34,0,3
500,35,0,4
500,36,0,5
500,37,0,6
500,38,0,6
500,39,1,6
500,40,1,7
500,41,2,7
500,42,2,6
500,43,3,6
500,44,3,7
500,45,3,7
500,46,3,7
500,47,4,7
500,48,5,7
500,49,5,6
500,50,4,6
500,51,4,7
500,52,4,7
500,53,4,7
500,54,5,7
500,55,5,7
500,56,4,7
500,57,4,7
500,58,4,7
500,59,5,7
500,60,6,7
500,61,6,7
500,62,7,7
500,63,7,7
500,64,7,7
500,65,7,6
500,66,6,6
500,67,6,7
500,68,6,7
500,69,7,7
500,70,7,6
500,71,7,5
500,72,6,5
500,73,6,6
500,74,6,5
500,75,5,5
500,76,6,5
500,77,5,5
500,78,5,6
500,79,6,6
500,80,7,6
500,81,7,7
500,82,7,7
500,83,7,7
500,84,6,7
500,85,6,7
500,86,6,7
500,87,6,7
500,88,5,7
500,89,6,7
500,90,6,6
500,91,7,6
500,92,6,6
500,93,6,6
500,94,6,5
500,95,6,5
500,96,7,5
500,97,6,5
500,98,6,6
500,99,7,6
500,100,7,7
500,101,7,7
500,102,7,7
500,103,7,7
500,104,7,7
500,105,6,7
500,106,6,6
500,107,6,7
500,108,6,6
500,109,6,5
500,110,6,6
500,111,5,6
500,112,4,6
500,113,5,6
500,114,5,5
500,115,5,5
500,116,5,4
500,117,4,4
500,118,4,3
500,119,4,3
500,120,4,2
500,121,4,2
500,122,4,1
500,123,4,0
500,124,4,0
500,125,5,0
500,126,5,1
500,127,4,1
500,128,5,1
500,129,5,1
500,130,4,1
500,131,4,2
500,132,4,1
500,133,5,1
500,134,5,0
500,135,4,0
500,136,3,0
500,137,3,0
500,138,3,0
500,139,2,0
500,140,2,0
500,141,3,0
500,142,2,0
500,143,3,0
500,144,4,0
500,145,3,0
500,146,4,0
500,147,3,0
500,148,4,0
500,149,4,0
550,0,3,4
550,1,3,3
550,2,3,3
550,3,3,4
550,4,2,4
550,5,2,3
550,6,2,4
550,7,1,4
550,8,0,4
550,9,0,4
550,10,0,5
550,11,0,5
550,12,0,5
550,13,0,5
550,14,0,4
550,15,1,4
550,16,1,5
550,17,1,5
550,18,1,6
550,19,2,6
550,20,2,7
550,21,1,7
550,22,1,7
550,23,2,7
550,24,1,7
550,25,2,7
550,26,3,7
550,27,3,6
550,28,3,5
550,29,4,5
550,30,5,5
550,31,6,5
550,32,5,5
550,33,4,5
550,34,4,5
550,35,5,5
550,36,6,5
550,37,6,4
550,38,5,4
550,39,4,4
550,40,4,5
550,41,4,6
550,42,5,6
550,43,4,6
550,44,3,6
550,45,3,5
550,46,2,5
550,47,1,5
550,48,1,6
550,49,1,5
550,50,0,5
550,51,0,4
550,52,0,3
550,53,0,4
550,54,0,5
550,55,0,5
550,56,1,5
550,57,0,5
550,58,0,5
550,59,0,4
550,60,1,4
550,61,1,5
550,62,0,5
550,63,0,5
550,64,0,6
550,65,0,5
550,66,1,5
550,67,2,5
550,68,1,5
550,69,2,5
550,70,3,5
550,71,2,5
550,72,1,5
550,73,1,4
550,74,1,5
550,75,0,5
550,76,1,5
550,77,1,4
550,78,1,5
550,79,0,5
550,80,0,6
550,81,1,6
550,82,1,5
550,83,1,6
550,84,1,7
550,85,1,7
550,86,1,7
550,87,1,7
550,88,1,6
550,89,1,7
550,90,1,6
550,91,1,5
550,92,1,4
550,93,2,4
550,94,2,3
550,95,3,3
550,96,3,4
550,97,3,5
550,98,2,5
550,99,2,6
550,100,2,7
550,101,3,7
550,102,2,7
550,103,3,7
550,104,4,7
550,105,4,7
550,106,4,6
550,107,3,6
550,108,3,7
550,109,4,7
550,110,3,7
550,111,2,7
550,112,1,7
550,113,1,7
550,114,2,7
550,115,3,7
550,116,3,7
550,117,4,7
550,118,4,7
550,119,4,6
550,120,4,6
550,121,4,7
550,122,4,6
550,123,3,6
550,124,3,7
550,125,4,7
550,126,4,7
550,127,5,7
550,128,5,7
550,129,5,7
550,130,4,7
550,131,4,7
550,132,4,7
550,133,5,7
550,134,6,7
550,135,6,7
550,136,6,7
550,137,5,7
550,138,5,7
550,139,5,7
550,140,5,7
550,141,5,6
550,142,5,6
550,143,6,6
550,144,6,6
550,145,6,7
550,146,6,6
550,147,6,5
550,148,6,6
550,149,7,6
600,0,4,4
600,1,5,4
600,2,5,3
600,3,5,4
600,4,4,4
600,5,4,4
600,6,4,3
600,7,4,3
600,8,3,3
600,9,3,3
600,10,3,3
600,11,2,3
600,12,2,3
600,13,2,4
600,14,2,4
600,15,2,3
600,16,1,3
600,17,2,3
600,18,2,2
600,19,2,2
600,20,2,2
600,21,1,2
600,22,1,3
600,23,0,3
600,24,0,4
600,25,1,4
600,26,2,4
600,27,2,3
600,28,2,4
600,29,3,4
600,30,3,4
600,31,4,4
600,32,4,4
600,33,3,4
600,34,3,4
600,35,3,5
600,36,3,5
600,37,3,6
600,38,3,7
600,39,4,7
600,40,5,7
600,41,5,7
600,42,5,6
600,43,4,6
600,44,3,6
600,45,3,7
600,46,3,7
600,47,3,6
600,48,2,6
600,49,2,5
600,50,1,5
600,51,0,5
600,52,0,4
600,53,0,5
600,54,0,5
600,55,0,6
600,56,0,7
600,57,1,7
600,58,1,7
600,59,2,7
600,60,1,7
600,61,2,7
600,62,2,6
600,63,1,6
600,64,1,7
600,65,1,7
600,66,1,7
600,67,2,7
600,68,2,7
600,69,3,7
600,70,3,7
600,71,2,7
600,72,2,7
600,73,3,7
600,74,3,7
600,75,4,7
600,76,5,7
600,77,5,6
600,78,5,6
600,79,5,7
600,80,5,6
600,81,5,5
600,82,4,5
600,83,4,5
600,84,5,5
600,85,4,5
600,86,5,5
600,87,4,5
600,88,3,5
600,89,4,5
600,90,4,4
600,91,3,4
600,92,4,4
600,93,4,5
600,94,3,5
600,95,3,4
600,96,4,4
600,97,3,4
600,98,3,4
600,99,3,5
600,100,4,5
600,101,3,5
600,102,2,5
600,103,1,5
600,104,1,6
600,105,0,6
600,106,1,6
600,107,1,7
600,108,0,7
600,109,0,7
600,110,0,7
600,111,0,7
600,112,0,7
600,113,1,7
600,114,2,7
600,115,3,7
600,116,3,7
600,117,4,7
600,118,5,7
600,119,4,7
600,120,4,7
600,121,4,7
600,122,5,7
600,123,5,7
600,124,5,7
600,125,6,7
600,126,6,7
600,127,7,7
600,128,6,7
600,129,6,7
600,130,6,7
600,131,7,7
600,132,7,6
600,133,7,7
600,134,7,7
600,135,7,7
600,136,6,7
600,137,6,7
600,138,7,7
600,139,7,6
600,140,6,6
600,141,5,6
600,142,4,6
600,143,4,6
600,144,3,6
600,145,3,5
600,146,4,5
600,147,3,5
600,148,4,5
600,149,3,5
650,0,3,4
650,1,3,5
650,2,3,5
650,3,2,5
650,4,3,5
650,5,3,6
650,6,2,6
650,7,2,5
650,8,2,5
650,9,2,6
650,10,2,7
650,11,2,6
650,12,3,6
650,13,4,6
650,14,5,6
650,15,5,5
650,16,4,5
650,17,4,6
650,18,4,7
650,19,4,7
650,20,4,7
650,21,4,6
650,22,4,6
650,23,3,6
650,24,3,5
650,25,3,5
650,26,3,4
650,27,2,4
650,28,2,4
650,29,2,3
650,30,2,2
650,31,2,3
650,32,2,3
650,33,2,4
650,34,3,4
650,35,2,4
650,36,2,3
650,37,2,2
650,38,2,2
650,39,2,1
650,40,1,1
650,41,0,1
650,42,0,0
650,43,0,1
650,44,0,1
650,45,0,0
650,46,0,0
650,47,0,1
650,48,0,1
650,49,0,0
650,50,1,0
650,51,1,0
650,52,0,0
650,53,0,0
650,54,0,0
650,55,1,0
650,56,0,0
650,57,0,0
650,58,1,0
650,59,1,1
650,60,0,1
650,61,0,0
650,62,0,1
650,63,1,1
650,64,0,1
650,65,0,1
650,66,0,0
650,67,0,1
650,68,0,0
650,69,0,0
650,70,1,0
650,71,2,0
650,72,2,1
650,73,1,1
650,74,1,1
650,75,0,1
650,76,0,2
650,77,1,2
650,78,1,3
650,79,1,4
650,80,2,4
650,81,2,3
650,82,2,4
650,83,3,4
650,84,3,3
650,85,4,3
650,86,3,3
650,87,3,4
650,88,4,4
650,89,4,3
650,90,3,3
650,91,3,3
650,92,3,2
650,93,3,2
650,94,3,1
650,95,4,1
650,96,5,1
650,97,4,1
650,98,4,2
650,99,4,2
650,100,4,2
650,101,4,3
650,102,5,3
650,103,5,3
650,104,5,2
650,105,5,2
650,106,5,1
650,107,4,1
650,108,5,1
650,109,4,1
650,110,3,1
650,111,2,1
650,112,1,1
650,113,0,1
650,114,0,1
650,115,0,1
650,116,0,2
650,117,0,1
650,118,0,2
650,119,0,3
650,120,1,3
650,121,1,4
650,122,2,4
650,123,1,4
650,124,2,4
650,125,2,4
650,126,2,3
650,127,1,3
650,128,1,2
650,129,1,1
650,130,0,1
650,131,1,1
650,132,1,0
650,133,0,0
650,134,1,0
650,135,1,1
650,136,1,0
650,137,2,0
650,138,1,0
650,139,1,1
650,140,1,2
650,141,1,1
650,142,2,1
650,143,1,1
650,144,1,0
650,145,2,0
650,146,1,0
650,147,0,0
650,148,0,0
650,149,0,1
700,0,5,4
700,1,5,5
700,2,4,5
700,3,4,5
700,4,4,5
700,5,3,5
700,6,3,5
700,7,3,6
700,8,2,6
700,9,3,6
700,10,3,6
700,11,2,6
700,12,3,6
700,13,3,7
700,14,4,7
700,15,4,7
700,16,5,7
700,17,6,7
700,18,6,6
700,19,6,7
700,20,6,6
700,21,6,5
700,22,6,4
700,23,5,4
700,24,5,3
700,25,5,4
700,26,5,3
700,27,5,2
700,28,5,1
700,29,5,2
700,30,5,1
700,31,4,1
700,32,5,1
700,33,6,1
700,34,5,1
700,35,5,2
700,36,5,3
700,37,4,3
700,38,4,4
700,39,3,4
700,40,3,5
700,41,3,6
700,42,4,6
700,43,4,6
700,44,4,5
700,45,4,5
700,46,5,5
700,47,5,6
700,48,5,6
700,49,6,6
700,50,7,6
700,51,6,6
700,52,6,7
700,53,6,7
700,54,6,7
700,55,5,7
700,56,4,7
700,57,3,7
700,58,3,7
700,59,3,6
700,60,3,6
700,61,3,7
700,62,3,7
700,63,4,7
700,64,4,7
700,65,5,7
700,66,6,7
700,67,6,7
700,68,6,7
700,69,6,7
700,70,5,7
700,71,4,7
700,72,4,6
700,73,4,6
700,74,4,5
700,75,4,5
700,76,4,5
700,77,5,5
700,78,6,5
700,79,6,6
700,80,7,6
700,81,7,7
700,82,7,7
700,83,7,6
700,84,7,7
700,85,6,7
700,86,5,7
700,87,6,7
700,88,5,7
700,89,6,7
700,90,7,7
700,91,7,7
700,92,6,7
700,93,6,6
700,94,6,7
700,95,6,7
700,96,6,7
700,97,6,7
700,98,6,7
700,99,6,6
700,100,6,7
700,101,6,7
700,102,6,7
700,103,6,6
700,104,6,7
700,105,6,6
700,106,7,6
700,107,6,6
700,108,6,7
700,109,7,7
700,110,7,6
700,111,7,7
700,112,7,7
700,113,7,6
700,114,7,5
700,115,6,5
700,116,7,5
700,117,6,5
700,118,6,4
700,119,6,5
700,120,6,4
700,121,7,4
700,122,6,4
700,123,6,3
700,124,6,2
700,125,6,3
700,126,6,2
700,127,5,2
700,128,5,3
700,129,5,2
700,130,4,2
700,131,4,1
700,132,4,2
700,133,4,1
700,134,5,1
700,135,5,2
700,136,4,2
700,137,5,2
700,138,5,1
700,139,4,1
700,140,3,1
700,141,4,1
700,142,4,0
700,143,4,1
700,144,4,2
700,145,4,1
700,146,5,1
700,147,5,2
700,148,5,1
700,149,4,1
750,0,4,4
750,1,5,4
750,2,5,4
750,3,5,3
750,4,5,3
750,5,5,2
750,6,5,2
750,7,5,1
750,8,5,1
750,9,5,1
750,10,4,1
750,11,3,1
750,12,3,0
750,13,4,0
750,14,4,1
750,15,5,1
750,16,4,1
750,17,3,1
750,18,3,2
750,19,3,3
750,20,3,4
750,21,3,4
750,22,4,4
750,23,3,4
750,24,4,4
750,25,4,4
750,26,4,5
750,27,3,5
750,28,2,5
750,29,2,5
750,30,3,5
750,31,3,6
750,32,2,6
750,33,3,6
750,34,3,7
750,35,3,7
750,36,4,7
750,37,3,7
750,38,2,7
750,39,2,7
750,40,2,7
750,41,2,7
750,42,3,7
750,43,3,7
750,44,4,7
750,45,4,7
750,46,4,7
750,47,4,6
750,48,4,6
750,49,4,6
750,50,3,6
750,51,3,6
750,52,2,6
750,53,2,7
750,54,1,7
750,55,1,7
750,56,1,7
750,57,1,7
750,58,1,6
750,59,1,6
750,60,0,6
750,61,0,6
750,62,0,5
750,63,0,4
750,64,0,5
750,65,0,4
750,66,1,4
750,67,2,4
750,68,1,4
750,69,0,4
750,70,0,5
750,71,0,6
750,72,0,6
750,73,1,6
750,74,1,6
750,75,1,7
750,76,1,6
750,77,1,7
750,78,1,7
750,79,0,7
750,80,1,7
750,81,2,7
750,82,2,7
750,83,2,6
750,84,1,6
750,85,0,6
750,86,0,7
750,87,0,7
750,88,1,7
750,89,1,7
750,90,1,7
750,91,2,7
750,92,2,6
750,93,3,6
750,94,3,5
750,95,3,5
750,96,3,6
750,97,3,5
750,98,4,5
750,99,4,5
750,100,3,5
750,101,3,5
750,102,3,4
750,103,4,4
750,104,3,4
750,105,3,4
750,106,3,3
750,107,4,3
750,108,4,3
750,109,4,2
750,110,4,2
750,111,3,2
750,112,3,2
750,113,2,2
750,114,2,1
750,115,2,2
750,116,1,2
750,117,1,3
750,118,1,2
750,119,1,1
750,120,1,2
750,121,2,2
750,122,2,1
750,123,2,2
750,124,2,2
750,125,2,1
750,126,3,1
750,127,3,1
750,128,3,0
750,129,3,0
750,130,2,0
750,131,1,0
750,132,2,0
750,133,2,0
750,134,1,0
750,135,1,0
750,136,0,0
750,137,1,0
750,138,2,0
750,139,2,1
750,140,1,1
750,141,1,2
750,142,0,2
750,143,1,2
750,144,2,2
750,145,2,2
750,146,2,3
750,147,1,3
750,148,1,2
750,149,1,2
800,0,4,4
800,1,4,4
800,2,4,4
800,3,5,4
800,4,5,4
800,5,4,4
800,6,3,4
800,7,2,4
800,8,2,3
800,9,2,2
800,10,2,2
800,11,1,2
800,12,2,2
800,13,2,1
800,14,2,1
800,15,2,1
800,16,2,0
800,17,3,0
800,18,3,1
800,19,3,1
800,20,3,2
800,21,3,1
800,22,4,1
800,23,4,2
800,24,4,1
800,25,5,1
800,26,5,1
800,27,4,1
800,28,3,1
800,29,3,1
800,30,4,1
800,31,5,1
800,32,5,0
800,33,5,0
800,34,6,0
800,35,6,0
800,36,6,0
800,37,6,0
800,38,6,0
800,39,5,0
800,40,6,0
800,41,6,1
800,42,6,1
800,43,7,1
800,44,7,2
800,45,7,1
800,46,6,1
800,47,6,0
800,48,6,0
800,49,6,0
800,50,6,0
800,51,6,0
800,52,5,0
800,53,5,0
800,54,6,0
800,55,7,0
800,56,7,0
800,57,7,0
800,58,7,0
800,59,6,0
800,60,5,0
800,61,5,0
800,62,5,1
800,63,5,1
800,64,5,2
800,65,5,2
800,66,6,2
800,67,6,3
800,68,5,3
800,69,5,3
800,70,6,3
800,71,5,3
800,72,5,4
800,73,5,3
800,74,6,3
800,75,6,2
800,76,6,1
800,77,7,1
800,78,6,1
800,79,6,0
800,80,7,0
800,81,6,0
800,82,6,0
800,83,5,0
800,84,4,0
800,85,5,0
800,86,5,0
800,87,6,0
800,88,6,0
800,89,5,0
800,90,5,0
800,91,4,0
800,92,5,0
800,93,5,0
800,94,4,0
800,95,3,0
800,96,2,0
800,97,2,0
800,98,2,1
800,99,2,1
800,100,1,1
800,101,1,0
800,102,1,1
800,103,2,1
800,104,1,1
800,105,1,0
800,106,0,0
800,107,0,0
800,108,0,1
800,109,0,1
800,110,1,1
800,111,2,1
800,112,2,1
800,113,1,1
800,114,2,1
800,115,2,0
800,116,2,1
800,117,2,0
800,118,2,1
800,119,2,0
800,120,2,0
800,121,3,0
800,122,3,0
800,123,3,1
800,124,2,1
800,125,2,0
800,126,2,1
800,127,2,1
800,128,2,1
800,129,2,2
800,130,3,2
800,131,4,2
800,132,5,2
800,133,6,2
800,134,6,2
800,135,7,2
800,136,7,1
800,137,7,1
800,138,7,0
800,139,7,0
800,140,7,0
800,141,7,0
800,142,7,1
800,143,7,1
800,144,7,1
800,145,7,1
800,146,7,0
800,147,7,1
800,148,7,0
800,149,7,0
850,0,5,4
850,1,5,4
850,2,4,4
850,3,5,4
850,4,6,4
850,5,5,4
850,6,6,4
850,7,6,3
850,8,7,3
850,9,7,3
850,10,7,2
850,11,7,2
850,12,7,1
850,13,7,1
850,14,7,0
850,15,6,0
850,16,5,0
850,17,5,0
850,18,5,1
850,19,5,2
850,20,4,2
850,21,5,2
850,22,5,2
850,23,5,1
850,24,5,1
850,25,6,1
850,26,6,0
850,27,6,0
850,28,6,1
850,29,6,1
850,30,7,1
850,31,7,1
850,32,7,1
850,33,7,0
850,34,6,0
850,35,6,0
850,36,6,1
850,37,6,2
850,38,6,1
850,39,6,0
850,40,5,0
850,41,4,0
850,42,4,1
850,43,4,1
850,44,4,0
850,45,3,0
850,46,4,0
850,47,4,0
850,48,5,0
850,49,5,0
850,50,6,0
850,51,7,0
850,52,7,0
850,53,7,0
850,54,7,0
850,55,7,0
850,56,7,1
850,57,7,0
850,58,7,0
850,59,7,0
850,60,7,0
850,61,7,0
850,62,7,0
850,63,7,0
850,64,6,0
850,65,7,0
850,66,7,0
850,67,7,0
850,68,7,0
850,69,7,0
850,70,6,0
850,71,5,0
850,72,5,0
850,73,5,1
850,74,5,1
850,75,4,1
850,76,4,0
850,77,4,0
850,78,5,0
850,79,5,1
850,80,5,0
850,81,6,0
850,82,6,0
850,83,7,0
850,84,7,0
850,85,7,0
850,86,7,0
850,87,7,0
850,88,7,0
850,89,7,0
850,90,7,1
850,91,6,1
850,92,6,0
850,93,6,0
850,94,7,0
850,95,7,0
850,96,7,1
850,97,7,0
850,98,7,0
850,99,6,0
850,100,6,0
850,101,7,0
850,102,7,0
850,103,7,0
850,104,7,0
850,105,7,0
850,106,7,0
850,107,7,0
850,108,7,0
850,109,7,0
850,110,6,0
850,111,6,0
850,112,6,0
850,113,6,0
850,114,6,0
850,115,6,0
850,116,6,0
850,117,7,0
850,118,6,0
850,119,7,0
850,120,7,0
850,121,7,1
850,122,7,1
850,123,7,0
850,124,7,0
850,125,7,0
850,126,7,0
850,127,7,0
850,128,7,0
850,129,6,0
850,130,5,0
850,131,6,0
850,132,6,0
850,133,5,0
850,134,5,0
850,135,5,0
850,136,5,1
850,137,5,0
850,138,6,0
850,139,5,0
850,140,6,0
850,141,6,0
850,142,6,1
850,143,7,1
850,144,6,1
850,145,5,1
850,146,6,1
850,147,7,1
850,148,7,1
850,149,7,0
900,0,5,4
900,1,5,3
900,2,5,3
900,3,5,2
900,4,5,2
900,5,5,1
900,6,4,1
900,7,3,1
900,8,4,1
900,9,5,1
900,10,4,1
900,11,4,2
900,12,4,3
900,13,4,3
900,14,5,3
900,15,4,3
900,16,4,3
900,17,4,3
900,18,3,3
900,19,4,3
900,20,4,2
900,21,4,1
900,22,5,1
900,23,6,1
900,24,6,1
900,25,7,1
900,26,7,2
900,27,7,3
900,28,7,2
900,29,7,3
900,30,7,2
900,31,7,1
900,32,6,1
900,33,5,1
900,34,5,0
900,35,6,0
900,36,6,0
900,37,6,1
900,38,6,1
900,39,6,0
900,40,7,0
900,41,7,0
900,42,7,0
900,43,7,0
900,44,7,0
900,45,7,1
900,46,7,1
900,47,6,1
900,48,6,1
900,49,6,0
900,50,7,0
900,51,7,0
900,52,7,0
900,53,7,0
900,54,7,0
900,55,6,0
900,56,7,0
900,57,7,0
900,58,7,1
900,59,7,0
900,60,7,0
900,61,6,0
900,62,7,0
900,63,7,0
900,64,7,0
900,65,7,0
900,66,7,0
900,67,7,0
900,68,7,0
900,69,7,0
900,70,6,0
900,71,6,0
900,72,7,0
900,73,7,0
900,74,7,0
900,75,7,0
900,76,7,0
900,77,7,0
900,78,6,0
900,79,6,0
900,80,5,0
900,81,5,1
900,82,6,1
900,83,6,0
900,84,6,0
900,85,5,0
900,86,5,1
900,87,6,1
900,88,6,0
900,89,5,0
900,90,6,0
900,91,7,0
900,92,7,0
900,93,7,0
900,94,7,0
900,95,7,0
900,96,7,1
900,97,7,0
900,98,6,0
900,99,7,0
900,100,7,0
900,101,7,0
900,102,6,0
900,103,7,0
900,104,7,0
900,105,6,0
900,106,6,0
900,107,6,0
900,108,6,1
900,109,6,0
900,110,6,0
900,111,6,0
900,112,7,0
900,113,7,0
900,114,7,1
900,115,7,1
900,116,7,0
900,117,7,0
900,118,7,0
900,119,7,0
900,120,7,0
900,121,7,1
900,122,7,0
900,123,7,0
900,124,7,1
900,125,7,0
900,126,7,0
900,127,7,0
900,128,6,0
900,129,7,0
900,130,6,0
900,131,7,0
900,132,6,0
900,133,7,0
900,134,7,0
900,135,6,0
900,136,7,0
900,137,7,0
900,138,7,1
900,139,7,0
900,140,7,0
900,141,7,1
900,142,7,0
900,143,7,0
900,144,7,1
900,145,6,1
900,146,5,1
900,147,5,0
900,148,6,0
900,149,5,0
950,0,5,4
950,1,5,5
950,2,5,4
950,3,5,3
950,4,5,4
950,5,5,5
950,6,5,6
950,7,5,5
950,8,4,5
950,9,5,5
950,10,5,6
950,11,5,6
950,12,6,6
950,13,7,6
950,14,7,5
950,15,7,4
950,16,7,4
950,17,7,3
950,18,7,3
950,19,7,3
950,20,7,2
950,21,7,1
950,22,7,1
950,23,7,0
950,24,7,0
950,25,7,0
950,26,7,0
950,27,7,0
950,28,7,0
950,29,7,0
950,30,7,0
950,31,7,1
950,32,7,1
950,33,7,1
950,34,7,0
950,35,7,0
950,36,7,0
950,37,7,0
950,38,7,0
950,39,7,0
950,40,7,1
950,41,7,1
950,42,6,1
950,43,7,1
950,44,6,1
950,45,6,0
950,46,6,0
950,47,6,0
950,48,7,0
950,49,7,1
950,50,7,0
950,51,7,0
950,52,7,1
950,53,7,0
950,54,7,1
950,55,7,0
950,56,7,0
950,57,7,0
950,58,7,0
950,59,7,0
950,60,6,0
950,61,7,0
950,62,7,0
950,63,7,0
950,64,7,0
950,65,6,0
950,66,5,0
950,67,5,0
950,68,6,0
950,69,6,0
950,70,7,0
950,71,7,1
950,72,7,0
950,73,6,0
950,74,6,0
950,75,7,0
950,76,7,0
950,77,7,0
950,78,7,0
950,79,6,0
950,80,5,0
950,81,5,0
950,82,5,0
950,83,6,0
950,84,6,0
950,85,7,0
950,86,7,0
950,87,7,0
950,88,7,0
950,89,7,0
950,90,7,0
950,91,7,0
950,92,7,0
950,93,7,0
950,94,7,0
950,95,6,0
950,96,7,0
950,97,6,0
950,98,5,0
950,99,5,0
950,100,5,0
950,101,5,0
950,102,4,0
950,103,4,1
950,104,4,2
950,105,4,3
950,106,4,4
950,107,4,3
950,108,4,2
950,109,4,3
950,110,5,3
950,111,6,3
950,112,5,3
950,113,5,4
950,114,4,4
950,115,5,4
950,116,5,3
950,117,5,2
950,118,5,1
950,119,5,0
950,120,5,0
950,121,4,0
950,122,5,0
950,123,5,0
950,124,5,1
950,125,6,1
950,126,7,1
950,127,7,0
950,128,7,0
950,129,7,0
950,130,7,0
950,131,7,0
950,132,7,0
950,133,6,0
950,134,7,0
950,135,6,0
950,136,7,0
950,137,7,0
950,138,7,1
950,139,7,2
950,140,6,2
950,141,6,1
950,142,5,1
950,143,5,0
950,144,5,0
950,145,6,0
950,146,6,0
950,147,6,0
950,148,7,0
950,149,7,0
1000,0,4,5
1000,1,3,5
1000,2,4,5
1000,3,5,5
1000,4,5,5
1000,5,6,5
1000,6,7,5
1000,7,7,4
1000,8,7,5
1000,9,7,4
1000,10,7,4
1000,11,7,3
1000,12,7,2
1000,13,7,1
1000,14,6,1
1000,15,6,0
1000,16,5,0
1000,17,4,0
1000,18,4,0
1000,19,4,0
1000,20,4,1
1000,21,4,0
1000,22,3,0
1000,23,3,0
1000,24,3,0
1000,25,3,1
1000,26,4,1
1000,27,4,0
1000,28,3,0
1000,29,3,0
1000,30,3,0
1000,31,3,0
1000,32,3,1
1000,33,3,0
1000,34,3,1
1000,35,3,2
1000,36,3,3
1000,37,4,3
1000,38,5,3
1000,39,6,3
1000,40,6,2
1000,41,7,2
1000,42,7,2
1000,43,7,3
1000,44,7,2
1000,45,7,1
1000,46,7,0
1000,47,7,1
1000,48,6,1
1000,49,6,0
1000,50,7,0
1000,51,6,0
1000,52,7,0
1000,53,7,0
1000,54,7,0
1000,55,7,1
1000,56,7,1
1000,57,7,0
1000,58,7,1
1000,59,7,0
1000,60,7,1
1000,61,7,1
1000,62,7,2
1000,63,7,2
1000,64,7,1
1000,65,7,0
1000,66,7,1
1000,67,7,0
1000,68,6,0
1000,69,5,0
1000,70,5,0
1000,71,5,0
1000,72,4,0
1000,73,4,1
1000,74,3,1
1000,75,3,2
1000,76,3,3
1000,77,3,3
1000,78,4,3
1000,79,5,3
1000,80,5,3
1000,81,6,3
1000,82,6,2
1000,83,5,2
1000,84,5,1
1000,85,5,0
1000,86,5,1
1000,87,4,1
1000,88,3,1
1000,89,3,0
1000,90,3,0
1000,91,3,1
1000,92,3,0
1000,93,3,0
1000,94,2,0
1000,95,3,0
1000,96,3,0
1000,97,4,0
1000,98,4,0
1000,99,5,0
1000,100,5,0
1000,101,4,0
1000,102,4,0
1000,103,3,0
1000,104,4,0
1000,105,4,1
1000,106,4,2
1000,107,4,3
1000,108,4,4
1000,109,5,4
1000,110,5,3
1000,111,5,2
1000,112,5,1
1000,113,4,1
1000,114,5,1
1000,115,5,2
1000,116,6,2
1000,117,6,2
1000,118,6,1
1000,119,6,1
1000,120,5,1
1000,121,4,1
1000,122,5,1
1000,123,4,1
1000,124,3,1
1000,125,3,2
1000,126,3,1
1000,127,4,1
1000,128,3,1
1000,129,2,1
1000,130,2,0
1000,131,2,0
1000,132,2,1
1000,133,1,1
1000,134,1,1
1000,135,0,1
1000,136,0,2
1000,137,0,3
1000,138,1,3
1000,139,1,3
1000,140,0,3
1000,141,0,3
1000,142,1,3
1000,143,0,3
1000,144,0,4
1000,145,0,5
1000,146,0,6
1000,147,0,7
1000,148,1,7
1000,149,1,7
1050,0,4,5
1050,1,4,5
1050,2,4,5
1050,3,4,5
1050,4,4,5
1050,5,3,5
1050,6,3,5
1050,7,3,5
1050,8,3,6
1050,9,3,5
1050,10,2,5
1050,11,2,5
1050,12,2,5
1050,13,2,5
1050,14,2,6
1050,15,2,6
1050,16,2,5
1050,17,2,6
1050,18,1,6
1050,19,0,6
1050,20,0,6
1050,21,0,7
1050,22,0,7
1050,23,0,7
1050,24,0,7
1050,25,0,7
1050,26,0,7
1050,27,0,7
1050,28,0,6
1050,29,0,5
1050,30,0,6
1050,31,1,6
1050,32,1,5
1050,33,1,5
1050,34,0,5
1050,35,0,6
1050,36,0,5
1050,37,1,5
1050,38,0,5
1050,39,0,6
1050,40,0,5
1050,41,0,5
1050,42,0,6
1050,43,1,6
1050,44,1,6
1050,45,1,5
1050,46,1,4
1050,47,1,4
1050,48,1,4
1050,49,1,5
1050,50,1,4
1050,51,1,5
1050,52,0,5
1050,53,0,4
1050,54,0,3
1050,55,0,4
1050,56,0,5
1050,57,0,6
1050,58,0,5
1050,59,0,4
1050,60,0,5
1050,61,0,5
1050,62,0,4
1050,63,1,4
1050,64,1,5
1050,65,2,5
1050,66,1,5
1050,67,0,5
1050,68,0,6
1050,69,1,6
1050,70,1,5
1050,71,1,4
1050,72,0,4
1050,73,0,5
1050,74,0,4
1050,75,0,3
1050,76,0,4
1050,77,0,5
1050,78,0,4
1050,79,1,4
1050,80,1,3
1050,81,1,3
1050,82,2,3
1050,83,2,3
1050,84,2,3
1050,85,1,3
1050,86,1,2
1050,87,1,3
1050,88,1,4
1050,89,0,4
1050,90,0,5
1050,91,0,6
1050,92,0,6
1050,93,1,6
1050,94,0,6
1050,95,0,7
1050,96,1,7
1050,97,1,7
1050,98,1,7
1050,99,1,6
1050,100,1,6
1050,101,2,6
1050,102,2,5
1050,103,2,6
1050,104,2,6
1050,105,1,6
1050,106,1,5
1050,107,1,4
1050,108,2,4
1050,109,2,4
1050,110,2,5
1050,111,2,5
1050,112,3,5
1050,113,3,5
1050,114,3,4
1050,115,3,4
1050,116,3,5
1050,117,3,6
1050,118,3,6
1050,119,3,6
1050,120,3,5
1050,121,3,5
1050,122,3,4
1050,123,3,3
1050,124,2,3
1050,125,3,3
1050,126,3,2
1050,127,3,2
1050,128,3,2
1050,129,4,2
1050,130,4,1
1050,131,3,1
1050,132,3,2
1050,133,3,3
1050,134,2,3
1050,135,2,2
1050,136,2,3
1050,137,1,3
1050,138,1,2
1050,139,1,1
1050,140,1,0
1050,141,1,1
1050,142,1,0
1050,143,1,1
1050,144,2,1
1050,145,2,0
1050,146,2,0
1050,147,2,1
1050,148,1,1
1050,149,1,1
1100,0,4,4
1100,1,5,4
1100,2,5,4
1100,3,5,3
1100,4,4,3
1100,5,4,3
1100,6,3,3
1100,7,3,2
1100,8,3,1
1100,9,3,2
1100,10,3,1
1100,11,2,1
1100,12,2,1
1100,13,1,1
1100,14,0,1
1100,15,0,1
1100,16,0,1
1100,17,0,1
1100,18,0,1
1100,19,0,2
1100,20,1,2
1100,21,2,2
1100,22,2,2
1100,23,2,3
1100,24,2,2
1100,25,1,2
1100,26,0,2
1100,27,0,2
1100,28,1,2
1100,29,0,2
1100,30,1,2
1100,31,1,2
1100,32,1,2
1100,33,2,2
1100,34,2,3
1100,35,2,3
1100,36,2,4
1100,37,2,5
1100,38,2,6
1100,39,1,6
1100,40,1,7
1100,41,1,7
1100,42,1,6
1100,43,2,6
1100,44,2,5
1100,45,3,5
1100,46,3,6
1100,47,3,7
1100,48,3,6
1100,49,3,5
1100,50,4,5
1100,51,4,5
1100,52,4,5
1100,53,4,4
1100,54,5,4
1100,55,6,4
1100,56,6,5
1100,57,6,4
1100,58,6,3
1100,59,6,2
1100,60,6,1
1100,61,7,1
1100,62,7,1
1100,63,7,1
1100,64,7,0
1100,65,7,0
1100,66,7,0
1100,67,6,0
1100,68,5,0
1100,69,4,0
1100,70,4,0
1100,71,4,0
1100,72,5,0
1100,73,6,0
1100,74,7,0
1100,75,7,1
1100,76,7,1
1100,77,7,0
1100,78,7,1
1100,79,7,0
1100,80,7,0
1100,81,6,0
1100,82,7,0
1100,83,7,0
1100,84,7,0
1100,85,7,0
1100,86,7,0
1100,87,7,0
1100,88,7,0
1100,89,7,1
1100,90,6,1
1100,91,5,1
1100,92,5,0
1100,93,4,0
1100,94,4,0
1100,95,3,0
1100,96,2,0
1100,97,1,0
1100,98,0,0
1100,99,0,1
1100,100,0,0
1100,101,0,0
1100,102,0,0
1100,103,0,0
1100,104,1,0
1100,105,2,0
1100,106,2,0
1100,107,2,0
1100,108,2,0
1100,109,1,0
1100,110,1,1
1100,111,0,1
1100,112,1,1
1100,113,1,2
1100,114,2,2
1100,115,3,2
1100,116,4,2
1100,117,4,1
1100,118,5,1
1100,119,5,0
1100,120,5,1
1100,121,6,1
1100,122,6,0
1100,123,5,0
1100,124,6,0
1100,125,6,0
1100,126,5,0
1100,127,6,0
1100,128,6,0
1100,129,7,0
1100,130,6,0
1100,131,6,1
1100,132,5,1
1100,133,6,1
1100,134,5,1
1100,135,5,2
1100,136,5,1
1100,137,4,1
1100,138,4,2
1100,139,4,2
1100,140,3,2
1100,141,3,2
1100,142,3,2
1100,143,4,2
1100,144,4,1
1100,145,4,0
1100,146,3,0
1100,147,3,0
1100,148,2,0
1100,149,1,0
1150,0,4,5
1150,1,4,4
1150,2,5,4
1150,3,6,4
1150,4,6,3
1150,5,6,3
1150,6,6,4
1150,7,7,4
1150,8,7,4
1150,9,7,4
1150,10,7,4
1150,11,7,5
1150,12,7,5
1150,13,7,5
1150,14,7,5
1150,15,7,6
1150,16,7,7
1150,17,7,7
1150,18,7,6
1150,19,7,5
1150,20,7,4
1150,21,7,5
1150,22,7,6
1150,23,7,7
1150,24,7,7
1150,25,7,7
1150,26,7,6
1150,27,6,6
1150,28,7,6
1150,29,7,7
1150,30,6,7
1150,31,7,7
1150,32,7,7
1150,33,7,6
1150,34,7,5
1150,35,7,6
1150,36,7,5
1150,37,7,5
1150,38,7,6
1150,39,6,6
1150,40,6,5
1150,41,5,5
1150,42,5,6
1150,43,5,7
1150,44,6,7
1150,45,6,7
1150,46,7,7
1150,47,7,7
1150,48,7,6
1150,49,7,7
1150,50,7,6
1150,51,7,7
1150,52,7,7
1150,53,6,7
1150,54,6,6
1150,55,7,6
1150,56,7,6
1150,57,7,6
1150,58,7,5
1150,59,6,5
1150,60,6,6
1150,61,6,5
1150,62,6,5
1150,63,7,5
1150,64,7,4
1150,65,7,5
1150,66,7,4
1150,67,7,4
1150,68,7,3
1150,69,7,2
1150,70,7,1
1150,71,7,0
1150,72,7,0
1150,73,7,0
1150,74,7,0
1150,75,7,1
1150,76,7,2
1150,77,7,2
1150,78,7,2
1150,79,7,2
1150,80,7,2
1150,81,7,2
1150,82,7,3
1150,83,7,2
1150,84,7,2
1150,85,7,2
1150,86,7,1
1150,87,7,1
1150,88,7,0
1150,89,6,0
1150,90,7,0
1150,91,7,1
1150,92,7,1
1150,93,6,1
1150,94,6,1
1150,95,6,1
1150,96,6,0
1150,97,6,0
1150,98,6,0
1150,99,6,1
1150,100,6,2
1150,101,6,1
1150,102,6,0
1150,103,5,0
1150,104,4,0
1150,105,4,1
1150,106,3,1
1150,107,3,1
1150,108,3,0
1150,109,2,0
1150,110,2,0
1150,111,2,1
1150,112,2,2
1150,113,2,1
1150,114,2,2
1150,115,2,2
1150,116,2,3
1150,117,3,3
1150,118,3,3
1150,119,3,3
1150,120,3,2
1150,121,3,3
1150,122,4,3
1150,123,4,4
1150,124,5,4
1150,125,5,3
1150,126,6,3
1150,127,7,3
1150,128,7,2
1150,129,7,2
1150,130,7,3
1150,131,7,2
1150,132,7,2
1150,133,7,1
1150,134,7,0
1150,135,7,0
1150,136,7,0
1150,137,7,0
1150,138,7,1
1150,139,7,0
1150,140,7,0
1150,141,7,0
1150,142,7,0
1150,143,7,0
1150,144,6,0
1150,145,6,0
1150,146,6,0
1150,147,6,0
1150,148,7,0
1150,149,7,1
1200,0,5,4
1200,1,6,4
1200,2,6,3
1200,3,6,2
1200,4,6,3
1200,5,6,4
1200,6,5,4
1200,7,6,4
1200,8,7,4
1200,9,7,4
1200,10,6,4
1200,11,7,4
1200,12,7,4
1200,13,7,3
1200,14,6,3
1200,15,6,4
1200,16,6,4
1200,17,6,5
1200,18,6,6
1200,19,6,6
1200,20,6,7
1200,21,6,7
1200,22,6,7
1200,23,6,6
1200,24,6,5
1200,25,6,5
1200,26,6,5
1200,27,6,4
1200,28,7,4
1200,29,7,5
1200,30,7,5
1200,31,7,5
1200,32,7,6
1200,33,7,6
1200,34,6,6
1200,35,6,6
1200,36,6,7
1200,37,6,7
1200,38,5,7
1200,39,4,7
1200,40,5,7
1200,41,5,7
1200,42,5,6
1200,43,5,6
1200,44,5,5
1200,45,5,5
1200,46,5,5
1200,47,5,6
1200,48,6,6
1200,49,6,7
1200,50,6,6
1200,51,6,5
1200,52,5,5
1200,53,5,6
1200,54,5,6
1200,55,5,7
1200,56,5,6
1200,57,4,6
1200,58,4,5
1200,59,4,5
1200,60,5,5
1200,61,6,5
1200,62,6,6
1200,63,6,7
1200,64,6,7
1200,65,6,7
1200,66,6,7
1200,67,6,6
1200,68,6,7
1200,69,7,7
1200,70,7,7
1200,71,7,6
1200,72,7,7
1200,73,7,6
1200,74,7,7
1200,75,7,7
1200,76,7,7
1200,77,7,7
1200,78,7,7
1200,79,7,7
1200,80,7,7
1200,81,7,7
1200,82,7,6
1200,83,7,7
1200,84,6,7
1200,85,6,7
1200,86,6,6
1200,87,6,7
1200,88,6,7
1200,89,6,6
1200,90,6,7
1200,91,6,6
1200,92,6,5
1200,93,7,5
1200,94,7,5
1200,95,7,5
1200,96,7,6
1200,97,7,7
1200,98,7,6
1200,99,7,6
1200,100,7,6
1200,101,7,7
1200,102,7,7
1200,103,7,7
1200,104,7,7
1200,105,7,6
1200,106,7,7
1200,107,6,7
1200,108,6,7
1200,109,6,7
1200,110,6,6
1200,111,6,5
1200,112,6,4
1200,113,6,5
1200,114,6,4
1200,115,6,5
1200,116,5,5
1200,117,5,4
1200,118,6,4
1200,119,6,3
1200,120,7,3
1200,121,7,3
1200,122,7,3
1200,123,7,4
1200,124,7,5
1200,125,7,4
1200,126,7,3
1200,127,7,3
1200,128,7,2
1200,129,7,1
1200,130,6,1
1200,131,7,1
1200,132,7,2
1200,133,7,2
1200,134,7,1
1200,135,7,2
1200,136,7,1
1200,137,7,1
1200,138,7,0
1200,139,7,0
1200,140,7,0
1200,141,7,0
1200,142,7,1
1200,143,7,1
1200,144,7,1
1200,145,7,1
1200,146,6,1
1200,147,5,1
1200,148,6,1
1200,149,6,0
1250,0,5,4
1250,1,5,4
1250,2,6,4
1250,3,6,4
1250,4,6,4
1250,5,6,5
1250,6,5,5
1250,7,5,5
1250,8,4,5
1250,9,3,5
1250,10,3,4
1250,11,3,5
1250,12,3,6
1250,13,3,6
1250,14,2,6
1250,15,3,6
1250,16,3,5
1250,17,3,5
1250,18,3,5
1250,19,2,5
1250,20,3,5
1250,21,3,4
1250,22,3,4
1250,23,3,4
1250,24,3,3
1250,25,3,4
1250,26,4,4
1250,27,3,4
1250,28,3,5
1250,29,3,5
1250,30,4,5
1250,31,4,4
1250,32,5,4
1250,33,5,5
1250,34,4,5
1250,35,3,5
1250,36,4,5
1250,37,4,6
1250,38,4,6
1250,39,5,6
1250,40,5,6
1250,41,5,5
1250,42,5,6
1250,43,5,5
1250,44,4,5
1250,45,4,5
1250,46,4,5
1250,47,4,6
1250,48,4,5
1250,49,5,5
1250,50,5,4
1250,51,5,5
1250,52,6,5
1250,53,5,5
1250,54,5,6
1250,55,5,5
1250,56,5,4
1250,57,5,3
1250,58,4,3
1250,59,3,3
1250,60,3,3
1250,61,4,3
1250,62,4,4
1250,63,4,3
1250,64,4,4
1250,65,4,5
1250,66,4,6
1250,67,4,7
1250,68,4,6
1250,69,4,7
1250,70,4,7
1250,71,4,7
1250,72,4,6
1250,73,4,6
1250,74,4,7
1250,75,4,6
1250,76,4,6
1250,77,5,6
1250,78,5,5
1250,79,5,4
1250,80,4,4
1250,81,5,4
1250,82,6,4
1250,83,7,4
1250,84,7,4
1250,85,7,4
1250,86,7,5
1250,87,6,5
1250,88,6,4
1250,89,6,4
1250,90,6,4
1250,91,6,3
1250,92,6,2
1250,93,6,2
1250,94,6,2
1250,95,5,2
1250,96,5,1
1250,97,5,1
1250,98,5,2
1250,99,4,2
1250,100,4,3
1250,101,4,3
1250,102,5,3
1250,103,5,4
1250,104,5,5
1250,105,5,5
1250,106,5,4
1250,107,4,4
1250,108,4,5
1250,109,4,5
1250,110,4,5
1250,111,3,5
1250,112,2,5
1250,113,2,6
1250,114,2,7
1250,115,3,7
1250,116,2,7
1250,117,2,6
1250,118,2,7
1250,119,1,7
1250,120,1,6
1250,121,2,6
1250,122,2,7
1250,123,2,7
1250,124,2,7
1250,125,3,7
1250,126,4,7
1250,127,3,7
1250,128,2,7
1250,129,2,7
1250,130,2,6
1250,131,3,6
1250,132,4,6
1250,133,3,6
1250,134,3,7
1250,135,3,7
1250,136,4,7
1250,137,5,7
1250,138,5,6
1250,139,6,6
1250,140,6,5
1250,141,7,5
1250,142,7,6
1250,143,7,7
1250,144,6,7
1250,145,7,7
1250,146,6,7
1250,147,6,6
1250,148,7,6
1250,149,7,7
1300,0,3,4
1300,1,2,4
1300,2,2,4
1300,3,3,4
1300,4,3,4
1300,5,3,5
1300,6,3,5
1300,7,4,5
1300,8,5,5
1300,9,5,4
1300,10,5,4
1300,11,5,4
1300,12,5,5
1300,13,5,5
1300,14,5,5
1300,15,5,4
1300,16,5,3
1300,17,5,4
1300,18,5,5
1300,19,6,5
1300,20,5,5
1300,21,5,6
1300,22,5,7
1300,23,5,6
1300,24,5,6
1300,25,5,7
1300,26,5,6
1300,27,5,6
1300,28,5,5
1300,29,6,5
1300,30,6,4
1300,31,7,4
1300,32,7,4
1300,33,6,4
1300,34,6,3
1300,35,5,3
1300,36,5,3
1300,37,5,3
1300,38,5,2
1300,39,5,1
1300,40,5,2
1300,41,5,1
1300,42,4,1
1300,43,4,1
1300,44,3,1
1300,45,3,2
1300,46,3,2
1300,47,4,2
1300,48,3,2
1300,49,3,1
1300,50,3,1
1300,51,3,1
1300,52,2,1
1300,53,3,1
1300,54,2,1
1300,55,1,1
1300,56,1,2
1300,57,0,2
1300,58,0,2
1300,59,0,2
1300,60,0,2
1300,61,1,2
1300,62,1,2
1300,63,0,2
1300,64,0,3
1300,65,0,3
1300,66,1,3
1300,67,2,3
1300,68,1,3
1300,69,2,3
1300,70,1,3
1300,71,1,4
1300,72,2,4
1300,73,1,4
1300,74,1,5
1300,75,2,5
1300,76,2,5
1300,77,2,5
1300,78,2,5
1300,79,2,6
1300,80,3,6
1300,81,3,6
1300,82,4,6
1300,83,4,6
1300,84,5,6
1300,85,5,5
1300,86,6,5
1300,87,5,5
1300,88,6,5
1300,89,5,5
1300,90,6,5
1300,91,6,6
1300,92,7,6
1300,93,7,5
1300,94,6,5
1300,95,6,4
1300,96,6,5
1300,97,6,6
1300,98,6,7
1300,99,5,7
1300,100,6,7
1300,101,6,6
1300,102,6,5
1300,103,6,6
1300,104,5,6
1300,105,4,6
1300,106,4,7
1300,107,4,7
1300,108,5,7
1300,109,5,7
1300,110,5,6
1300,111,6,6
1300,112,7,6
1300,113,6,6
1300,114,5,6
1300,115,4,6
1300,116,3,6
1300,117,3,5
1300,118,3,5
1300,119,4,5
1300,120,5,5
1300,121,4,5
1300,122,4,4
1300,123,4,3
1300,124,4,3
1300,125,5,3
1300,126,6,3
1300,127,7,3
1300,128,7,3
1300,129,7,4
1300,130,7,5
1300,131,7,6
1300,132,7,6
1300,133,7,7
1300,134,7,7
1300,135,6,7
1300,136,7,7
1300,137,6,7
1300,138,7,7
1300,139,7,6
1300,140,7,7
1300,141,6,7
1300,142,6,6
1300,143,6,5
1300,144,6,4
1300,145,6,5
1300,146,6,4
1300,147,6,3
1300,148,6,2
1300,149,5,2
1350,0,4,5
1350,1,5,5
1350,2,4,5
1350,3,3,5
1350,4,3,5
1350,5,2,5
1350,6,2,5
1350,7,2,5
1350,8,2,4
1350,9,2,5
1350,10,2,6
1350,11,2,6
1350,12,2,7
1350,13,2,6
1350,14,2,7
1350,15,3,7
1350,16,4,7
1350,17,5,7
1350,18,6,7
1350,19,6,7
1350,20,7,7
1350,21,6,7
1350,22,5,7
1350,23,6,7
1350,24,5,7
1350,25,4,7
1350,26,5,7
1350,27,4,7
1350,28,5,7
1350,29,6,7
1350,30,5,7
1350,31,5,7
1350,32,6,7
1350,33,5,7
1350,34,6,7
1350,35,7,7
1350,36,6,7
1350,37,6,7
1350,38,5,7
1350,39,6,7
1350,40,7,7
1350,41,7,6
1350,42,6,6
1350,43,6,7
1350,44,5,7
1350,45,4,7
1350,46,5,7
1350,47,4,7
1350,48,4,7
1350,49,4,7
1350,50,5,7
1350,51,5,7
1350,52,6,7
1350,53,6,7
1350,54,5,7
1350,55,6,7
1350,56,6,6
1350,57,6,5
1350,58,5,5
1350,59,5,6
1350,60,5,5
1350,61,5,6
1350,62,5,6
1350,63,5,5
1350,64,5,4
1350,65,4,4
1350,66,3,4
1350,67,2,4
1350,68,2,3
1350,69,2,3
1350,70,2,4
1350,71,2,5
1350,72,2,5
1350,73,2,5
1350,74,3,5
1350,75,2,5
1350,76,2,6
1350,77,2,6
1350,78,3,6
1350,79,3,6
1350,80,3,5
1350,81,3,4
1350,82,2,4
1350,83,1,4
1350,84,1,5
1350,85,0,5
1350,86,0,4
1350,87,1,4
1350,88,1,3
1350,89,1,3
1350,90,2,3
1350,91,2,4
1350,92,2,5
1350,93,2,6
1350,94,2,6
1350,95,2,7
1350,96,2,7
1350,97,3,7
1350,98,3,7
1350,99,4,7
1350,100,3,7
1350,101,2,7
1350,102,2,7
1350,103,2,7
1350,104,2,7
1350,105,2,7
1350,106,1,7
1350,107,0,7
1350,108,0,7
1350,109,1,7
1350,110,2,7
1350,111,3,7
1350,112,4,7
1350,113,5,7
1350,114,5,6
1350,115,5,7
1350,116,5,6
1350,117,6,6
1350,118,7,6
1350,119,7,7
1350,120,6,7
1350,121,5,7
1350,122,6,7
1350,123,6,6
1350,124,6,5
1350,125,6,4
1350,126,5,4
1350,127,5,5
1350,128,5,6
1350,129,5,7
1350,130,6,7
1350,131,7,7
1350,132,6,7
1350,133,5,7
1350,134,6,7
1350,135,6,6
1350,136,5,6
1350,137,6,6
1350,138,7,6
1350,139,7,7
1350,140,7,6
1350,141,7,7
1350,142,7,7
1350,143,6,7
1350,144,6,6
1350,145,7,6
1350,146,7,7
1350,147,7,6
1350,148,7,5
1350,149,7,4
1400,0,4,4
1400,1,4,3
1400,2,3,3
1400,3,3,3
1400,4,3,4
1400,5,4,4
1400,6,3,4
1400,7,3,5
1400,8,3,5
1400,9,3,6
1400,10,2,6
1400,11,2,7
1400,12,2,7
1400,13,2,7
1400,14,2,7
1400,15,2,7
1400,16,3,7
1400,17,3,7
1400,18,4,7
1400,19,4,7
1400,20,4,7
1400,21,4,6
1400,22,4,6
1400,23,3,6
1400,24,3,5
1400,25,3,6
1400,26,3,6
1400,27,3,6
1400,28,3,6
1400,29,3,7
1400,30,3,7
1400,31,3,6
1400,32,3,5
1400,33,3,5
1400,34,2,5
1400,35,2,4
1400,36,1,4
1400,37,0,4
1400,38,0,5
1400,39,0,6
1400,40,1,6
1400,41,1,6
1400,42,2,6
1400,43,2,5
1400,44,3,5
1400,45,2,5
1400,46,2,4
1400,47,2,5
1400,48,3,5
1400,49,3,6
1400,50,2,6
1400,51,2,7
1400,52,1,7
1400,53,2,7
1400,54,3,7
1400,55,2,7
1400,56,2,6
1400,57,2,5
1400,58,1,5
1400,59,1,6
1400,60,1,5
1400,61,1,5
1400,62,1,5
1400,63,2,5
1400,64,3,5
1400,65,2,5
1400,66,3,5
1400,67,4,5
1400,68,3,5
1400,69,4,5
1400,70,3,5
1400,71,4,5
1400,72,3,5
1400,73,3,4
1400,74,3,4
1400,75,3,4
1400,76,4,4
1400,77,4,5
1400,78,3,5
1400,79,2,5
1400,80,1,5
1400,81,2,5
1400,82,2,6
1400,83,2,7
1400,84,3,7
1400,85,4,7
1400,86,5,7
1400,87,6,7
1400,88,7,7
1400,89,6,7
1400,90,5,7
1400,91,6,7
1400,92,5,7
1400,93,6,7
1400,94,5,7
1400,95,5,7
1400,96,5,6
1400,97,5,7
1400,98,5,6
1400,99,4,6
1400,100,4,7
1400,101,4,6
1400,102,5,6
1400,103,4,6
1400,104,5,6
1400,105,5,5
1400,106,5,5
1400,107,5,6
1400,108,5,5
1400,109,6,5
1400,110,6,5
1400,111,7,5
1400,112,7,4
1400,113,6,4
1400,114,5,4
1400,115,4,4
1400,116,3,4
1400,117,2,4
1400,118,1,4
1400,119,1,5
1400,120,1,6
1400,121,1,5
1400,122,1,6
1400,123,1,6
1400,124,1,6
1400,125,0,6
1400,126,1,6
1400,127,2,6
1400,128,2,5
1400,129,2,4
1400,130,2,3
1400,131,2,2
1400,132,2,2
1400,133,2,2
1400,134,2,2
1400,135,2,1
1400,136,2,1
1400,137,1,1
1400,138,1,2
1400,139,2,2
1400,140,2,2
1400,141,2,2
1400,142,2,3
1400,143,2,4
1400,144,1,4
1400,145,2,4
1400,146,3,4
1400,147,3,5
1400,148,4,5
1400,149,4,4
1450,0,4,3
1450,1,4,4
1450,2,4,3
1450,3,4,2
1450,4,5,2
1450,5,5,2
1450,6,5,2
1450,7,5,3
1450,8,5,2
1450,9,5,1
1450,10,5,0
1450,11,5,1
1450,12,4,1
1450,13,3,1
1450,14,4,1
1450,15,4,2
1450,16,5,2
1450,17,6,2
1450,18,6,2
1450,19,6,1
1450,20,6,2
1450,21,5,2
1450,22,5,3
1450,23,6,3
1450,24,6,2
1450,25,6,3
1450,26,7,3
1450,27,6,3
1450,28,5,3
1450,29,5,2
1450,30,5,1
1450,31,6,1
1450,32,6,2
1450,33,7,2
1450,34,7,3
1450,35,7,2
1450,36,7,2
1450,37,6,2
1450,38,6,1
1450,39,7,1
1450,40,6,1
1450,41,6,1
1450,42,6,1
1450,43,6,0
1450,44,5,0
1450,45,4,0
1450,46,5,0
1450,47,4,0
1450,48,4,1
1450,49,4,1
1450,50,4,0
1450,51,3,0
1450,52,4,0
1450,53,4,1
1450,54,5,1
1450,55,6,1
1450,56,6,0
1450,57,6,1
1450,58,6,2
1450,59,6,2
1450,60,6,2
1450,61,6,3
1450,62,6,2
1450,63,6,2
1450,64,5,2
1450,65,5,1
1450,66,5,2
1450,67,5,1
1450,68,6,1
1450,69,6,1
1450,70,6,2
1450,71,6,1
1450,72,5,1
1450,73,4,1
1450,74,3,1
1450,75,3,2
1450,76,2,2
1450,77,2,2
1450,78,2,2
1450,79,2,1
1450,80,3,1
1450,81,3,2
1450,82,2,2
1450,83,2,3
1450,84,2,4
1450,85,2,5
1450,86,2,4
1450,87,2,4
1450,88,1,4
1450,89,2,4
1450,90,1,4
1450,91,1,3
1450,92,1,4
1450,93,2,4
1450,94,2,3
1450,95,1,3
1450,96,2,3
1450,97,3,3
1450,98,3,3
1450,99,3,3
1450,100,3,3
1450,101,2,3
1450,102,1,3
1450,103,1,2
1450,104,1,3
1450,105,1,3
1450,106,1,2
1450,107,0,2
1450,108,0,3
1450,109,0,3
1450,110,1,3
1450,111,2,3
1450,112,2,2
1450,113,2,2
1450,114,2,3
1450,115,3,3
1450,116,3,4
1450,117,3,5
1450,118,3,4
1450,119,2,4
1450,120,2,4
1450,121,2,3
1450,122,1,3
1450,123,2,3
1450,124,1,3
1450,125,1,4
1450,126,1,4
1450,127,0,4
1450,128,0,5
1450,129,1,5
1450,130,2,5
1450,131,2,5
1450,132,2,5
1450,133,2,5
1450,134,3,5
1450,135,3,5
1450,136,3,6
1450,137,3,6
1450,138,4,6
1450,139,4,5
1450,140,4,6
1450,141,4,6
1450,142,4,7
1450,143,4,7
1450,144,4,6
1450,145,4,7
1450,146,3,7
1450,147,4,7
1450,148,5,7
1450,149,5,6
1500,0,3,4
1500,1,3,4
1500,2,3,4
1500,3,3,3
1500,4,3,4
1500,5,3,5
1500,6,4,5
1500,7,4,4
1500,8,4,3
1500,9,4,4
1500,10,3,4
1500,11,4,4
1500,12,3,4
1500,13,4,4
1500,14,3,4
1500,15,2,4
1500,16,3,4
1500,17,2,4
1500,18,2,5
1500,19,2,6
1500,20,1,6
1500,21,1,6
1500,22,1,6
1500,23,2,6
1500,24,2,7
1500,25,1,7
1500,26,1,7
1500,27,1,7
1500,28,1,7
1500,29,1,6
1500,30,2,6
1500,31,2,6
1500,32,2,7
1500,33,2,6
1500,34,1,6
1500,35,1,6
1500,36,2,6
1500,37,2,5
1500,38,1,5
1500,39,1,4
1500,40,2,4
1500,41,2,5
1500,42,2,5
1500,43,3,5
1500,44,3,4
1500,45,2,4
1500,46,1,4
1500,47,1,4
1500,48,0,4
1500,49,0,4
1500,50,1,4
1500,51,0,4
1500,52,0,4
1500,53,0,3
1500,54,0,2
1500,55,0,2
1500,56,0,1
1500,57,0,1
1500,58,0,1
1500,59,1,1
1500,60,2,1
1500,61,2,2
1500,62,1,2
1500,63,1,2
1500,64,1,2
1500,65,2,2
1500,66,3,2
1500,67,2,2
1500,68,2,3
1500,69,2,2
1500,70,3,2
1500,71,3,1
1500,72,4,1
1500,73,5,1
1500,74,5,0
1500,75,6,0
1500,76,5,0
1500,77,5,0
1500,78,5,1
1500,79,5,2
1500,80,5,3
1500,81,5,3
1500,82,4,3
1500,83,5,3
1500,84,4,3
1500,85,3,3
1500,86,2,3
1500,87,1,3
1500,88,0,3
1500,89,0,3
1500,90,0,3
1500,91,0,3
1500,92,0,3
1500,93,0,4
1500,94,0,4
1500,95,0,5
1500,96,0,5
1500,97,0,6
1500,98,0,5
1500,99,0,6
1500,100,0,6
1500,101,0,6
1500,102,1,6
1500,103,1,5
1500,104,1,5
1500,105,0,5
1500,106,0,5
1500,107,0,5
1500,108,0,5
1500,109,1,5
1500,110,2,5
1500,111,3,5
1500,112,4,5
1500,113,4,6
1500,114,5,6
1500,115,5,6
1500,116,5,5
1500,117,5,4
1500,118,6,4
1500,119,6,3
1500,120,6,3
1500,121,6,3
1500,122,5,3
1500,123,4,3
1500,124,3,3
1500,125,2,3
1500,126,1,3
1500,127,1,3
1500,128,2,3
1500,129,2,4
1500,130,2,4
1500,131,2,4
1500,132,1,4
1500,133,1,5
1500,134,2,5
1500,135,1,5
1500,136,2,5
1500,137,1,5
1500,138,2,5
1500,139,3,5
1500,140,3,5
1500,141,3,5
1500,142,4,5
1500,143,4,5
1500,144,5,5
1500,145,5,4
1500,146,5,5
1500,147,6,5
1500,148,6,4
1500,149,5,4
1550,0,4,4
1550,1,4,4
1550,2,5,4
1550,3,4,4
1550,4,5,4
1550,5,4,4
1550,6,4,4
1550,7,4,4
1550,8,4,4
1550,9,3,4
1550,10,3,4
1550,11,4,4
1550,12,4,4
1550,13,4,4
1550,14,4,3
1550,15,4,3
1550,16,4,3
1550,17,4,3
1550,18,4,2
1550,19,3,2
1550,20,3,2
1550,21,3,2
1550,22,4,2
1550,23,5,2
1550,24,5,3
1550,25,5,3
1550,26,5,3
1550,27,6,3
1550,28,6,3
1550,29,6,3
1550,30,5,3
1550,31,4,3
1550,32,3,3
1550,33,4,3
1550,34,5,3
1550,35,6,3
1550,36,5,3
1550,37,4,3
1550,38,4,4
1550,39,5,4
1550,40,4,4
1550,41,3,4
1550,42,2,4
1550,43,2,3
1550,44,2,2
1550,45,3,2
1550,46,4,2
1550,47,5,2
1550,48,5,1
1550,49,6,1
1550,50,6,2
1550,51,6,1
1550,52,5,1
1550,53,6,1
1550,54,6,2
1550,55,6,3
1550,56,7,3
1550,57,7,3
1550,58,7,2
1550,59,7,2
1550,60,6,2
1550,61,6,3
1550,62,6,4
1550,63,5,4
1550,64,4,4
1550,65,5,4
1550,66,5,3
1550,67,5,3
1550,68,4,3
1550,69,3,3
1550,70,3,4
1550,71,2,4
1550,72,2,5
1550,73,2,5
1550,74,3,5
1550,75,3,4
1550,76,2,4
1550,77,1,4
1550,78,2,4
1550,79,3,4
1550,80,3,5
1550,81,3,5
1550,82,4,5
1550,83,4,6
1550,84,4,5
1550,85,3,5
1550,86,3,6
1550,87,3,5
1550,88,2,5
1550,89,2,4
1550,90,2,3
1550,91,3,3
1550,92,2,3
1550,93,2,2
1550,94,2,3
1550,95,2,4
1550,96,3,4
1550,97,4,4
1550,98,5,4
1550,99,4,4
1550,100,4,5
1550,101,4,4
1550,102,5,4
1550,103,5,4
1550,104,5,5
1550,105,4,5
1550,106,4,6
1550,107,3,6
1550,108,3,5
1550,109,4,5
1550,110,4,4
1550,111,4,3
1550,112,4,4
1550,113,3,4
1550,114,2,4
1550,115,2,4
1550,116,2,5
1550,117,1,5
1550,118,2,5
1550,119,2,6
1550,120,2,6
1550,121,2,7
1550,122,2,7
1550,123,2,6
1550,124,2,6
1550,125,2,7
1550,126,1,7
1550,127,1,7
1550,128,1,7
1550,129,1,6
1550,130,2,6
1550,131,2,5
1550,132,1,5
1550,133,1,6
1550,134,1,5
1550,135,2,5
1550,136,2,6
1550,137,1,6
1550,138,1,6
1550,139,1,5
1550,140,1,5
1550,141,1,4
1550,142,2,4
1550,143,1,4
1550,144,1,3
1550,145,0,3
1550,146,0,3
1550,147,0,3
1550,148,0,3
1550,149,0,4
1600,0,4,4
1600,1,4,5
1600,2,4,5
1600,3,3,5
1600,4,3,6
1600,5,3,6
1600,6,4,6
1600,7,4,7
1600,8,4,6
1600,9,4,5
1600,10,5,5
1600,11,6,5
1600,12,7,5
1600,13,7,5
1600,14,7,5
1600,15,7,4
1600,16,7,4
1600,17,7,4
1600,18,7,5
1600,19,7,6
1600,20,6,6
1600,21,5,6
1600,22,5,6
1600,23,6,6
1600,24,5,6
1600,25,5,6
1600,26,4,6
1600,27,4,5
1600,28,3,5
1600,29,2,5
1600,30,2,5
1600,31,2,4
1600,32,3,4
1600,33,3,3
1600,34,3,3
1600,35,3,3
1600,36,3,4
1600,37,4,4
1600,38,3,4
1600,39,3,5
1600,40,2,5
1600,41,1,5
1600,42,1,4
1600,43,2,4
1600,44,1,4
1600,45,2,4
1600,46,2,5
1600,47,3,5
1600,48,3,6
1600,49,3,6
1600,50,3,5
1600,51,4,5
1600,52,4,4
1600,53,4,4
1600,54,5,4
1600,55,5,4
1600,56,6,4
1600,57,7,4
1600,58,7,5
1600,59,7,5
1600,60,7,4
1600,61,7,5
1600,62,7,5
1600,63,6,5
1600,64,6,6
1600,65,5,6
1600,66,6,6
1600,67,6,6
1600,68,6,5
1600,69,6,4
1600,70,6,4
1600,71,5,4
1600,72,5,3
1600,73,5,2
1600,74,5,2
1600,75,5,3
1600,76,5,3
1600,77,6,3
1600,78,6,3
1600,79,5,3
1600,80,6,3
1600,81,6,4
1600,82,6,3
1600,83,5,3
1600,84,5,4
1600,85,5,5
1600,86,4,5
1600,87,4,4
1600,88,5,4
1600,89,5,3
1600,90,6,3
1600,91,7,3
1600,92,7,3
1600,93,7,3
1600,94,7,2
1600,95,6,2
1600,96,6,2
1600,97,6,3
1600,98,6,2
1600,99,5,2
1600,100,5,3
1600,101,6,3
1600,102,5,3
1600,103,4,3
1600,104,4,4
1600,105,4,4
1600,106,5,4
1600,107,4,4
1600,108,3,4
1600,109,2,4
1600,110,3,4
1600,111,2,4
1600,112,1,4
1600,113,1,4
1600,114,1,5
1600,115,2,5
1600,116,2,6
1600,117,2,5
1600,118,2,6
1600,119,2,6
1600,120,2,5
1600,121,2,5
1600,122,2,4
1600,123,1,4
1600,124,2,4
1600,125,1,4
1600,126,0,4
1600,127,0,3
1600,128,0,2
1600,129,1,2
1600,130,1,2
1600,131,1,2
1600,132,2,2
1600,133,2,2
1600,134,2,2
1600,135,3,2
1600,136,2,2
1600,137,3,2
1600,138,3,1
1600,139,3,1
1600,140,4,1
1600,141,4,1
1600,142,3,1
1600,143,3,2
1600,144,4,2
1600,145,4,2
1600,146,3,2
1600,147,4,2
1600,148,3,2
1600,149,2,2
1650,0,4,4
1650,1,3,4
1650,2,3,4
1650,3,2,4
1650,4,2,5
1650,5,3,5
1650,6,4,5
1650,7,4,4
1650,8,5,4
1650,9,5,3
1650,10,4,3
1650,11,4,3
1650,12,3,3
1650,13,4,3
1650,14,4,2
1650,15,4,3
1650,16,4,2
1650,17,3,2
1650,18,3,3
1650,19,4,3
1650,20,3,3
1650,21,4,3
1650,22,4,4
1650,23,4,3
1650,24,3,3
1650,25,2,3
1650,26,1,3
1650,27,2,3
1650,28,1,3
1650,29,2,3
1650,30,3,3
1650,31,4,3
1650,32,3,3
1650,33,3,3
1650,34,3,3
1650,35,3,3
1650,36,3,3
1650,37,4,3
1650,38,3,3
1650,39,2,3
1650,40,2,3
1650,41,3,3
1650,42,2,3
1650,43,2,3
1650,44,2,2
1650,45,2,2
1650,46,2,3
1650,47,1,3
1650,48,2,3
1650,49,2,2
1650,50,3,2
1650,51,3,3
1650,52,2,3
1650,53,1,3
1650,54,1,2
1650,55,2,2
1650,56,3,2
1650,57,2,2
1650,58,3,2
1650,59,3,1
1650,60,3,1
1650,61,2,1
1650,62,2,1
1650,63,3,1
1650,64,3,2
1650,65,2,2
1650,66,1,2
1650,67,2,2
1650,68,1,2
1650,69,1,1
1650,70,0,1
1650,71,0,1
1650,72,0,2
1650,73,0,1
1650,74,0,1
1650,75,0,2
1650,76,0,3
1650,77,0,2
1650,78,1,2
1650,79,2,2
1650,80,3,2
1650,81,2,2
1650,82,2,2
1650,83,2,3
1650,84,2,2
1650,85,3,2
1650,86,4,2
1650,87,5,2
1650,88,6,2
1650,89,6,1
1650,90,5,1
1650,91,6,1
1650,92,5,1
1650,93,4,1
1650,94,4,1
1650,95,5,1
1650,96,5,2
1650,97,4,2
1650,98,4,2
1650,99,3,2
1650,100,3,2
1650,101,3,1
1650,102,3,1
1650,103,3,2
1650,104,3,2
1650,105,3,1
1650,106,2,1
1650,107,2,1
1650,108,3,1
1650,109,3,1
1650,110,3,1
1650,111,3,2
1650,112,2,2
1650,113,2,1
1650,114,1,1
1650,115,1,1
1650,116,0,1
1650,117,0,1
1650,118,1,1
1650,119,2,1
1650,120,1,1
1650,121,1,2
1650,122,2,2
1650,123,1,2
1650,124,2,2
1650,125,1,2
1650,126,0,2
1650,127,1,2
1650,128,1,1
1650,129,1,2
1650,130,1,3
1650,131,0,3
1650,132,0,3
1650,133,0,3
1650,134,0,2
1650,135,0,1
1650,136,0,0
1650,137,0,1
1650,138,0,0
1650,139,0,1
1650,140,0,1
1650,141,0,1
1650,142,1,1
1650,143,0,1
1650,144,1,1
1650,145,1,2
1650,146,2,2
1650,147,3,2
1650,148,2,2
1650,149,2,2
1700,0,4,4
1700,1,5,4
1700,2,4,4
1700,3,3,4
1700,4,3,3
1700,5,3,2
1700,6,2,2
1700,7,2,1
1700,8,2,2
1700,9,3,2
1700,10,3,1
1700,11,4,1
1700,12,4,1
1700,13,4,0
1700,14,4,1
1700,15,4,2
1700,16,3,2
1700,17,4,2
1700,18,5,2
1700,19,6,2
1700,20,6,3
1700,21,6,3
1700,22,5,3
1700,23,6,3
1700,24,5,3
1700,25,5,3
1700,26,6,3
1700,27,5,3
1700,28,6,3
1700,29,5,3
1700,30,6,3
1700,31,6,4
1700,32,6,4
1700,33,6,5
1700,34,6,5
1700,35,7,5
1700,36,6,5
1700,37,5,5
1700,38,5,5
1700,39,4,5
1700,40,4,6
1700,41,4,5
1700,42,5,5
1700,43,4,5
1700,44,3,5
1700,45,3,5
1700,46,4,5
1700,47,4,5
1700,48,5,5
1700,49,5,4
1700,50,5,3
1700,51,5,4
1700,52,6,4
1700,53,6,5
1700,54,6,5
1700,55,6,4
1700,56,5,4
1700,57,6,4
1700,58,5,4
1700,59,4,4
1700,60,5,4
1700,61,6,4
1700,62,5,4
1700,63,4,4
1700,64,3,4
1700,65,4,4
1700,66,4,3
1700,67,4,3
1700,68,3,3
1700,69,4,3
1700,70,5,3
1700,71,5,3
1700,72,6,3
1700,73,6,2
1700,74,6,2
1700,75,6,1
1700,76,6,2
1700,77,7,2
1700,78,6,2
1700,79,6,1
1700,80,6,2
1700,81,7,2
1700,82,6,2
1700,83,7,2
1700,84,6,2
1700,85,5,2
1700,86,5,2
1700,87,6,2
1700,88,7,2
1700,89,6,2
1700,90,6,2
1700,91,6,3
1700,92,6,3
1700,93,5,3
1700,94,6,3
1700,95,5,3
1700,96,5,4
1700,97,4,4
1700,98,4,5
1700,99,5,5
1700,100,6,5
1700,101,5,5
1700,102,5,5
1700,103,5,6
1700,104,5,5
1700,105,4,5
1700,106,3,5
1700,107,3,5
1700,108,3,4
1700,109,3,5
1700,110,3,4
1700,111,3,4
1700,112,4,4
1700,113,4,5
1700,114,4,6
1700,115,4,7
1700,116,5,7
1700,117,5,6
1700,118,5,6
1700,119,5,5
1700,120,6,5
1700,121,6,6
1700,122,5,6
1700,123,5,5
1700,124,4,5
1700,125,3,5
1700,126,4,5
1700,127,3,5
1700,128,4,5
1700,129,3,5
1700,130,4,5
1700,131,3,5
1700,132,4,5
1700,133,3,5
1700,134,2,5
1700,135,2,5
1700,136,1,5
1700,137,1,5
1700,138,1,6
1700,139,1,5
1700,140,1,4
1700,141,1,3
1700,142,1,4
1700,143,2,4
1700,144,1,4
1700,145,2,4
1700,146,2,5
1700,147,2,6
1700,148,2,5
1700,149,3,5
1750,0,3,4
1750,1,2,4
1750,2,1,4
1750,3,2,4
1750,4,2,5
1750,5,2,4
1750,6,3,4
1750,7,4,4
1750,8,3,4
1750,9,4,4
1750,10,5,4
1750,11,6,4
1750,12,6,5
1750,13,7,5
1750,14,7,5
1750,15,7,6
1750,16,7,6
1750,17,7,6
1750,18,7,5
1750,19,7,4
1750,20,7,5
1750,21,7,4
1750,22,6,4
1750,23,6,3
1750,24,6,2
1750,25,6,2
1750,26,6,1
1750,27,6,1
1750,28,5,1
1750,29,6,1
1750,30,6,2
1750,31,5,2
1750,32,4,2
1750,33,3,2
1750,34,3,1
1750,35,3,1
1750,36,3,2
1750,37,3,2
1750,38,4,2
1750,39,3,2
1750,40,3,3
1750,41,4,3
1750,42,4,3
1750,43,5,3
1750,44,4,3
1750,45,4,3
1750,46,3,3
1750,47,4,3
1750,48,4,4
1750,49,4,4
1750,50,5,4
1750,51,6,4
1750,52,6,3
1750,53,6,2
1750,54,6,3
1750,55,6,2
1750,56,6,1
1750,57,6,2
1750,58,6,3
1750,59,5,3
1750,60,5,3
1750,61,5,3
1750,62,6,3
1750,63,6,2
1750,64,7,2
1750,65,7,2
1750,66,7,3
1750,67,7,3
1750,68,7,3
1750,69,7,3
1750,70,7,4
1750,71,7,4
1750,72,6,4
1750,73,6,3
1750,74,6,4
1750,75,5,4
1750,76,6,4
1750,77,6,5
1750,78,6,6
1750,79,6,6
1750,80,6,6
1750,81,6,6
1750,82,6,5
1750,83,6,6
1750,84,7,6
1750,85,7,7
1750,86,6,7
1750,87,7,7
1750,88,6,7
1750,89,6,6
1750,90,6,7
1750,91,6,6
1750,92,6,7
1750,93,6,6
1750,94,6,7
1750,95,5,7
1750,96,5,7
1750,97,6,7
1750,98,6,6
1750,99,5,6
1750,100,5,6
1750,101,5,5
1750,102,6,5
1750,103,5,5
1750,104,5,4
1750,105,5,3
1750,106,6,3
1750,107,6,4
1750,108,6,5
1750,109,6,4
1750,110,6,3
1750,111,6,4
1750,112,6,5
1750,113,6,4
1750,114,6,5
1750,115,5,5
1750,116,6,5
1750,117,5,5
1750,118,4,5
1750,119,3,5
1750,120,2,5
1750,121,1,5
1750,122,2,5
1750,123,2,4
1750,124,3,4
1750,125,2,4
1750,126,2,4
1750,127,2,3
1750,128,2,2
1750,129,2,2
1750,130,2,1
1750,131,2,1
1750,132,2,1
1750,133,1,1
1750,134,1,2
1750,135,1,2
1750,136,1,2
1750,137,1,1
1750,138,1,1
1750,139,1,1
1750,140,2,1
1750,141,2,2
1750,142,2,2
1750,143,3,2
1750,144,3,2
1750,145,4,2
1750,146,4,2
1750,147,4,2
1750,148,3,2
1750,149,4,2
1800,0,5,4
1800,1,6,4
1800,2,5,4
1800,3,5,5
1800,4,5,4
1800,5,5,3
1800,6,5,2
1800,7,5,2
1800,8,6,2
1800,9,5,2
1800,10,4,2
1800,11,5,2
1800,12,6,2
1800,13,6,3
1800,14,6,2
1800,15,6,2
1800,16,6,1
1800,17,6,1
1800,18,6,0
1800,19,6,1
1800,20,7,1
1800,21,6,1
1800,22,5,1
1800,23,4,1
1800,24,4,2
1800,25,4,2
1800,26,4,3
1800,27,4,3
1800,28,5,3
1800,29,5,3
1800,30,5,4
1800,31,6,4
1800,32,6,3
1800,33,7,3
1800,34,6,3
1800,35,6,3
1800,36,6,3
1800,37,6,2
1800,38,6,1
1800,39,5,1
1800,40,5,2
1800,41,5,2
1800,42,5,2
1800,43,5,3
1800,44,5,2
1800,45,6,2
1800,46,6,3
1800,47,6,4
1800,48,6,3
1800,49,6,4
1800,50,6,5
1800,51,6,4
1800,52,7,4
1800,53,7,5
1800,54,7,6
1800,55,7,5
1800,56,6,5
1800,57,6,6
1800,58,5,6
1800,59,5,5
1800,60,5,4
1800,61,6,4
1800,62,5,4
1800,63,5,4
1800,64,5,4
1800,65,6,4
1800,66,6,3
1800,67,6,2
1800,68,7,2
1800,69,6,2
1800,70,6,1
1800,71,5,1
1800,72,5,1
1800,73,4,1
1800,74,4,2
1800,75,5,2
1800,76,5,3
1800,77,5,3
1800,78,6,3
1800,79,6,4
1800,80,6,5
1800,81,6,4
1800,82,6,3
1800,83,6,2
1800,84,6,1
1800,85,6,1
1800,86,6,1
1800,87,5,1
1800,88,4,1
1800,89,4,0
1800,90,5,0
1800,91,6,0
1800,92,6,0
1800,93,6,1
1800,94,5,1
1800,95,4,1
1800,96,5,1
1800,97,4,1
1800,98,4,2
1800,99,3,2
1800,100,4,2
1800,101,3,2
1800,102,2,2
1800,103,2,1
1800,104,2,1
1800,105,1,1
1800,106,1,2
1800,107,1,2
1800,108,1,2
1800,109,2,2
1800,110,3,2
1800,111,4,2
1800,112,5,2
1800,113,4,2
1800,114,5,2
1800,115,5,1
1800,116,5,2
1800,117,5,3
1800,118,5,4
1800,119,4,4
1800,120,4,5
1800,121,5,5
1800,122,5,5
1800,123,4,5
1800,124,4,4
1800,125,5,4
1800,126,6,4
1800,127,6,5
1800,128,6,6
1800,129,7,6
1800,130,7,5
1800,131,7,4
1800,132,7,3
1800,133,7,4
1800,134,7,4
1800,135,7,5
1800,136,7,6
1800,137,7,7
1800,138,7,7
1800,139,7,6
1800,140,7,7
1800,141,7,6
1800,142,7,5
1800,143,7,4
1800,144,7,3
1800,145,7,2
1800,146,6,2
1800,147,6,3
1800,148,7,3
1800,149,7,2
1850,0,3,4
1850,1,4,4
1850,2,5,4
1850,3,4,4
1850,4,5,4
1850,5,6,4
1850,6,6,5
1850,7,7,5
1850,8,7,5
1850,9,7,4
1850,10,7,4
1850,11,7,3
1850,12,7,3
1850,13,7,3
1850,14,7,3
1850,15,7,4
1850,16,7,5
1850,17,7,5
1850,18,7,4
1850,19,7,5
1850,20,7,6
1850,21,7,6
1850,22,7,6
1850,23,7,6
1850,24,7,7
1850,25,7,6
1850,26,7,5
1850,27,6,5
1850,28,6,4
1850,29,5,4
1850,30,6,4
1850,31,6,5
1850,32,6,6
1850,33,6,7
1850,34,7,7
1850,35,7,7
1850,36,7,6
1850,37,7,7
1850,38,6,7
1850,39,6,7
1850,40,7,7
1850,41,7,7
1850,42,7,7
1850,43,7,6
1850,44,7,7
1850,45,7,6
1850,46,7,7
1850,47,7,6
1850,48,7,5
1850,49,7,6
1850,50,7,7
1850,51,7,7
1850,52,7,7
1850,53,7,7
1850,54,7,7
1850,55,7,6
1850,56,7,6
1850,57,7,6
1850,58,6,6
1850,59,6,5
1850,60,5,5
1850,61,6,5
1850,62,6,6
1850,63,6,5
1850,64,5,5
1850,65,5,5
1850,66,6,5
1850,67,6,5
1850,68,5,5
1850,69,6,5
1850,70,6,6
1850,71,7,6
1850,72,7,7
1850,73,7,7
1850,74,6,7
1850,75,6,7
1850,76,7,7
1850,77,7,6
1850,78,6,6
1850,79,6,7
1850,80,6,6
1850,81,6,7
1850,82,6,7
1850,83,6,6
1850,84,6,6
1850,85,6,7
1850,86,6,7
1850,87,6,7
1850,88,6,6
1850,89,6,6
1850,90,6,7
1850,91,6,7
1850,92,5,7
1850,93,5,7
1850,94,5,6
1850,95,4,6
1850,96,4,5
1850,97,5,5
1850,98,6,5
1850,99,5,5
1850,100,6,5
1850,101,6,6
1850,102,6,5
1850,103,7,5
1850,104,6,5
1850,105,5,5
1850,106,4,5
1850,107,4,6
1850,108,5,6
1850,109,5,5
1850,110,5,6
1850,111,6,6
1850,112,6,5
1850,113,6,4
1850,114,6,4
1850,115,6,4
1850,116,5,4
1850,117,5,5
1850,118,6,5
1850,119,7,5
1850,120,6,5
1850,121,6,6
1850,122,6,7
1850,123,6,7
1850,124,6,7
1850,125,6,6
1850,126,6,6
1850,127,6,5
1850,128,6,6
1850,129,6,6
1850,130,6,7
1850,131,7,7
1850,132,7,6
1850,133,7,6
1850,134,7,7
1850,135,7,7
1850,136,7,6
1850,137,7,5
1850,138,7,4
1850,139,7,5
1850,140,7,4
1850,141,7,5
1850,142,7,5
1850,143,7,4
1850,144,7,5
1850,145,7,6
1850,146,7,5
1850,147,7,6
1850,148,6,6
1850,149,6,5
1900,0,3,4
1900,1,4,4
1900,2,3,4
1900,3,2,4
1900,4,3,4
1900,5,3,5
1900,6,4,5
1900,7,4,5
1900,8,5,5
1900,9,5,5
1900,10,6,5
1900,11,6,4
1900,12,6,3
1900,13,6,4
1900,14,5,4
1900,15,6,4
1900,16,6,5
1900,17,6,6
1900,18,5,6
1900,19,4,6
1900,20,3,6
1900,21,3,6
1900,22,3,5
1900,23,3,5
1900,24,3,5
1900,25,3,4
1900,26,2,4
1900,27,3,4
1900,28,2,4
1900,29,1,4
1900,30,1,4
1900,31,1,5
1900,32,1,5
1900,33,1,5
1900,34,1,6
1900,35,0,6
1900,36,0,7
1900,37,0,7
1900,38,0,7
1900,39,0,7
1900,40,0,6
1900,41,0,7
1900,42,0,7
1900,43,0,7
1900,44,0,6
1900,45,0,7
1900,46,0,6
1900,47,0,5
1900,48,0,6
1900,49,0,7
1900,50,0,6
1900,51,0,7
1900,52,0,7
1900,53,0,7
1900,54,0,6
1900,55,0,6
1900,56,1,6
1900,57,1,6
1900,58,1,7
1900,59,1,6
1900,60,1,5
1900,61,1,6
1900,62,1,5
1900,63,1,4
1900,64,1,3
1900,65,0,3
1900,66,0,3
1900,67,0,2
1900,68,0,3
1900,69,0,2
1900,70,0,1
1900,71,0,1
1900,72,0,1
1900,73,0,2
1900,74,1,2
1900,75,1,2
1900,76,1,2
1900,77,2,2
1900,78,2,1
1900,79,1,1
1900,80,1,1
1900,81,0,1
1900,82,0,1
1900,83,0,2
1900,84,0,1
1900,85,0,1
1900,86,0,0
1900,87,0,1
1900,88,0,1
1900,89,0,2
1900,90,0,2
1900,91,1,2
1900,92,1,1
1900,93,1,1
1900,94,2,1
1900,95,2,2
1900,96,1,2
1900,97,1,3
1900,98,1,3
1900,99,2,3
1900,100,3,3
1900,101,3,4
1900,102,4,4
1900,103,5,4
1900,104,5,5
1900,105,4,5
1900,106,3,5
1900,107,3,6
1900,108,3,7
1900,109,3,6
1900,110,3,5
1900,111,4,5
1900,112,4,6
1900,113,4,6
1900,114,4,6
1900,115,4,5
1900,116,3,5
1900,117,4,5
1900,118,3,5
1900,119,2,5
1900,120,2,6
1900,121,2,6
1900,122,2,5
1900,123,2,6
1900,124,2,7
1900,125,2,7
1900,126,2,7
1900,127,2,6
1900,128,2,5
1900,129,2,6
1900,130,2,5
1900,131,3,5
1900,132,2,5
1900,133,1,5
1900,134,1,6
1900,135,1,7
1900,136,1,7
1900,137,1,6
1900,138,1,6
1900,139,1,7
1900,140,1,7
1900,141,1,7
1900,142,0,7
1900,143,0,7
1900,144,0,6
1900,145,0,7
1900,146,0,6
1900,147,0,6
1900,148,0,5
1900,149,0,5
1950,0,5,4
1950,1,5,5
1950,2,6,5
1950,3,6,6
1950,4,5,6
1950,5,5,6
1950,6,5,6
1950,7,5,7
1950,8,6,7
1950,9,6,7
1950,10,5,7
1950,11,5,6
1950,12,4,6
1950,13,4,6
1950,14,3,6
1950,15,3,6
1950,16,4,6
1950,17,3,6
1950,18,2,6
1950,19,2,6
1950,20,2,7
1950,21,2,7
1950,22,2,6
1950,23,2,5
1950,24,1,5
1950,25,1,6
1950,26,1,5
1950,27,1,4
1950,28,2,4
1950,29,2,3
1950,30,2,3
1950,31,2,4
1950,32,2,4
1950,33,2,4
1950,34,1,4
1950,35,2,4
1950,36,1,4
1950,37,1,3
1950,38,1,2
1950,39,1,1
1950,40,1,2
1950,41,0,2
1950,42,0,1
1950,43,0,1
1950,44,0,2
1950,45,0,2
1950,46,0,2
1950,47,0,3
1950,48,0,4
1950,49,0,3
1950,50,0,4
1950,51,0,5
1950,52,0,6
1950,53,0,7
1950,54,0,6
1950,55,0,7
1950,56,0,6
1950,57,0,7
1950,58,0,6
1950,59,0,6
1950,60,0,6
1950,61,0,5
1950,62,0,6
1950,63,0,5
1950,64,0,6
1950,65,0,5
1950,66,0,6
1950,67,0,7
1950,68,0,7
1950,69,1,7
1950,70,0,7
1950,71,0,6
1950,72,0,6
1950,73,0,5
1950,74,1,5
1950,75,2,5
1950,76,2,4
1950,77,3,4
1950,78,3,5
1950,79,3,4
1950,80,3,3
1950,81,3,3
1950,82,3,3
1950,83,2,3
1950,84,3,3
1950,85,4,3
1950,86,5,3
1950,87,4,3
1950,88,4,2
1950,89,5,2
1950,90,5,2
1950,91,5,2
1950,92,4,2
1950,93,5,2
1950,94,4,2
1950,95,4,1
1950,96,5,1
1950,97,5,1
1950,98,5,2
1950,99,6,2
1950,100,6,2
1950,101,5,2
1950,102,4,2
1950,103,5,2
1950,104,5,1
1950,105,4,1
1950,106,4,2
1950,107,4,1
1950,108,5,1
1950,109,4,1
1950,110,3,1
1950,111,3,1
1950,112,3,2
1950,113,3,2
1950,114,2,2
1950,115,3,2
1950,116,4,2
1950,117,4,2
1950,118,4,2
1950,119,3,2
1950,120,3,2
1950,121,3,1
1950,122,4,1
1950,123,5,1
1950,124,6,1
1950,125,5,1
1950,126,4,1
1950,127,3,1
1950,128,3,1
1950,129,2,1
1950,130,2,2
1950,131,3,2
1950,132,3,3
1950,133,3,4
1950,134,4,4
1950,135,5,4
1950,136,5,3
1950,137,5,2
1950,138,6,2
1950,139,6,3
1950,140,6,4
1950,141,6,4
1950,142,6,3
1950,143,6,4
1950,144,6,5
1950,145,5,5
1950,146,4,5
1950,147,4,6
1950,148,3,6
1950,149,3,7
2000,0,4,3
2000,1,3,3
2000,2,4,3
2000,3,3,3
2000,4,3,3
2000,5,2,3
2000,6,2,3
2000,7,3,3
2000,8,3,3
2000,9,4,3
2000,10,3,3
2000,11,3,3
2000,12,3,2
2000,13,3,2
2000,14,3,1
2000,15,2,1
2000,16,2,1
2000,17,2,2
2000,18,2,2
2000,19,3,2
2000,20,2,2
2000,21,2,2
2000,22,2,2
2000,23,3,2
2000,24,3,1
2000,25,2,1
2000,26,3,1
2000,27,3,2
2000,28,3,3
2000,29,3,2
2000,30,4,2
2000,31,4,2
2000,32,4,1
2000,33,4,1
2000,34,4,1
2000,35,4,0
2000,36,4,0
2000,37,3,0
2000,38,2,0
2000,39,3,0
2000,40,4,0
2000,41,5,0
2000,42,5,0
2000,43,6,0
2000,44,7,0
2000,45,7,1
2000,46,6,1
2000,47,6,2
2000,48,6,3
2000,49,5,3
2000,50,4,3
2000,51,5,3
2000,52,5,4
2000,53,6,4
2000,54,5,4
2000,55,5,5
2000,56,5,5
2000,57,5,5
2000,58,6,5
2000,59,6,4
2000,60,6,3
2000,61,6,4
2000,62,6,3
2000,63,5,3
2000,64,5,2
2000,65,6,2
2000,66,6,2
2000,67,6,2
2000,68,5,2
2000,69,5,1
2000,70,5,2
2000,71,5,3
2000,72,6,3
2000,73,7,3
2000,74,7,4
2000,75,7,4
2000,76,6,4
2000,77,6,3
2000,78,6,4
2000,79,6,3
2000,80,6,4
2000,81,5,4
2000,82,5,4
2000,83,6,4
2000,84,6,3
2000,85,6,4
2000,86,5,4
2000,87,5,4
2000,88,4,4
2000,89,4,5
2000,90,4,5
2000,91,3,5
2000,92,3,5
2000,93,3,5
2000,94,4,5
2000,95,3,5
2000,96,2,5
2000,97,2,6
2000,98,1,6
2000,99,1,6
2000,100,1,5
2000,101,0,5
2000,102,0,6
2000,103,0,6
2000,104,0,6
2000,105,0,7
2000,106,0,6
2000,107,0,7
2000,108,0,6
2000,109,0,7
2000,110,0,7
2000,111,0,7
2000,112,0,7
2000,113,0,7
2000,114,1,7
2000,115,1,6
2000,116,2,6
2000,117,3,6
2000,118,3,5
2000,119,4,5
2000,120,5,5
2000,121,6,5
2000,122,6,6
2000,123,6,7
2000,124,6,7
2000,125,6,6
2000,126,6,7
2000,127,6,7
2000,128,6,6
2000,129,6,5
2000,130,7,5
2000,131,7,6
2000,132,7,6
2000,133,7,6
2000,134,6,6
2000,135,6,5
2000,136,6,6
2000,137,6,7
2000,138,6,7
2000,139,7,7
2000,140,7,7
2000,141,7,6
2000,142,7,6
2000,143,7,6
2000,144,7,6
2000,145,7,6
2000,146,6,6
2000,147,6,6
2000,148,6,7
2000,149,6,7
2050,0,5,4
2050,1,6,4
2050,2,6,4
2050,3,6,4
2050,4,6,3
2050,5,6,3
2050,6,6,4
2050,7,6,3
2050,8,6,2
2050,9,6,2
2050,10,5,2
2050,11,5,3
2050,12,5,3
2050,13,5,3
2050,14,5,2
2050,15,4,2
2050,16,4,1
2050,17,4,1
2050,18,4,2
2050,19,4,2
2050,20,4,1
2050,21,4,1
2050,22,4,2
2050,23,4,1
2050,24,3,1
2050,25,4,1
2050,26,4,2
2050,27,4,1
2050,28,4,0
2050,29,4,0
2050,30,4,1
2050,31,5,1
2050,32,5,1
2050,33,5,2
2050,34,6,2
2050,35,5,2
2050,36,5,1
2050,37,6,1
2050,38,6,1
2050,39,6,1
2050,40,5,1
2050,41,6,1
2050,42,5,1
2050,43,5,2
2050,44,5,1
2050,45,5,0
2050,46,5,0
2050,47,5,1
2050,48,6,1
2050,49,5,1
2050,50,4,1
2050,51,4,1
2050,52,3,1
2050,53,3,1
2050,54,2,1
2050,55,1,1
2050,56,2,1
2050,57,2,2
2050,58,2,1
2050,59,1,1
2050,60,2,1
2050,61,3,1
2050,62,2,1
2050,63,2,2
2050,64,3,2
2050,65,3,1
2050,66,2,1
2050,67,2,2
2050,68,2,2
2050,69,2,1
2050,70,1,1
2050,71,2,1
2050,72,3,1
2050,73,2,1
2050,74,3,1
2050,75,2,1
2050,76,2,1
2050,77,3,1
2050,78,2,1
2050,79,3,1
2050,80,2,1
2050,81,1,1
2050,82,1,1
2050,83,1,2
2050,84,1,2
2050,85,2,2
2050,86,2,2
2050,87,3,2
2050,88,2,2
2050,89,3,2
2050,90,3,3
2050,91,4,3
2050,92,3,3
2050,93,3,3
2050,94,3,4
2050,95,3,4
2050,96,3,5
2050,97,3,5
2050,98,4,5
2050,99,4,4
2050,100,5,4
2050,101,6,4
2050,102,6,5
2050,103,6,5
2050,104,6,6
2050,105,6,6
2050,106,6,6
2050,107,6,7
2050,108,7,7
2050,109,6,7
2050,110,6,7
2050,111,6,6
2050,112,6,5
2050,113,6,6
2050,114,6,5
2050,115,5,5
2050,116,5,5
2050,117,5,6
2050,118,5,5
2050,119,5,4
2050,120,4,4
2050,121,4,4
2050,122,4,5
2050,123,5,5
2050,124,6,5
2050,125,6,6
2050,126,6,5
2050,127,5,5
2050,128,5,5
2050,129,6,5
2050,130,7,5
2050,131,6,5
2050,132,7,5
2050,133,6,5
2050,134,6,6
2050,135,6,6
2050,136,6,5
2050,137,6,5
2050,138,6,5
2050,139,6,4
2050,140,6,4
2050,141,6,3
2050,142,6,3
2050,143,5,3
2050,144,5,3
2050,145,5,2
2050,146,5,1
2050,147,5,0
2050,148,6,0
2050,149,7,0
2100,0,4,4
2100,1,3,4
2100,2,2,4
2100,3,3,4
2100,4,2,4
2100,5,2,4
2100,6,3,4
2100,7,3,5
2100,8,2,5
2100,9,3,5
2100,10,4,5
2100,11,3,5
2100,12,4,5
2100,13,4,5
2100,14,4,4
2100,15,4,3
2100,16,4,2
2100,17,4,2
2100,18,4,3
2100,19,5,3
2100,20,5,3
2100,21,6,3
2100,22,6,3
2100,23,6,4
2100,24,6,4
2100,25,6,4
2100,26,6,3
2100,27,6,2
2100,28,6,2
2100,29,6,1
2100,30,6,2
2100,31,6,1
2100,32,6,1
2100,33,6,1
2100,34,6,1
2100,35,5,1
2100,36,4,1
2100,37,5,1
2100,38,6,1
2100,39,6,0
2100,40,6,1
2100,41,7,1
2100,42,7,1
2100,43,7,1
2100,44,7,2
2100,45,7,2
2100,46,7,3
2100,47,7,4
2100,48,6,4
2100,49,5,4
2100,50,4,4
2100,51,4,4
2100,52,5,4
2100,53,5,4
2100,54,5,3
2100,55,6,3
2100,56,6,3
2100,57,5,3
2100,58,4,3
2100,59,4,3
2100,60,3,3
2100,61,2,3
2100,62,2,3
2100,63,2,3
2100,64,3,3
2100,65,2,3
2100,66,2,3
2100,67,2,2
2100,68,2,2
2100,69,3,2
2100,70,3,2
2100,71,4,2
2100,72,3,2
2100,73,2,2
2100,74,2,2
2100,75,2,2
2100,76,3,2
2100,77,2,2
2100,78,2,2
2100,79,1,2
2100,80,1,2
2100,81,1,2
2100,82,2,2
2100,83,2,2
2100,84,1,2
2100,85,0,2
2100,86,0,3
2100,87,0,3
2100,88,0,2
2100,89,0,1
2100,90,0,1
2100,91,0,1
2100,92,0,2
2100,93,0,2
2100,94,0,2
2100,95,0,3
2100,96,0,3
2100,97,0,4
2100,98,0,5
2100,99,0,5
2100,100,0,6
2100,101,0,7
2100,102,0,6
2100,103,0,6
2100,104,0,5
2100,105,0,6
2100,106,0,7
2100,107,0,7
2100,108,0,7
2100,109,0,6
2100,110,0,7
2100,111,0,6
2100,112,0,6
2100,113,1,6
2100,114,1,5
2100,115,1,5
2100,116,1,6
2100,117,1,6
2100,118,1,6
2100,119,1,5
2100,120,0,5
2100,121,0,5
2100,122,0,5
2100,123,0,6
2100,124,0,7
2100,125,0,7
2100,126,0,6
2100,127,0,5
2100,128,0,6
2100,129,0,5
2100,130,0,5
2100,131,0,6
2100,132,0,7
2100,133,0,6
2100,134,0,5
2100,135,1,5
2100,136,0,5
2100,137,0,4
2100,138,0,5
2100,139,0,5
2100,140,0,4
2100,141,0,4
2100,142,0,3
2100,143,0,2
2100,144,1,2
2100,145,1,2
2100,146,1,2
2100,147,2,2
2100,148,2,2
2100,149,2,2
2150,0,3,4
2150,1,3,4
2150,2,3,4
2150,3,4,4
2150,4,4,3
2150,5,5,3
2150,6,5,2
2150,7,5,1
2150,8,4,1
2150,9,3,1
2150,10,4,1
2150,11,3,1
2150,12,4,1
2150,13,5,1
2150,14,5,2
2150,15,6,2
2150,16,5,2
2150,17,4,2
2150,18,4,2
2150,19,5,2
2150,20,5,2
2150,21,4,2
2150,22,4,1
2150,23,3,1
2150,24,2,1
2150,25,2,2
2150,26,2,3
2150,27,3,3
2150,28,4,3
2150,29,5,3
2150,30,6,3
2150,31,6,3
2150,32,6,2
2150,33,7,2
2150,34,7,3
2150,35,7,3
2150,36,7,3
2150,37,7,4
2150,38,7,4
2150,39,7,5
2150,40,6,5
2150,41,6,5
2150,42,5,5
2150,43,5,6
2150,44,5,7
2150,45,5,7
2150,46,4,7
2150,47,4,7
2150,48,4,6
2150,49,4,6
2150,50,4,6
2150,51,4,6
2150,52,4,6
2150,53,4,5
2150,54,3,5
2150,55,2,5
2150,56,2,4
2150,57,1,4
2150,58,1,4
2150,59,1,4
2150,60,1,5
2150,61,1,6
2150,62,2,6
2150,63,2,5
2150,64,2,4
2150,65,2,4
2150,66,2,4
2150,67,1,4
2150,68,2,4
2150,69,1,4
2150,70,1,5
2150,71,2,5
2150,72,2,5
2150,73,2,6
2150,74,2,6
2150,75,2,7
2150,76,3,7
2150,77,3,7
2150,78,3,7
2150,79,2,7
2150,80,1,7
2150,81,1,7
2150,82,0,7
2150,83,0,7
2150,84,0,6
2150,85,0,7
2150,86,0,7
2150,87,0,6
2150,88,0,6
2150,89,0,7
2150,90,0,7
2150,91,0,6
2150,92,0,5
2150,93,1,5
2150,94,1,5
2150,95,0,5
2150,96,0,6
2150,97,0,5
2150,98,1,5
2150,99,0,5
2150,100,1,5
2150,101,0,5
2150,102,1,5
2150,103,2,5
2150,104,2,5
2150,105,3,5
2150,106,3,4
2150,107,2,4
2150,108,3,4
2150,109,3,5
2150,110,4,5
2150,111,5,5
2150,112,6,5
2150,113,6,4
2150,114,6,4
2150,115,5,4
2150,116,4,4
2150,117,3,4
2150,118,3,5
2150,119,3,6
2150,120,4,6
2150,121,4,5
2150,122,4,5
2150,123,5,5
2150,124,5,4
2150,125,5,3
2150,126,5,3
2150,127,5,3
2150,128,5,3
2150,129,5,2
2150,130,5,1
2150,131,6,1
2150,132,7,1
2150,133,6,1
2150,134,5,1
2150,135,6,1
2150,136,5,1
2150,137,5,0
2150,138,5,0
2150,139,5,1
2150,140,5,1
2150,141,4,1
2150,142,4,0
2150,143,4,1
2150,144,4,0
2150,145,4,0
2150,146,4,1
2150,147,4,1
2150,148,3,1
2150,149,2,1
2200,0,3,4
2200,1,4,4
2200,2,5,4
2200,3,4,4
2200,4,4,5
2200,5,4,6
2200,6,4,6
2200,7,4,6
2200,8,3,6
2200,9,3,7
2200,10,3,7
2200,11,3,7
2200,12,4,7
2200,13,4,6
2200,14,5,6
2200,15,5,6
2200,16,5,6
2200,17,5,5
2200,18,6,5
2200,19,7,5
2200,20,6,5
2200,21,6,4
2200,22,5,4
2200,23,5,3
2200,24,5,2
2200,25,4,2
2200,26,4,3
2200,27,5,3
2200,28,5,3
2200,29,4,3
2200,30,4,2
2200,31,5,2
2200,32,5,2
2200,33,5,1
2200,34,4,1
2200,35,4,2
2200,36,4,2
2200,37,4,1
2200,38,5,1
2200,39,6,1
2200,40,5,1
2200,41,4,1
2200,42,5,1
2200,43,6,1
2200,44,7,1
2200,45,7,2
2200,46,7,3
2200,47,7,3
2200,48,7,3
2200,49,6,3
2200,50,6,4
2200,51,6,3
2200,52,6,2
2200,53,5,2
2200,54,5,1
2200,55,4,1
2200,56,3,1
2200,57,4,1
2200,58,4,0
2200,59,4,1
2200,60,3,1
2200,61,3,1
2200,62,2,1
2200,63,2,2
2200,64,2,3
2200,65,2,3
2200,66,2,3
2200,67,3,3
2200,68,4,3
2200,69,5,3
2200,70,6,3
2200,71,6,3
2200,72,5,3
2200,73,5,2
2200,74,4,2
2200,75,4,3
2200,76,4,3
2200,77,3,3
2200,78,3,3
2200,79,3,3
2200,80,3,2
2200,81,4,2
2200,82,4,2
2200,83,5,2
2200,84,4,2
2200,85,4,1
2200,86,5,1
2200,87,5,1
2200,88,4,1
2200,89,4,0
2200,90,4,0
2200,91,4,0
2200,92,4,1
2200,93,5,1
2200,94,5,2
2200,95,5,3
2200,96,5,2
2200,97,5,3
2200,98,6,3
2200,99,6,2
2200,100,5,2
2200,101,6,2
2200,102,7,2
2200,103,7,3
2200,104,7,3
2200,105,7,4
2200,106,7,4
2200,107,7,5
2200,108,7,6
2200,109,7,5
2200,110,6,5
2200,111,6,4
2200,112,6,4
2200,113,6,3
2200,114,6,3
2200,115,6,4
2200,116,6,4
2200,117,6,3
2200,118,5,3
2200,119,5,4
2200,120,6,4
2200,121,5,4
2200,122,5,4
2200,123,4,4
2200,124,4,5
2200,125,4,6
2200,126,4,6
2200,127,4,7
2200,128,4,7
2200,129,4,6
2200,130,4,6
2200,131,4,7
2200,132,5,7
2200,133,5,6
2200,134,6,6
2200,135,6,5
2200,136,6,4
2200,137,6,3
2200,138,6,2
2200,139,5,2
2200,140,6,2
2200,141,6,3
2200,142,6,4
2200,143,6,4
2200,144,6,3
2200,145,5,3
2200,146,5,4
2200,147,5,4
2200,148,5,4
2200,149,5,3
2250,0,4,3
2250,1,4,2
2250,2,4,3
2250,3,4,3
2250,4,4,2
2250,5,5,2
2250,6,5,2
2250,7,6,2
2250,8,6,2
2250,9,5,2
2250,10,6,2
2250,11,6,1
2250,12,6,1
2250,13,6,2
2250,14,5,2
2250,15,4,2
2250,16,4,2
2250,17,4,1
2250,18,3,1
2250,19,4,1
2250,20,5,1
2250,21,4,1
2250,22,5,1
2250,23,5,2
2250,24,5,2
2250,25,6,2
2250,26,6,2
2250,27,6,1
2250,28,6,0
2250,29,6,0
2250,30,7,0
2250,31,7,1
2250,32,7,0
2250,33,7,0
2250,34,7,1
2250,35,6,1
2250,36,6,1
2250,37,6,2
2250,38,6,3
2250,39,6,2
2250,40,6,2
2250,41,6,1
2250,42,7,1
2250,43,7,1
2250,44,6,1
2250,45,5,1
2250,46,5,2
2250,47,6,2
2250,48,6,1
2250,49,5,1
2250,50,6,1
2250,51,6,0
2250,52,6,0
2250,53,6,1
2250,54,6,1
2250,55,6,0
2250,56,6,0
2250,57,5,0
2250,58,4,0
2250,59,4,0
2250,60,4,1
2250,61,5,1
2250,62,6,1
2250,63,6,1
2250,64,7,1
2250,65,7,2
2250,66,7,2
2250,67,7,2
2250,68,7,2
2250,69,6,2
2250,70,6,3
2250,71,6,2
2250,72,6,1
2250,73,5,1
2250,74,6,1
2250,75,6,2
2250,76,6,3
2250,77,6,3
2250,78,6,2
2250,79,5,2
2250,80,5,1
2250,81,4,1
2250,82,4,1
2250,83,5,1
2250,84,4,1
2250,85,5,1
2250,86,6,1
2250,87,7,1
2250,88,6,1
2250,89,6,0
2250,90,6,0
2250,91,5,0
2250,92,5,1
2250,93,5,2
2250,94,6,2
2250,95,5,2
2250,96,6,2
2250,97,7,2
2250,98,7,2
2250,99,7,1
2250,100,7,2
2250,101,7,3
2250,102,7,3
2250,103,7,3
2250,104,7,4
2250,105,6,4
2250,106,7,4
2250,107,7,4
2250,108,7,5
2250,109,6,5
2250,110,6,4
2250,111,5,4
2250,112,6,4
2250,113,7,4
2250,114,6,4
2250,115,6,3
2250,116,6,2
2250,117,5,2
2250,118,4,2
2250,119,4,3
2250,120,4,4
2250,121,3,4
2250,122,3,5
2250,123,4,5
2250,124,5,5
2250,125,5,6
2250,126,5,6
2250,127,5,6
2250,128,5,5
2250,129,4,5
2250,130,4,5
2250,131,5,5
2250,132,6,5
2250,133,6,6
2250,134,6,5
2250,135,6,4
2250,136,6,5
2250,137,6,4
2250,138,6,5
2250,139,6,4
2250,140,5,4
2250,141,6,4
2250,142,6,3
2250,143,6,4
2250,144,5,4
2250,145,5,4
2250,146,6,4
2250,147,6,5
2250,148,5,5
2250,149,5,6
2300,0,4,5
2300,1,4,6
2300,2,4,7
2300,3,4,6
2300,4,4,6
2300,5,4,7
2300,6,4,7
2300,7,4,6
2300,8,4,6
2300,9,5,6
2300,10,5,7
2300,11,5,7
2300,12,5,7
2300,13,5,6
2300,14,5,6
2300,15,5,7
2300,16,5,6
2300,17,5,5
2300,18,6,5
2300,19,7,5
2300,20,6,5
2300,21,6,5
2300,22,5,5
2300,23,5,5
2300,24,5,5
2300,25,5,5
2300,26,5,4
2300,27,5,3
2300,28,6,3
2300,29,6,4
2300,30,6,3
2300,31,6,2
2300,32,5,2
2300,33,5,3
2300,34,5,3
2300,35,4,3
2300,36,4,3
2300,37,3,3
2300,38,3,3
2300,39,3,3
2300,40,3,4
2300,41,3,5
2300,42,4,5
2300,43,4,4
2300,44,4,4
2300,45,3,4
2300,46,3,5
2300,47,3,5
2300,48,3,4
2300,49,3,4
2300,50,4,4
2300,51,4,4
2300,52,4,5
2300,53,5,5
2300,54,5,5
2300,55,5,5
2300,56,5,5
2300,57,4,5
2300,58,4,5
2300,59,4,6
2300,60,4,6
2300,61,4,7
2300,62,4,7
2300,63,4,7
2300,64,4,7
2300,65,4,6
2300,66,4,5
2300,67,5,5
2300,68,5,4
2300,69,5,5
2300,70,5,6
2300,71,4,6
2300,72,4,6
2300,73,4,6
2300,74,4,7
2300,75,4,7
2300,76,4,7
2300,77,4,6
2300,78,4,7
2300,79,3,7
2300,80,3,6
2300,81,3,7
2300,82,3,7
2300,83,3,7
2300,84,3,7
2300,85,2,7
2300,86,2,7
2300,87,2,6
2300,88,3,6
2300,89,3,7
2300,90,3,6
2300,91,4,6
2300,92,4,6
2300,93,4,7
2300,94,5,7
2300,95,5,6
2300,96,5,7
2300,97,4,7
2300,98,4,6
2300,99,5,6
2300,100,5,7
2300,101,6,7
2300,102,6,7
2300,103,6,7
2300,104,6,6
2300,105,6,5
2300,106,7,5
2300,107,6,5
2300,108,5,5
2300,109,6,5
2300,110,6,4
2300,111,6,5
2300,112,5,5
2300,113,6,5
2300,114,6,6
2300,115,5,6
2300,116,5,6
2300,117,6,6
2300,118,5,6
2300,119,5,7
2300,120,5,7
2300,121,5,6
2300,122,5,7
2300,123,5,7
2300,124,4,7
2300,125,4,6
2300,126,4,7
2300,127,4,6
2300,128,4,5
2300,129,4,5
2300,130,4,4
2300,131,4,4
2300,132,4,5
2300,133,4,5
2300,134,5,5
2300,135,5,5
2300,136,5,5
2300,137,6,5
2300,138,6,5
2300,139,6,5
2300,140,5,5
2300,141,6,5
2300,142,6,4
2300,143,5,4
2300,144,5,5
2300,145,5,6
2300,146,5,7
2300,147,5,6
2300,148,5,7
2300,149,5,6
2350,0,5,4
2350,1,5,5
2350,2,6,5
2350,3,5,5
2350,4,5,6
2350,5,4,6
2350,6,5,6
2350,7,5,6
2350,8,5,5
2350,9,4,5
2350,10,4,5
2350,11,4,5
2350,12,4,5
2350,13,5,5
2350,14,5,5
2350,15,5,5
2350,16,4,5
2350,17,4,6
2350,18,4,6
2350,19,4,7
2350,20,4,6
2350,21,4,5
2350,22,5,5
2350,23,4,5
2350,24,4,4
2350,25,4,3
2350,26,4,2
2350,27,4,2
2350,28,5,2
2350,29,4,2
2350,30,3,2
2350,31,3,2
2350,32,3,3
2350,33,2,3
2350,34,2,3
2350,35,2,3
2350,36,2,2
2350,37,3,2
2350,38,4,2
2350,39,4,1
2350,40,5,1
2350,41,6,1
2350,42,5,1
2350,43,5,0
2350,44,4,0
2350,45,5,0
2350,46,4,0
2350,47,5,0
2350,48,4,0
2350,49,4,0
2350,50,4,0
2350,51,5,0
2350,52,6,0
2350,53,6,0
2350,54,7,0
2350,55,7,1
2350,56,7,2
2350,57,7,2
2350,58,7,2
2350,59,7,2
2350,60,6,2
2350,61,6,1
2350,62,6,1
2350,63,6,0
2350,64,5,0
2350,65,6,0
2350,66,6,0
2350,67,5,0
2350,68,5,0
2350,69,6,0
2350,70,7,0
2350,71,7,0
2350,72,7,0
2350,73,7,0
2350,74,7,1
2350,75,6,1
2350,76,6,0
2350,77,7,0
2350,78,6,0
2350,79,5,0
2350,80,6,0
2350,81,5,0
2350,82,5,0
2350,83,6,0
2350,84,6,1
2350,85,5,1
2350,86,5,1
2350,87,4,1
2350,88,3,1
2350,89,3,1
2350,90,2,1
2350,91,2,1
2350,92,2,0
2350,93,1,0
2350,94,2,0
2350,95,1,0
2350,96,2,0
2350,97,2,0
2350,98,1,0
2350,99,1,0
2350,100,2,0
2350,101,2,1
2350,102,2,2
2350,103,2,2
2350,104,2,1
2350,105,1,1
2350,106,2,1
2350,107,2,1
2350,108,3,1
2350,109,2,1
2350,110,3,1
2350,111,2,1
2350,112,3,1
2350,113,2,1
2350,114,2,0
2350,115,1,0
2350,116,1,0
2350,117,0,0
2350,118,0,1
2350,119,0,2
2350,120,1,2
2350,121,0,2
2350,122,0,2
2350,123,0,3
2350,124,0,3
2350,125,1,3
2350,126,2,3
2350,127,1,3
2350,128,0,3
2350,129,1,3
2350,130,1,2
2350,131,0,2
2350,132,0,3
2350,133,0,4
2350,134,0,4
2350,135,0,4
2350,136,0,5
2350,137,0,5
2350,138,0,6
2350,139,0,7
2350,140,1,7
2350,141,2,7
2350,142,1,7
2350,143,1,6
2350,144,1,5
2350,145,1,5
2350,146,1,4
2350,147,0,4
2350,148,1,4
2350,149,1,5
2400,0,4,5
2400,1,4,6
2400,2,4,6
2400,3,4,6
2400,4,4,7
2400,5,4,6
2400,6,4,7
2400,7,5,7
2400,8,6,7
2400,9,6,6
2400,10,5,6
2400,11,5,6
2400,12,5,5
2400,13,5,6
2400,14,5,5
2400,15,5,6
2400,16,6,6
2400,17,6,7
2400,18,6,6
2400,19,5,6
2400,20,4,6
2400,21,3,6
2400,22,3,7
2400,23,3,6
2400,24,3,6
2400,25,3,7
2400,26,3,7
2400,27,3,7
2400,28,3,6
2400,29,3,7
2400,30,3,6
2400,31,3,7
2400,32,3,6
2400,33,3,7
2400,34,3,7
2400,35,4,7
2400,36,4,6
2400,37,4,6
2400,38,4,7
2400,39,4,6
2400,40,4,5
2400,41,4,5
2400,42,4,4
2400,43,5,4
2400,44,4,4
2400,45,5,4
2400,46,5,5
2400,47,5,4
2400,48,5,4
2400,49,5,5
2400,50,5,6
2400,51,5,6
2400,52,5,7
2400,53,6,7
2400,54,6,7
2400,55,6,7
2400,56,7,7
2400,57,7,7
2400,58,7,6
2400,59,7,7
2400,60,7,7
2400,61,7,7
2400,62,6,7
2400,63,5,7
2400,64,5,7
2400,65,5,7
2400,66,5,7
2400,67,5,6
2400,68,5,6
2400,69,5,6
2400,70,6,6
2400,71,6,5
2400,72,5,5
2400,73,5,6
2400,74,5,7
2400,75,5,7
2400,76,5,6
2400,77,5,6
2400,78,6,6
2400,79,7,6
2400,80,7,6
2400,81,7,6
2400,82,7,7
2400,83,7,7
2400,84,7,7
2400,85,7,7
2400,86,7,7
2400,87,7,7
2400,88,7,6
2400,89,7,6
2400,90,7,5
2400,91,6,5
2400,92,6,5
2400,93,6,4
2400,94,6,3
2400,95,5,3
2400,96,5,3
2400,97,6,3
2400,98,5,3
2400,99,5,4
2400,100,5,4
2400,101,5,3
2400,102,5,3
2400,103,5,4
2400,104,5,4
2400,105,6,4
2400,106,6,3
2400,107,6,2
2400,108,5,2
2400,109,5,1
2400,110,5,1
2400,111,5,0
2400,112,6,0
2400,113,6,0
2400,114,6,0
2400,115,5,0
2400,116,5,1
2400,117,5,2
2400,118,5,2
2400,119,5,1
2400,120,5,1
2400,121,4,1
2400,122,5,1
2400,123,6,1
2400,124,6,1
2400,125,6,2
2400,126,6,2
2400,127,6,3
2400,128,6,4
2400,129,6,4
2400,130,6,4
2400,131,5,4
2400,132,5,3
2400,133,6,3
2400,134,6,4
2400,135,6,3
2400,136,6,3
2400,137,6,3
2400,138,5,3
2400,139,6,3
2400,140,6,2
2400,141,5,2
2400,142,5,3
2400,143,6,3
2400,144,6,2
2400,145,6,1
2400,146,7,1
2400,147,7,2
2400,148,7,3
2400,149,7,4
2450,0,4,4
2450,1,3,4
2450,2,3,4
2450,3,2,4
2450,4,2,4
2450,5,1,4
2450,6,0,4
2450,7,0,4
2450,8,0,5
2450,9,0,4
2450,10,1,4
2450,11,1,3
2450,12,2,3
2450,13,2,4
2450,14,2,5
2450,15,2,6
2450,16,2,7
2450,17,2,6
2450,18,2,5
2450,19,3,5
2450,20,3,4
2450,21,3,3
2450,22,3,3
2450,23,3,3
2450,24,3,2
2450,25,4,2
2450,26,5,2
2450,27,6,2
2450,28,6,2
2450,29,6,1
2450,30,6,1
2450,31,6,1
2450,32,6,1
2450,33,6,0
2450,34,6,0
2450,35,6,1
2450,36,7,1
2450,37,7,1
2450,38,6,1
2450,39,5,1
2450,40,4,1
2450,41,5,1
2450,42,5,1
2450,43,6,1
2450,44,6,0
2450,45,6,1
2450,46,6,0
2450,47,7,0
2450,48,7,0
2450,49,7,0
2450,50,7,1
2450,51,7,0
2450,52,6,0
2450,53,6,0
2450,54,6,1
2450,55,6,0
2450,56,5,0
2450,57,4,0
2450,58,3,0
2450,59,4,0
2450,60,4,1
2450,61,4,0
2450,62,5,0
2450,63,6,0
2450,64,6,0
2450,65,5,0
2450,66,5,0
2450,67,5,0
2450,68,4,0
2450,69,4,1
2450,70,4,1
2450,71,3,1
2450,72,3,1
2450,73,3,1
2450,74,2,1
2450,75,3,1
2450,76,2,1
2450,77,3,1
2450,78,4,1
2450,79,3,1
2450,80,2,1
2450,81,3,1
2450,82,2,1
2450,83,1,1
2450,84,2,1
2450,85,2,2
2450,86,3,2
2450,87,4,2
2450,88,4,1
2450,89,4,0
2450,90,4,0
2450,91,3,0
2450,92,3,0
2450,93,2,0
2450,94,1,0
2450,95,0,0
2450,96,0,1
2450,97,1,1
2450,98,1,1
2450,99,2,1
2450,100,2,2
2450,101,2,2
2450,102,2,2
2450,103,2,1
2450,104,3,1
2450,105,4,1
2450,106,3,1
2450,107,4,1
2450,108,5,1
2450,109,4,1
2450,110,3,1
2450,111,4,1
2450,112,4,2
2450,113,3,2
2450,114,3,3
2450,115,3,4
2450,116,2,4
2450,117,1,4
2450,118,1,4
2450,119,1,3
2450,120,2,3
2450,121,3,3
2450,122,3,4
2450,123,2,4
2450,124,2,3
2450,125,2,3
2450,126,3,3
2450,127,3,2
2450,128,4,2
2450,129,4,3
2450,130,4,3
2450,131,5,3
2450,132,6,3
2450,133,6,2
2450,134,6,1
2450,135,7,1
2450,136,7,0
2450,137,7,0
2450,138,6,0
2450,139,6,0
2450,140,6,0
2450,141,7,0
2450,142,6,0
2450,143,6,1
2450,144,6,1
2450,145,6,1
2450,146,6,0
2450,147,6,0
2450,148,6,0
2450,149,6,1
2500,0,4,4
2500,1,5,4
2500,2,6,4
2500,3,7,4
2500,4,6,4
2500,5,6,3
2500,6,5,3
2500,7,5,2
2500,8,5,1
2500,9,5,2
2500,10,5,2
2500,11,5,1
2500,12,5,1
2500,13,5,1
2500,14,4,1
2500,15,3,1
2500,16,4,1
2500,17,3,1
2500,18,2,1
2500,19,1,1
2500,20,0,1
2500,21,0,1
2500,22,0,2
2500,23,0,1
2500,24,0,2
2500,25,0,2
2500,26,1,2
2500,27,1,1
2500,28,1,1
2500,29,2,1
2500,30,3,1
2500,31,2,1
2500,32,1,1
2500,33,2,1
2500,34,2,1
2500,35,1,1
2500,36,2,1
2500,37,3,1
2500,38,3,0
2500,39,2,0
2500,40,2,0
2500,41,2,1
2500,42,2,1
2500,43,2,0
2500,44,2,0
2500,45,1,0
2500,46,1,0
2500,47,0,0
2500,48,1,0
2500,49,1,1
2500,50,2,1
2500,51,2,1
2500,52,2,1
2500,53,2,2
2500,54,3,2
2500,55,3,1
2500,56,4,1
2500,57,3,1
2500,58,3,0
2500,59,4,0
2500,60,5,0
2500,61,6,0
2500,62,7,0
2500,63,7,0
2500,64,7,0
2500,65,7,0
2500,66,7,0
2500,67,6,0
2500,68,5,0
2500,69,6,0
2500,70,7,0
2500,71,7,1
2500,72,6,1
2500,73,5,1
2500,74,4,1
2500,75,4,2
2500,76,4,2
2500,77,4,2
2500,78,3,2
2500,79,3,1
2500,80,4,1
2500,81,4,1
2500,82,3,1
2500,83,3,0
2500,84,4,0
2500,85,5,0
2500,86,4,0
2500,87,4,0
2500,88,4,0
2500,89,3,0
2500,90,2,0
2500,91,2,0
2500,92,1,0
2500,93,1,1
2500,94,0,1
2500,95,0,1
2500,96,0,0
2500,97,0,1
2500,98,0,0
2500,99,0,1
2500,100,1,1
2500,101,0,1
2500,102,0,0
2500,103,0,0
2500,104,0,1
2500,105,0,2
2500,106,0,3
2500,107,1,3
2500,108,1,4
2500,109,2,4
2500,110,3,4
2500,111,3,4
2500,112,4,4
2500,113,4,3
2500,114,4,4
2500,115,4,3
2500,116,5,3
2500,117,5,2
2500,118,4,2
2500,119,4,1
2500,120,4,2
2500,121,4,2
2500,122,4,1
2500,123,4,2
2500,124,4,3
2500,125,3,3
2500,126,3,3
2500,127,3,4
2500,128,4,4
2500,129,5,4
2500,130,6,4
2500,131,6,3
2500,132,6,2
2500,133,5,2
2500,134,5,1
2500,135,5,0
2500,136,6,0
2500,137,7,0
2500,138,6,0
2500,139,7,0
2500,140,7,1
2500,141,7,1
2500,142,7,1
2500,143,7,2
2500,144,7,2
2500,145,7,3
2500,146,6,3
2500,147,6,2
2500,148,6,3
2500,149,6,2
2550,0,5,4
2550,1,6,4
2550,2,6,4
2550,3,6,4
2550,4,6,3
2550,5,6,2
2550,6,6,1
2550,7,5,1
2550,8,4,1
2550,9,5,1
2550,10,4,1
2550,11,5,1
2550,12,4,1
2550,13,3,1
2550,14,2,1
2550,15,1,1
2550,16,0,1
2550,17,0,2
2550,18,1,2
2550,19,0,2
2550,20,1,2
2550,21,0,2
2550,22,0,3
2550,23,0,2
2550,24,0,2
2550,25,0,2
2550,26,0,2
2550,27,0,3
2550,28,0,4
2550,29,0,5
2550,30,0,4
2550,31,0,4
2550,32,0,5
2550,33,0,6
2550,34,0,7
2550,35,0,7
2550,36,0,6
2550,37,0,6
2550,38,0,7
2550,39,0,7
2550,40,1,7
2550,41,1,7
2550,42,1,7
2550,43,2,7
2550,44,2,7
2550,45,2,6
2550,46,2,5
2550,47,3,5
2550,48,3,5
2550,49,3,5
2550,50,2,5
2550,51,3,5
2550,52,3,6
2550,53,2,6
2550,54,3,6
2550,55,3,7
2550,56,4,7
2550,57,4,7
2550,58,4,7
2550,59,3,7
2550,60,3,6
2550,61,3,7
2550,62,3,7
2550,63,3,7
2550,64,3,7
2550,65,2,7
2550,66,3,7
2550,67,2,7
2550,68,2,7
2550,69,2,6
2550,70,2,7
2550,71,2,7
2550,72,2,7
2550,73,3,7
2550,74,4,7
2550,75,3,7
2550,76,3,7
2550,77,3,7
2550,78,4,7
2550,79,4,7
2550,80,5,7
2550,81,5,6
2550,82,5,7
2550,83,6,7
2550,84,6,7
2550,85,7,7
2550,86,7,7
2550,87,7,7
2550,88,6,7
2550,89,6,7
2550,90,7,7
2550,91,6,7
2550,92,6,7
2550,93,6,7
2550,94,6,6
2550,95,6,7
2550,96,6,6
2550,97,6,7
2550,98,7,7
2550,99,7,7
2550,100,7,6
2550,101,7,6
2550,102,7,7
2550,103,7,6
2550,104,7,7
2550,105,7,7
2550,106,7,7
2550,107,6,7
2550,108,6,6
2550,109,6,7
2550,110,5,7
2550,111,4,7
2550,112,4,7
2550,113,4,7
2550,114,3,7
2550,115,3,7
2550,116,4,7
2550,117,4,7
2550,118,5,7
2550,119,6,7
2550,120,6,6
2550,121,6,5
2550,122,6,4
2550,123,6,3
2550,124,6,2
2550,125,7,2
2550,126,6,2
2550,127,5,2
2550,128,5,3
2550,129,5,3
2550,130,5,3
2550,131,4,3
2550,132,3,3
2550,133,4,3
2550,134,4,4
2550,135,4,4
2550,136,4,5
2550,137,5,5
2550,138,4,5
2550,139,4,4
2550,140,4,5
2550,141,4,5
2550,142,4,5
2550,143,3,5
2550,144,2,5
2550,145,2,4
2550,146,2,4
2550,147,1,4
2550,148,1,4
2550,149,1,4
2600,0,4,3
2600,1,5,3
2600,2,6,3
2600,3,6,3
2600,4,6,2
2600,5,6,1
2600,6,6,0
2600,7,6,1
2600,8,5,1
2600,9,4,1
2600,10,3,1
2600,11,4,1
2600,12,5,1
2600,13,4,1
2600,14,3,1
2600,15,2,1
2600,16,1,1
2600,17,1,1
2600,18,1,2
2600,19,1,1
2600,20,1,1
2600,21,1,2
2600,22,2,2
2600,23,2,3
2600,24,2,3
2600,25,2,2
2600,26,3,2
2600,27,3,1
2600,28,2,1
2600,29,1,1
2600,30,0,1
2600,31,0,1
2600,32,0,2
2600,33,0,1
2600,34,0,1
2600,35,0,2
2600,36,0,3
2600,37,0,4
2600,38,0,5
2600,39,1,5
2600,40,1,6
2600,41,1,6
2600,42,1,7
2600,43,2,7
2600,44,1,7
2600,45,1,7
2600,46,0,7
2600,47,1,7
2600,48,1,6
2600,49,2,6
2600,50,2,7
2600,51,2,7
2600,52,2,7
2600,53,2,7
2600,54,2,7
2600,55,2,6
2600,56,2,6
2600,57,2,7
2600,58,2,6
2600,59,3,6
2600,60,2,6
2600,61,2,7
2600,62,2,6
2600,63,2,5
2600,64,2,6
2600,65,3,6
2600,66,3,7
2600,67,3,7
2600,68,3,6
2600,69,3,5
2600,70,3,6
2600,71,3,7
2600,72,3,7
2600,73,4,7
2600,74,4,6
2600,75,4,6
2600,76,4,7
2600,77,5,7
2600,78,5,7
2600,79,5,6
2600,80,5,6
2600,81,5,6
2600,82,5,7
2600,83,6,7
2600,84,6,6
2600,85,7,6
2600,86,7,7
2600,87,7,6
2600,88,6,6
2600,89,6,7
2600,90,5,7
2600,91,5,7
2600,92,5,6
2600,93,6,6
2600,94,7,6
2600,95,6,6
2600,96,5,6
2600,97,5,6
2600,98,5,7
2600,99,6,7
2600,100,5,7
2600,101,6,7
2600,102,5,7
2600,103,5,7
2600,104,6,7
2600,105,5,7
2600,106,4,7
2600,107,4,7
2600,108,3,7
2600,109,3,7
2600,110,3,7
2600,111,3,7
2600,112,3,7
2600,113,3,7
2600,114,4,7
2600,115,4,7
2600,116,4,7
2600,117,4,6
2600,118,4,5
2600,119,4,6
2600,120,4,7
2600,121,5,7
2600,122,5,7
2600,123,5,6
2600,124,5,7
2600,125,6,7
2600,126,6,7
2600,127,6,7
2600,128,5,7
2600,129,5,6
2600,130,5,7
2600,131,5,7
2600,132,5,7
2600,133,5,7
2600,134,6,7
2600,135,7,7
2600,136,7,7
2600,137,6,7
2600,138,6,6
2600,139,6,6
2600,140,5,6
2600,141,6,6
2600,142,6,7
2600,143,5,7
2600,144,5,6
2600,145,5,6
2600,146,5,6
2600,147,5,6
2600,148,5,7
2600,149,4,7
2650,0,4,5
2650,1,4,6
2650,2,4,7
2650,3,4,6
2650,4,4,7
2650,5,5,7
2650,6,6,7
2650,7,6,7
2650,8,6,7
2650,9,6,7
2650,10,6,6
2650,11,6,5
2650,12,5,5
2650,13,5,4
2650,14,6,4
2650,15,5,4
2650,16,6,4
2650,17,6,5
2650,18,7,5
2650,19,6,5
2650,20,6,4
2650,21,6,5
2650,22,5,5
2650,23,5,4
2650,24,5,3
2650,25,5,4
2650,26,6,4
2650,27,6,3
2650,28,5,3
2650,29,5,4
2650,30,5,3
2650,31,5,2
2650,32,5,2
2650,33,5,2
2650,34,6,2
2650,35,6,3
2650,36,6,2
2650,37,6,3
2650,38,6,2
2650,39,5,2
2650,40,4,2
2650,41,4,1
2650,42,3,1
2650,43,3,1
2650,44,2,1
2650,45,3,1
2650,46,2,1
2650,47,1,1
2650,48,1,1
2650,49,1,2
2650,50,1,3
2650,51,0,3
2650,52,0,3
2650,53,0,3
2650,54,0,3
2650,55,0,4
2650,56,0,3
2650,57,0,4
2650,58,0,3
2650,59,0,4
2650,60,1,4
2650,61,1,4
2650,62,1,5
2650,63,2,5
2650,64,1,5
2650,65,1,4
2650,66,1,3
2650,67,1,3
2650,68,1,2
2650,69,2,2
2650,70,2,3
2650,71,2,3
2650,72,2,4
2650,73,2,4
2650,74,2,3
2650,75,2,4
2650,76,3,4
2650,77,3,3
2650,78,4,3
2650,79,5,3
2650,80,6,3
2650,81,7,3
2650,82,7,4
2650,83,7,5
2650,84,7,6
2650,85,7,7
2650,86,7,7
2650,87,7,6
2650,88,7,6
2650,89,7,7
2650,90,7,6
2650,91,7,7
2650,92,7,7
2650,93,7,7
2650,94,7,6
2650,95,7,5
2650,96,7,6
2650,97,7,6
2650,98,7,6
2650,99,6,6
2650,100,6,6
2650,101,6,5
2650,102,6,4
2650,103,7,4
2650,104,6,4
2650,105,6,5
2650,106,5,5
2650,107,5,6
2650,108,5,7
2650,109,4,7
2650,110,4,7
2650,111,4,7
2650,112,3,7
2650,113,3,7
2650,114,3,6
2650,115,3,6
2650,116,4,6
2650,117,4,5
2650,118,4,4
2650,119,4,3
2650,120,3,3
2650,121,3,3
2650,122,3,4
2650,123,3,4
2650,124,3,4
2650,125,3,3
2650,126,3,3
2650,127,2,3
2650,128,2,3
2650,129,2,4
2650,130,1,4
2650,131,1,3
2650,132,1,3
2650,133,1,3
2650,134,1,2
2650,135,2,2
2650,136,2,3
2650,137,2,4
2650,138,2,5
2650,139,2,4
2650,140,3,4
2650,141,3,5
2650,142,3,5
2650,143,3,5
2650,144,3,4
2650,145,4,4
2650,146,5,4
2650,147,5,3
2650,148,6,3
2650,149,6,4
2700,0,4,4
2700,1,4,4
2700,2,4,5
2700,3,4,4
2700,4,4,4
2700,5,5,4
2700,6,5,3
2700,7,6,3
2700,8,6,3
2700,9,6,3
2700,10,5,3
2700,11,6,3
2700,12,6,2
2700,13,6,1
2700,14,5,1
2700,15,4,1
2700,16,5,1
2700,17,4,1
2700,18,5,1
2700,19,5,2
2700,20,5,2
2700,21,5,1
2700,22,5,1
2700,23,5,1
2700,24,5,0
2700,25,5,0
2700,26,6,0
2700,27,6,0
2700,28,6,0
2700,29,7,0
2700,30,6,0
2700,31,7,0
2700,32,7,0
2700,33,7,0
2700,34,7,1
2700,35,7,1
2700,36,6,1
2700,37,6,1
2700,38,6,0
2700,39,7,0
2700,40,7,1
2700,41,6,1
2700,42,7,1
2700,43,6,1
2700,44,5,1
2700,45,5,2
2700,46,5,1
2700,47,5,2
2700,48,5,1
2700,49,5,2
2700,50,5,1
2700,51,6,1
2700,52,5,1
2700,53,5,0
2700,54,5,0
2700,55,5,0
2700,56,6,0
2700,57,6,0
2700,58,6,0
2700,59,7,0
2700,60,7,0
2700,61,7,0
2700,62,6,0
2700,63,6,0
2700,64,6,1
2700,65,5,1
2700,66,5,1
2700,67,6,1
2700,68,5,1
2700,69,5,0
2700,70,5,1
2700,71,4,1
2700,72,4,1
2700,73,4,1
2700,74,5,1
2700,75,6,1
2700,76,5,1
2700,77,6,1
2700,78,7,1
2700,79,7,2
2700,80,7,2
2700,81,7,2
2700,82,7,3
2700,83,7,4
2700,84,6,4
2700,85,5,4
2700,86,5,5
2700,87,5,4
2700,88,6,4
2700,89,6,5
2700,90,5,5
2700,91,6,5
2700,92,6,6
2700,93,6,7
2700,94,6,7
2700,95,6,6
2700,96,6,7
2700,97,6,7
2700,98,6,6
2700,99,6,6
2700,100,5,6
2700,101,5,6
2700,102,6,6
2700,103,6,7
2700,104,6,7
2700,105,7,7
2700,106,7,7
2700,107,7,6
2700,108,7,7
2700,109,7,7
2700,110,6,7
2700,111,5,7
2700,112,6,7
2700,113,6,6
2700,114,6,6
2700,115,6,5
2700,116,6,6
2700,117,6,5
2700,118,6,4
2700,119,6,3
2700,120,6,4
2700,121,7,4
2700,122,6,4
2700,123,7,4
2700,124,7,5
2700,125,7,6
2700,126,7,6
2700,127,6,6
2700,128,6,5
2700,129,6,4
2700,130,7,4
2700,131,7,5
2700,132,6,5
2700,133,7,5
2700,134,6,5
2700,135,7,5
2700,136,7,5
2700,137,7,6
2700,138,6,6
2700,139,6,5
2700,140,7,5
2700,141,7,6
2700,142,7,7
2700,143,7,7
2700,144,6,7
2700,145,6,6
2700,146,6,5
2700,147,6,4
2700,148,6,5
2700,149,5,5
2750,0,4,4
2750,1,4,3
2750,2,4,3
2750,3,4,3
2750,4,4,2
2750,5,4,2
2750,6,4,1
2750,7,4,1
2750,8,3,1
2750,9,3,2
2750,10,2,2
2750,11,2,3
2750,12,2,4
2750,13,2,4
2750,14,2,3
2750,15,2,4
2750,16,1,4
2750,17,2,4
2750,18,2,5
2750,19,2,5
2750,20,3,5
2750,21,3,5
2750,22,3,5
2750,23,2,5
2750,24,2,5
2750,25,2,6
2750,26,2,7
2750,27,2,7
2750,28,2,6
2750,29,2,6
2750,30,3,6
2750,31,3,5
2750,32,4,5
2750,33,5,5
2750,34,5,6
2750,35,5,6
2750,36,5,7
2750,37,5,7
2750,38,5,6
2750,39,6,6
2750,40,6,5
2750,41,5,5
2750,42,5,6
2750,43,5,5
2750,44,5,6
2750,45,5,7
2750,46,5,7
2750,47,4,7
2750,48,4,6
2750,49,5,6
2750,50,5,5
2750,51,5,6
2750,52,5,5
2750,53,5,5
2750,54,5,4
2750,55,5,3
2750,56,4,3
2750,57,5,3
2750,58,5,2
2750,59,5,2
2750,60,5,3
2750,61,5,3
2750,62,4,3
2750,63,4,3
2750,64,5,3
2750,65,4,3
2750,66,4,2
2750,67,4,1
2750,68,3,1
2750,69,2,1
2750,70,3,1
2750,71,3,0
2750,72,4,0
2750,73,5,0
2750,74,6,0
2750,75,7,0
2750,76,7,1
2750,77,7,0
2750,78,7,0
2750,79,7,0
2750,80,7,0
2750,81,7,0
2750,82,7,0
2750,83,7,0
2750,84,6,0
2750,85,7,0
2750,86,7,1
2750,87,6,1
2750,88,6,0
2750,89,7,0
2750,90,7,1
2750,91,6,1
2750,92,6,1
2750,93,6,0
2750,94,7,0
2750,95,7,1
2750,96,6,1
2750,97,6,1
2750,98,5,1
2750,99,4,1
2750,100,4,0
2750,101,4,0
2750,102,4,1
2750,103,4,1
2750,104,3,1
2750,105,2,1
2750,106,3,1
2750,107,4,1
2750,108,4,0
2750,109,4,0
2750,110,4,1
2750,111,4,1
2750,112,5,1
2750,113,4,1
2750,114,3,1
2750,115,2,1
2750,116,2,0
2750,117,3,0
2750,118,3,1
2750,119,2,1
2750,120,1,1
2750,121,0,1
2750,122,0,1
2750,123,0,2
2750,124,0,2
2750,125,1,2
2750,126,1,2
2750,127,1,3
2750,128,0,3
2750,129,0,3
2750,130,0,3
2750,131,0,4
2750,132,0,4
2750,133,0,5
2750,134,0,5
2750,135,0,5
2750,136,0,5
2750,137,0,6
2750,138,0,6
2750,139,0,5
2750,140,1,5
2750,141,2,5
2750,142,3,5
2750,143,2,5
2750,144,2,4
2750,145,1,4
2750,146,1,3
2750,147,2,3
2750,148,2,4
2750,149,2,5
2800,0,4,4
2800,1,4,4
2800,2,4,3
2800,3,4,4
2800,4,4,3
2800,5,5,3
2800,6,5,2
2800,7,5,1
2800,8,6,1
2800,9,6,2
2800,10,6,1
2800,11,6,0
2800,12,6,0
2800,13,6,1
2800,14,5,1
2800,15,6,1
2800,16,6,1
2800,17,5,1
2800,18,6,1
2800,19,5,1
2800,20,5,0
2800,21,6,0
2800,22,6,0
2800,23,7,0
2800,24,7,1
2800,25,7,1
2800,26,7,2
2800,27,7,2
2800,28,7,2
2800,29,7,3
2800,30,7,3
2800,31,7,3
2800,32,7,4
2800,33,7,4
2800,34,7,5
2800,35,7,6
2800,36,7,7
2800,37,6,7
2800,38,6,6
2800,39,6,7
2800,40,6,7
2800,41,6,6
2800,42,7,6
2800,43,7,7
2800,44,7,7
2800,45,7,7
2800,46,6,7
2800,47,6,6
2800,48,5,6
2800,49,6,6
2800,50,6,5
2800,51,6,5
2800,52,6,5
2800,53,6,6
2800,54,7,6
2800,55,7,7
2800,56,6,7
2800,57,6,6
2800,58,6,7
2800,59,6,7
2800,60,6,7
2800,61,6,7
2800,62,6,7
2800,63,5,7
2800,64,4,7
2800,65,5,7
2800,66,5,7
2800,67,4,7
2800,68,4,7
2800,69,4,7
2800,70,5,7
2800,71,5,6
2800,72,6,6
2800,73,6,5
2800,74,6,6
2800,75,6,5
2800,76,7,5
2800,77,7,6
2800,78,6,6
2800,79,6,7
2800,80,6,7
2800,81,7,7
2800,82,7,7
2800,83,7,6
2800,84,6,6
2800,85,6,7
2800,86,7,7
2800,87,7,7
2800,88,7,6
2800,89,7,7
2800,90,6,7
2800,91,6,7
2800,92,5,7
2800,93,5,7
2800,94,5,7
2800,95,5,7
2800,96,5,6
2800,97,6,6
2800,98,6,7
2800,99,6,7
2800,100,6,7
2800,101,6,6
2800,102,6,5
2800,103,6,4
2800,104,6,5
2800,105,6,6
2800,106,6,5
2800,107,5,5
2800,108,5,5
2800,109,5,6
2800,110,5,7
2800,111,6,7
2800,112,7,7
2800,113,7,7
2800,114,7,6
2800,115,7,7
2800,116,6,7
2800,117,6,7
2800,118,6,7
2800,119,5,7
2800,120,5,6
2800,121,6,6
2800,122,6,5
2800,123,6,4
2800,124,6,5
2800,125,6,6
2800,126,6,7
2800,127,6,6
2800,128,6,7
2800,129,7,7
2800,130,7,7
2800,131,7,7
2800,132,7,7
2800,133,7,7
2800,134,7,7
2800,135,6,7
2800,136,6,6
2800,137,5,6
2800,138,5,7
2800,139,5,7
2800,140,5,6
2800,141,5,7
2800,142,6,7
2800,143,6,6
2800,144,6,6
2800,145,5,6
2800,146,5,7
2800,147,4,7
2800,148,4,6
2800,149,4,6
2850,0,4,5
2850,1,3,5
2850,2,3,6
2850,3,4,6
2850,4,4,7
2850,5,3,7
2850,6,3,7
2850,7,3,6
2850,8,3,7
2850,9,3,6
2850,10,3,7
2850,11,3,7
2850,12,3,6
2850,13,3,7
2850,14,3,6
2850,15,3,7
2850,16,3,7
2850,17,3,6
2850,18,3,7
2850,19,3,7
2850,20,3,7
2850,21,4,7
2850,22,4,7
2850,23,4,6
2850,24,4,7
2850,25,5,7
2850,26,5,7
2850,27,5,6
2850,28,6,6
2850,29,5,6
2850,30,6,6
2850,31,6,5
2850,32,6,6
2850,33,6,5
2850,34,6,4
2850,35,6,4
2850,36,5,4
2850,37,5,5
2850,38,4,5
2850,39,4,6
2850,40,4,7
2850,41,4,7
2850,42,5,7
2850,43,5,6
2850,44,6,6
2850,45,6,5
2850,46,6,5
2850,47,6,5
2850,48,6,4
2850,49,6,5
2850,50,6,6
2850,51,6,7
2850,52,6,7
2850,53,6,7
2850,54,6,7
2850,55,6,6
2850,56,6,7
2850,57,6,7
2850,58,5,7
2850,59,4,7
2850,60,4,7
2850,61,3,7
2850,62,3,7
2850,63,3,7
2850,64,3,7
2850,65,3,7
2850,66,3,6
2850,67,3,5
2850,68,2,5
2850,69,1,5
2850,70,1,5
2850,71,1,5
2850,72,1,4
2850,73,1,4
2850,74,1,3
2850,75,1,4
2850,76,2,4
2850,77,2,5
2850,78,2,6
2850,79,3,6
2850,80,3,7
2850,81,3,7
2850,82,3,6
2850,83,3,7
2850,84,3,7
2850,85,3,7
2850,86,4,7
2850,87,4,7
2850,88,3,7
2850,89,4,7
2850,90,3,7
2850,91,3,7
2850,92,3,6
2850,93,3,5
2850,94,3,5
2850,95,3,4
2850,96,3,5
2850,97,3,6
2850,98,3,5
2850,99,2,5
2850,100,2,5
2850,101,2,5
2850,102,2,6
2850,103,2,7
2850,104,2,7
2850,105,1,7
2850,106,1,6
2850,107,1,7
2850,108,1,6
2850,109,1,5
2850,110,1,5
2850,111,0,5
2850,112,0,5
2850,113,0,5
2850,114,1,5
2850,115,1,6
2850,116,0,6
2850,117,0,6
2850,118,0,5
2850,119,0,5
2850,120,0,6
2850,121,0,5
2850,122,0,4
2850,123,0,4
2850,124,0,3
2850,125,1,3
2850,126,2,3
2850,127,2,3
2850,128,2,2
2850,129,2,2
2850,130,2,1
2850,131,2,0
2850,132,3,0
2850,133,2,0
2850,134,2,1
2850,135,2,2
2850,136,2,3
2850,137,1,3
2850,138,1,3
2850,139,2,3
2850,140,2,3
2850,141,1,3
2850,142,0,3
2850,143,0,2
2850,144,0,3
2850,145,0,4
2850,146,1,4
2850,147,1,4
2850,148,2,4
2850,149,3,4
2900,0,3,4
2900,1,2,4
2900,2,1,4
2900,3,1,3
2900,4,1,2
2900,5,0,2
2900,6,0,1
2900,7,0,2
2900,8,0,1
2900,9,1,1
2900,10,0,1
2900,11,0,2
2900,12,0,2
2900,13,0,3
2900,14,1,3
2900,15,1,3
2900,16,1,4
2900,17,2,4
2900,18,2,5
2900,19,3,5
2900,20,4,5
2900,21,4,4
2900,22,3,4
2900,23,3,5
2900,24,3,4
2900,25,3,5
2900,26,3,6
2900,27,3,7
2900,28,3,7
2900,29,3,6
2900,30,3,5
2900,31,3,6
2900,32,3,5
2900,33,4,5
2900,34,4,4
2900,35,4,3
2900,36,5,3
2900,37,5,3
2900,38,5,2
2900,39,5,1
2900,40,4,1
2900,41,3,1
2900,42,4,1
2900,43,5,1
2900,44,4,1
2900,45,3,1
2900,46,4,1
2900,47,3,1
2900,48,4,1
2900,49,5,1
2900,50,4,1
2900,51,5,1
2900,52,6,1
2900,53,6,0
2900,54,7,0
2900,55,7,0
2900,56,7,0
2900,57,7,0
2900,58,7,0
2900,59,6,0
2900,60,6,1
2900,61,5,1
2900,62,5,0
2900,63,5,0
2900,64,5,0
2900,65,5,1
2900,66,6,1
2900,67,7,1
2900,68,6,1
2900,69,7,1
2900,70,6,1
2900,71,5,1
2900,72,5,2
2900,73,5,1
2900,74,5,2
2900,75,5,1
2900,76,6,1
2900,77,5,1
2900,78,6,1
2900,79,5,1
2900,80,4,1
2900,81,5,1
2900,82,5,0
2900,83,6,0
2900,84,6,0
2900,85,6,0
2900,86,6,0
2900,87,7,0
2900,88,7,1
2900,89,7,2
2900,90,7,1
2900,91,6,1
2900,92,5,1
2900,93,5,2
2900,94,5,1
2900,95,5,2
2900,96,4,2
2900,97,4,1
2900,98,3,1
2900,99,2,1
2900,100,1,1
2900,101,1,2
2900,102,1,2
2900,103,1,1
2900,104,0,1
2900,105,0,1
2900,106,0,1
2900,107,0,2
2900,108,0,2
2900,109,0,1
2900,110,0,1
2900,111,1,1
2900,112,1,1
2900,113,1,1
2900,114,2,1
2900,115,3,1
2900,116,2,1
2900,117,2,0
2900,118,1,0
2900,119,2,0
2900,120,3,0
2900,121,4,0
2900,122,5,0
2900,123,6,0
2900,124,7,0
2900,125,7,1
2900,126,6,1
2900,127,7,1
2900,128,7,1
2900,129,7,1
2900,130,6,1
2900,131,6,2
2900,132,6,3
2900,133,5,3
2900,134,5,2
2900,135,6,2
2900,136,5,2
2900,137,6,2
2900,138,5,2
2900,139,6,2
2900,140,6,3
2900,141,6,3
2900,142,6,4
2900,143,6,4
2900,144,7,4
2900,145,6,4
2900,146,6,5
2900,147,6,6
2900,148,6,5
2900,149,6,4
2950,0,5,4
2950,1,6,4
2950,2,6,5
2950,3,7,5
2950,4,6,5
2950,5,7,5
2950,6,7,6
2950,7,6,6
2950,8,6,7
2950,9,6,7
2950,10,6,7
2950,11,7,7
2950,12,7,7
2950,13,7,7
2950,14,7,7
2950,15,7,7
2950,16,7,7
2950,17,7,7
2950,18,7,7
2950,19,6,7
2950,20,6,7
2950,21,6,7
2950,22,6,7
2950,23,6,7
2950,24,6,7
2950,25,6,7
2950,26,6,7
2950,27,6,6
2950,28,6,7
2950,29,6,7
2950,30,7,7
2950,31,7,7
2950,32,7,7
2950,33,6,7
2950,34,6,7
2950,35,6,7
2950,36,6,7
2950,37,5,7
2950,38,5,7
2950,39,5,7
2950,40,5,7
2950,41,5,6
2950,42,6,6
2950,43,6,7
2950,44,7,7
2950,45,7,7
2950,46,7,7
2950,47,7,7
2950,48,7,7
2950,49,7,7
2950,50,7,7
2950,51,7,7
2950,52,7,6
2950,53,6,6
2950,54,6,5
2950,55,5,5
2950,56,5,5
2950,57,4,5
2950,58,4,6
2950,59,4,7
2950,60,4,6
2950,61,4,7
2950,62,3,7
2950,63,3,7
2950,64,3,7
2950,65,3,7
2950,66,3,7
2950,67,3,7
2950,68,3,7
2950,69,2,7
2950,70,2,7
2950,71,2,7
2950,72,3,7
2950,73,4,7
2950,74,4,7
2950,75,4,6
2950,76,4,7
2950,77,3,7
2950,78,3,7
2950,79,3,7
2950,80,3,7
2950,81,2,7
2950,82,2,7
2950,83,3,7
2950,84,3,7
2950,85,2,7
2950,86,2,7
2950,87,3,7
2950,88,4,7
2950,89,5,7
2950,90,5,7
2950,91,5,7
2950,92,5,6
2950,93,5,6
2950,94,5,7
2950,95,4,7
2950,96,5,7
2950,97,5,7
2950,98,4,7
2950,99,5,7
2950,100,6,7
2950,101,6,6
2950,102,6,7
2950,103,7,7
2950,104,7,7
2950,105,7,7
2950,106,7,7
2950,107,7,7
2950,108,7,6
2950,109,7,7
2950,110,7,7
2950,111,7,7
2950,112,7,7
2950,113,6,7
2950,114,6,7
2950,115,5,7
2950,116,4,7
2950,117,3,7
2950,118,3,7
2950,119,3,7
2950,120,3,7
2950,121,3,7
2950,122,4,7
2950,123,3,7
2950,124,3,7
2950,125,4,7
2950,126,3,7
2950,127,4,7
2950,128,4,7
2950,129,5,7
2950,130,4,7
2950,131,3,7
2950,132,3,7
2950,133,3,7
2950,134,4,7
2950,135,3,7
2950,136,2,7
2950,137,2,7
2950,138,3,7
2950,139,3,7
2950,140,2,7
2950,141,1,7
2950,142,1,7
2950,143,1,7
2950,144,1,7
2950,145,1,6
2950,146,1,5
2950,147,1,5
2950,148,2,5
2950,149,2,5
3000,0,3,4
3000,1,2,4
3000,2,2,3
3000,3,2,3
3000,4,1,3
3000,5,1,3
3000,6,2,3
3000,7,2,2
3000,8,2,3
3000,9,2,4
3000,10,2,5
3000,11,1,5
3000,12,2,5
3000,13,2,5
3000,14,1,5
3000,15,1,5
3000,16,1,6
3000,17,1,6
3000,18,0,6
3000,19,0,6
3000,20,0,7
3000,21,0,7
3000,22,0,7
3000,23,0,7
3000,24,0,7
3000,25,0,7
3000,26,0,7
3000,27,0,7
3000,28,0,7
3000,29,0,7
3000,30,0,7
3000,31,1,7
3000,32,1,6
3000,33,1,6
3000,34,2,6
3000,35,2,7
3000,36,3,7
3000,37,3,7
3000,38,3,7
3000,39,3,7
3000,40,4,7
3000,41,3,7
3000,42,3,7
3000,43,3,7
3000,44,3,6
3000,45,4,6
3000,46,5,6
3000,47,5,5
3000,48,5,6
3000,49,5,7
3000,50,5,7
3000,51,4,7
3000,52,4,7
3000,53,4,7
3000,54,4,7
3000,55,4,6
3000,56,4,5
3000,57,4,4
3000,58,4,4
3000,59,4,5
3000,60,4,6
3000,61,5,6
3000,62,5,5
3000,63,5,6
3000,64,5,7
3000,65,5,6
3000,66,5,5
3000,67,4,5
3000,68,4,5
3000,69,5,5
3000,70,5,5
3000,71,4,5
3000,72,3,5
3000,73,3,5
3000,74,2,5
3000,75,3,5
3000,76,4,5
3000,77,4,6
3000,78,4,7
3000,79,3,7
3000,80,4,7
3000,81,4,7
3000,82,4,7
3000,83,4,7
3000,84,4,7
3000,85,4,6
3000,86,4,5
3000,87,5,5
3000,88,6,5
3000,89,6,5
3000,90,6,6
3000,91,6,7
3000,92,6,7
3000,93,6,7
3000,94,7,7
3000,95,7,7
3000,96,6,7
3000,97,7,7
3000,98,7,7
3000,99,7,7
3000,100,7,7
3000,101,7,7
3000,102,7,7
3000,103,7,7
3000,104,7,7
3000,105,6,7
3000,106,5,7
3000,107,5,7
3000,108,6,7
3000,109,6,6
3000,110,5,6
3000,111,5,7
3000,112,5,7
3000,113,6,7
3000,114,6,6
3000,115,6,5
3000,116,5,5
3000,117,5,6
3000,118,5,7
3000,119,6,7
3000,120,7,7
3000,121,7,7
3000,122,6,7
3000,123,7,7
3000,124,7,7
3000,125,7,7
3000,126,7,7
3000,127,7,7
3000,128,7,6
3000,129,6,6
3000,130,6,7
3000,131,7,7
3000,132,7,7
3000,133,7,7
3000,134,6,7
3000,135,6,7
3000,136,7,7
3000,137,7,7
3000,138,7,7
3000,139,7,7
3000,140,6,7
3000,141,7,7
3000,142,7,7
3000,143,7,7
3000,144,7,7
3000,145,7,7
3000,146,7,7
3000,147,7,7
3000,148,7,7
3000,149,7,7
3050,0,4,3
3050,1,4,3
3050,2,4,4
3050,3,4,4
3050,4,4,5
3050,5,3,5
3050,6,4,5
3050,7,4,5
3050,8,4,6
3050,9,4,6
3050,10,3,6
3050,11,4,6
3050,12,5,6
3050,13,6,6
3050,14,7,6
3050,15,7,6
3050,16,7,6
3050,17,7,7
3050,18,7,7
3050,19,7,7
3050,20,7,7
3050,21,7,7
3050,22,7,7
3050,23,7,7
3050,24,7,7
3050,25,7,7
3050,26,7,7
3050,27,7,7
3050,28,7,7
3050,29,7,7
3050,30,7,7
3050,31,7,7
3050,32,7,7
3050,33,7,7
3050,34,6,7
3050,35,6,7
3050,36,6,7
3050,37,5,7
3050,38,6,7
3050,39,6,6
3050,40,7,6
3050,41,7,7
3050,42,7,7
3050,43,7,6
3050,44,7,7
3050,45,7,7
3050,46,7,7
3050,47,7,6
3050,48,7,5
3050,49,7,6
3050,50,7,7
3050,51,7,7
3050,52,7,7
3050,53,7,6
3050,54,7,7
3050,55,7,7
3050,56,6,7
3050,57,7,7
3050,58,7,7
3050,59,7,7
3050,60,7,7
3050,61,7,6
3050,62,7,7
3050,63,7,7
3050,64,6,7
3050,65,7,7
3050,66,7,7
3050,67,7,7
3050,68,7,7
3050,69,7,7
3050,70,7,7
3050,71,7,7
3050,72,7,7
3050,73,6,7
3050,74,5,7
3050,75,4,7
3050,76,4,7
3050,77,4,7
3050,78,4,7
3050,79,4,7
3050,80,4,7
3050,81,4,6
3050,82,3,6
3050,83,3,7
3050,84,3,7
3050,85,4,7
3050,86,5,7
3050,87,5,7
3050,88,5,7
3050,89,5,6
3050,90,5,7
3050,91,5,7
3050,92,5,6
3050,93,4,6
3050,94,5,6
3050,95,5,7
3050,96,6,7
3050,97,6,7
3050,98,6,6
3050,99,6,5
3050,100,5,5
3050,101,6,5
3050,102,5,5
3050,103,6,5
3050,104,6,4
3050,105,7,4
3050,106,7,5
3050,107,7,6
3050,108,7,7
3050,109,6,7
3050,110,6,7
3050,111,7,7
3050,112,7,7
3050,113,7,6
3050,114,7,6
3050,115,7,7
3050,116,7,7
3050,117,7,7
3050,118,7,7
3050,119,7,7
3050,120,7,6
3050,121,7,7
3050,122,6,7
3050,123,6,7
3050,124,6,6
3050,125,6,7
3050,126,6,7
3050,127,7,7
3050,128,7,7
3050,129,7,7
3050,130,7,7
3050,131,7,7
3050,132,7,7
3050,133,7,7
3050,134,7,7
3050,135,7,7
3050,136,7,7
3050,137,7,7
3050,138,7,7
3050,139,7,7
3050,140,7,7
3050,141,7,7
3050,142,7,7
3050,143,7,7
3050,144,7,7
3050,145,7,6
3050,146,7,7
3050,147,7,7
3050,148,7,7
3050,149,7,7
3100,0,4,3
3100,1,4,3
3100,2,4,4
3100,3,4,4
3100,4,4,4
3100,5,3,4
3100,6,2,4
3100,7,2,4
3100,8,2,3
3100,9,2,3
3100,10,3,3
3100,11,3,3
3100,12,2,3
3100,13,2,2
3100,14,1,2
3100,15,1,3
3100,16,1,3
3100,17,1,3
3100,18,2,3
3100,19,2,4
3100,20,2,3
3100,21,2,3
3100,22,1,3
3100,23,2,3
3100,24,2,2
3100,25,2,2
3100,26,3,2
3100,27,4,2
3100,28,5,2
3100,29,5,1
3100,30,5,0
3100,31,6,0
3100,32,7,0
3100,33,7,0
3100,34,7,0
3100,35,7,0
3100,36,6,0
3100,37,6,0
3100,38,7,0
3100,39,7,0
3100,40,7,1
3100,41,7,0
3100,42,7,0
3100,43,7,1
3100,44,7,2
3100,45,7,2
3100,46,7,3
3100,47,7,4
3100,48,7,4
3100,49,7,4
3100,50,7,5
3100,51,6,5
3100,52,7,5
3100,53,7,4
3100,54,6,4
3100,55,7,4
3100,56,7,5
3100,57,7,4
3100,58,7,5
3100,59,6,5
3100,60,7,5
3100,61,7,6
3100,62,7,7
3100,63,7,7
3100,64,7,7
3100,65,6,7
3100,66,6,6
3100,67,6,7
3100,68,6,7
3100,69,5,7
3100,70,6,7
3100,71,6,6
3100,72,6,7
3100,73,7,7
3100,74,7,7
3100,75,7,7
3100,76,6,7
3100,77,6,6
3100,78,7,6
3100,79,7,7
3100,80,7,7
3100,81,7,7
3100,82,7,7
3100,83,7,7
3100,84,6,7
3100,85,6,6
3100,86,7,6
3100,87,7,7
3100,88,7,7
3100,89,7,7
3100,90,7,7
3100,91,7,7
3100,92,7,7
3100,93,7,7
3100,94,7,7
3100,95,7,7
3100,96,7,7
3100,97,7,7
3100,98,7,6
3100,99,7,6
3100,100,7,6
3100,101,7,6
3100,102,6,6
3100,103,7,6
3100,104,7,7
3100,105,7,7
3100,106,7,7
3100,107,6,7
3100,108,6,6
3100,109,6,7
3100,110,6,7
3100,111,6,6
3100,112,5,6
3100,113,5,5
3100,114,4,5
3100,115,4,6
3100,116,4,5
3100,117,4,6
3100,118,5,6
3100,119,5,7
3100,120,5,6
3100,121,5,6
3100,122,5,5
3100,123,6,5
3100,124,5,5
3100,125,6,5
3100,126,6,6
3100,127,7,6
3100,128,6,6
3100,129,7,6
3100,130,7,7
3100,131,7,7
3100,132,7,7
3100,133,7,7
3100,134,7,6
3100,135,7,5
3100,136,7,6
3100,137,7,6
3100,138,7,7
3100,139,7,7
3100,140,6,7
3100,141,6,7
3100,142,6,7
3100,143,6,6
3100,144,6,5
3100,145,6,6
3100,146,6,5
3100,147,6,6
3100,148,6,5
3100,149,6,6
3150,0,4,4
3150,1,5,4
3150,2,5,3
3150,3,4,3
3150,4,3,3
3150,5,4,3
3150,6,4,3
3150,7,4,2
3150,8,4,2
3150,9,3,2
3150,10,3,3
3150,11,2,3
3150,12,2,4
3150,13,2,5
3150,14,3,5
3150,15,3,6
3150,16,3,7
3150,17,3,6
3150,18,3,6
3150,19,3,7
3150,20,3,7
3150,21,4,7
3150,22,5,7
3150,23,5,7
3150,24,4,7
3150,25,4,7
3150,26,4,6
3150,27,5,6
3150,28,5,6
3150,29,5,7
3150,30,4,7
3150,31,4,6
3150,32,4,7
3150,33,4,7
3150,34,4,7
3150,35,5,7
3150,36,6,7
3150,37,6,6
3150,38,6,5
3150,39,5,5
3150,40,5,4
3150,41,5,5
3150,42,6,5
3150,43,6,6
3150,44,6,5
3150,45,6,6
3150,46,6,5
3150,47,6,6
3150,48,6,5
3150,49,6,6
3150,50,6,5
3150,51,6,6
3150,52,6,5
3150,53,6,6
3150,54,6,5
3150,55,6,6
3150,56,6,5
3150,57,6,6
3150,58,6,7
3150,59,5,7
3150,60,5,7
3150,61,5,6
3150,62,6,6
3150,63,6,6
3150,64,6,6
3150,65,6,7
3150,66,6,6
3150,67,6,5
3150,68,6,6
3150,69,6,5
3150,70,6,4
3150,71,7,4
3150,72,7,3
3150,73,6,3
3150,74,6,2
3150,75,6,2
3150,76,5,2
3150,77,5,2
3150,78,5,3
3150,79,5,3
3150,80,4,3
3150,81,4,3
3150,82,5,3
3150,83,5,2
3150,84,5,3
3150,85,5,3
3150,86,5,2
3150,87,5,2
3150,88,5,2
3150,89,6,2
3150,90,6,1
3150,91,7,1
3150,92,7,0
3150,93,7,1
3150,94,7,1
3150,95,7,1
3150,96,6,1
3150,97,7,1
3150,98,7,2
3150,99,7,1
3150,100,7,2
3150,101,7,2
3150,102,7,3
3150,103,7,3
3150,104,7,3
3150,105,7,3
3150,106,7,3
3150,107,7,4
3150,108,7,5
3150,109,7,6
3150,110,7,6
3150,111,7,6
3150,112,7,6
3150,113,6,6
3150,114,6,7
3150,115,6,6
3150,116,5,6
3150,117,4,6
3150,118,4,6
3150,119,5,6
3150,120,6,6
3150,121,5,6
3150,122,5,7
3150,123,4,7
3150,124,4,6
3150,125,4,7
3150,126,4,7
3150,127,4,6
3150,128,5,6
3150,129,5,5
3150,130,6,5
3150,131,6,6
3150,132,6,7
3150,133,6,7
3150,134,5,7
3150,135,4,7
3150,136,4,7
3150,137,5,7
3150,138,5,7
3150,139,5,7
3150,140,5,6
3150,141,4,6
3150,142,4,5
3150,143,3,5
3150,144,2,5
3150,145,2,6
3150,146,2,7
3150,147,3,7
3150,148,3,6
3150,149,3,7
3200,0,4,5
3200,1,3,5
3200,2,2,5
3200,3,1,5
3200,4,2,5
3200,5,2,5
3200,6,1,5
3200,7,1,6
3200,8,0,6
3200,9,0,7
3200,10,0,6
3200,11,0,6
3200,12,0,7
3200,13,1,7
3200,14,2,7
3200,15,2,7
3200,16,2,7
3200,17,1,7
3200,18,2,7
3200,19,3,7
3200,20,4,7
3200,21,4,7
3200,22,5,7
3200,23,6,7
3200,24,6,6
3200,25,6,7
3200,26,6,7
3200,27,5,7
3200,28,4,7
3200,29,5,7
3200,30,4,7
3200,31,5,7
3200,32,5,6
3200,33,5,5
3200,34,6,5
3200,35,5,5
3200,36,5,6
3200,37,5,5
3200,38,6,5
3200,39,5,5
3200,40,6,5
3200,41,7,5
3200,42,7,5
3200,43,7,6
3200,44,6,6
3200,45,6,6
3200,46,6,6
3200,47,6,5
3200,48,6,6
3200,49,7,6
3200,50,7,6
3200,51,7,7
3200,52,7,7
3200,53,7,7
3200,54,7,7
3200,55,7,7
3200,56,7,7
3200,57,7,7
3200,58,7,6
3200,59,7,5
3200,60,7,4
3200,61,7,4
3200,62,7,5
3200,63,7,5
3200,64,7,6
3200,65,7,6
3200,66,7,7
3200,67,7,7
3200,68,7,7
3200,69,7,7
3200,70,6,7
3200,71,6,6
3200,72,6,6
3200,73,7,6
3200,74,7,6
3200,75,7,7
3200,76,7,7
3200,77,7,6
3200,78,7,7
3200,79,7,6
3200,80,7,7
3200,81,7,7
3200,82,7,7
3200,83,7,6
3200,84,7,7
3200,85,6,7
3200,86,6,6
3200,87,6,7
3200,88,6,6
3200,89,6,6
3200,90,7,6
3200,91,7,5
3200,92,6,5
3200,93,7,5
3200,94,7,4
3200,95,6,4
3200,96,6,3
3200,97,6,2
3200,98,6,3
3200,99,6,2
3200,100,6,2
3200,101,5,2
3200,102,5,2
3200,103,5,2
3200,104,6,2
3200,105,7,2
3200,106,7,3
3200,107,7,4
3200,108,7,3
3200,109,6,3
3200,110,6,2
3200,111,6,1
3200,112,6,0
3200,113,6,1
3200,114,6,0
3200,115,7,0
3200,116,6,0
3200,117,7,0
3200,118,7,0
3200,119,7,0
3200,120,7,0
3200,121,7,0
3200,122,7,0
3200,123,7,0
3200,124,6,0
3200,125,7,0
3200,126,7,1
3200,127,7,1
3200,128,7,2
3200,129,7,3
3200,130,6,3
3200,131,5,3
3200,132,5,4
3200,133,5,3
3200,134,4,3
3200,135,3,3
3200,136,3,2
3200,137,2,2
3200,138,2,2
3200,139,1,2
3200,140,1,1
3200,141,2,1
3200,142,2,1
3200,143,3,1
3200,144,2,1
3200,145,1,1
3200,146,1,1
3200,147,1,1
3200,148,0,1
3200,149,0,1
3250,0,4,3
3250,1,4,2
3250,2,5,2
3250,3,5,2
3250,4,4,2
3250,5,4,1
3250,6,3,1
3250,7,3,1
3250,8,2,1
3250,9,3,1
3250,10,3,0
3250,11,4,0
3250,12,5,0
3250,13,5,0
3250,14,6,0
3250,15,7,0
3250,16,7,1
3250,17,7,0
3250,18,7,1
3250,19,6,1
3250,20,6,1
3250,21,5,1
3250,22,5,2
3250,23,4,2
3250,24,4,1
3250,25,3,1
3250,26,4,1
3250,27,4,1
3250,28,3,1
3250,29,3,2
3250,30,3,2
3250,31,3,3
3250,32,3,3
3250,33,2,3
3250,34,2,3
3250,35,2,3
3250,36,2,2
3250,37,1,2
3250,38,1,2
3250,39,1,3
3250,40,1,3
3250,41,1,2
3250,42,1,2
3250,43,2,2
3250,44,1,2
3250,45,2,2
3250,46,3,2
3250,47,3,2
3250,48,3,2
3250,49,3,3
3250,50,3,3
3250,51,2,3
3250,52,2,3
3250,53,2,3
3250,54,3,3
3250,55,3,4
3250,56,3,4
3250,57,3,5
3250,58,3,5
3250,59,3,6
3250,60,2,6
3250,61,2,5
3250,62,2,6
3250,63,3,6
3250,64,3,7
3250,65,4,7
3250,66,4,7
3250,67,4,7
3250,68,4,7
3250,69,4,7
3250,70,4,7
3250,71,5,7
3250,72,6,7
3250,73,6,6
3250,74,6,5
3250,75,6,5
3250,76,7,5
3250,77,7,5
3250,78,7,5
3250,79,6,5
3250,80,5,5
3250,81,5,4
3250,82,5,3
3250,83,6,3
3250,84,6,2
3250,85,6,2
3250,86,5,2
3250,87,6,2
3250,88,6,1
3250,89,5,1
3250,90,6,1
3250,91,6,0
3250,92,5,0
3250,93,4,0
3250,94,4,0
3250,95,4,1
3250,96,5,1
3250,97,6,1
3250,98,6,2
3250,99,6,1
3250,100,6,2
3250,101,5,2
3250,102,5,3
3250,103,5,3
3250,104,4,3
3250,105,3,3
3250,106,3,4
3250,107,2,4
3250,108,2,4
3250,109,2,4
3250,110,2,4
3250,111,2,5
3250,112,2,5
3250,113,2,5
3250,114,2,6
3250,115,2,7
3250,116,1,7
3250,117,1,7
3250,118,2,7
3250,119,2,7
3250,120,1,7
3250,121,2,7
3250,122,1,7
3250,123,2,7
3250,124,3,7
3250,125,3,7
3250,126,3,7
3250,127,3,7
3250,128,3,6
3250,129,3,7
3250,130,3,7
3250,131,3,7
3250,132,3,6
3250,133,2,6
3250,134,2,7
3250,135,2,7
3250,136,1,7
3250,137,0,7
3250,138,0,7
3250,139,0,7
3250,140,0,7
3250,141,1,7
3250,142,1,7
3250,143,0,7
3250,144,1,7
3250,145,2,7
3250,146,2,7
3250,147,1,7
3250,148,0,7
3250,149,0,7
3300,0,3,4
3300,1,3,4
3300,2,2,4
3300,3,3,4
3300,4,3,3
3300,5,3,2
3300,6,3,2
3300,7,3,2
3300,8,2,2
3300,9,1,2
3300,10,1,2
3300,11,1,1
3300,12,1,0
3300,13,0,0
3300,14,0,0
3300,15,1,0
3300,16,0,0
3300,17,0,1
3300,18,0,2
3300,19,0,2
3300,20,0,3
3300,21,0,4
3300,22,0,4
3300,23,0,4
3300,24,0,5
3300,25,0,5
3300,26,0,6
3300,27,0,7
3300,28,1,7
3300,29,0,7
3300,30,0,7
3300,31,1,7
3300,32,1,7
3300,33,1,6
3300,34,1,5
3300,35,1,6
3300,36,1,7
3300,37,1,6
3300,38,1,5
3300,39,1,5
3300,40,2,5
3300,41,2,6
3300,42,2,5
3300,43,1,5
3300,44,2,5
3300,45,3,5
3300,46,4,5
3300,47,4,4
3300,48,5,4
3300,49,5,3
3300,50,4,3
3300,51,4,2
3300,52,5,2
3300,53,6,2
3300,54,6,2
3300,55,5,2
3300,56,4,2
3300,57,5,2
3300,58,6,2
3300,59,6,3
3300,60,6,3
3300,61,6,2
3300,62,6,1
3300,63,7,1
3300,64,7,2
3300,65,7,3
3300,66,7,2
3300,67,7,3
3300,68,7,4
3300,69,7,3
3300,70,7,4
3300,71,7,4
3300,72,7,5
3300,73,7,6
3300,74,7,6
3300,75,7,7
3300,76,7,6
3300,77,7,5
3300,78,7,6
3300,79,7,5
3300,80,7,5
3300,81,7,5
3300,82,7,6
3300,83,7,7
3300,84,7,6
3300,85,7,7
3300,86,7,7
3300,87,7,6
3300,88,7,6
3300,89,7,5
3300,90,7,6
3300,91,7,7
3300,92,7,6
3300,93,6,6
3300,94,6,7
3300,95,6,7
3300,96,6,7
3300,97,5,7
3300,98,5,6
3300,99,5,5
3300,100,6,5
3300,101,7,5
3300,102,7,6
3300,103,7,6
3300,104,7,5
3300,105,6,5
3300,106,5,5
3300,107,6,5
3300,108,6,6
3300,109,6,7
3300,110,6,7
3300,111,6,7
3300,112,6,6
3300,113,6,5
3300,114,6,6
3300,115,6,7
3300,116,6,7
3300,117,6,7
3300,118,5,7
3300,119,5,6
3300,120,6,6
3300,121,5,6
3300,122,6,6
3300,123,6,5
3300,124,6,6
3300,125,6,5
3300,126,6,4
3300,127,5,4
3300,128,5,3
3300,129,5,2
3300,130,5,1
3300,131,6,1
3300,132,6,1
3300,133,6,1
3300,134,6,0
3300,135,6,1
3300,136,7,1
3300,137,7,0
3300,138,7,0
3300,139,6,0
3300,140,5,0
3300,141,5,1
3300,142,5,0
3300,143,5,1
3300,144,5,0
3300,145,6,0
3300,146,7,0
3300,147,7,0
3300,148,7,0
3300,149,7,0
3350,0,4,3
3350,1,4,4
3350,2,5,4
3350,3,5,3
3350,4,5,3
3350,5,5,4
3350,6,5,5
3350,7,5,4
3350,8,5,4
3350,9,5,4
3350,10,4,4
3350,11,5,4
3350,12,6,4
3350,13,7,4
3350,14,7,5
3350,15,7,5
3350,16,7,5
3350,17,7,4
3350,18,7,3
3350,19,7,4
3350,20,7,5
3350,21,7,6
3350,22,7,5
3350,23,7,6
3350,24,7,7
3350,25,7,7
3350,26,7,6
3350,27,7,5
3350,28,7,6
3350,29,6,6
3350,30,7,6
3350,31,7,5
3350,32,7,6
3350,33,7,7
3350,34,6,7
3350,35,7,7
3350,36,7,7
3350,37,7,7
3350,38,7,7
3350,39,6,7
3350,40,6,6
3350,41,7,6
3350,42,7,6
3350,43,7,6
3350,44,7,6
3350,45,7,7
3350,46,7,7
3350,47,7,6
3350,48,6,6
3350,49,7,6
3350,50,7,6
3350,51,6,6
3350,52,6,5
3350,53,7,5
3350,54,7,5
3350,55,7,5
3350,56,7,6
3350,57,7,7
3350,58,7,6
3350,59,6,6
3350,60,6,5
3350,61,7,5
3350,62,7,5
3350,63,7,6
3350,64,7,6
3350,65,6,6
3350,66,7,6
3350,67,7,7
3350,68,7,7
3350,69,7,7
3350,70,7,7
3350,71,7,7
3350,72,7,7
3350,73,6,7
3350,74,7,7
3350,75,7,7
3350,76,7,7
3350,77,7,6
3350,78,7,6
3350,79,7,7
3350,80,7,6
3350,81,7,6
3350,82,7,5
3350,83,7,5
3350,84,7,6
3350,85,7,7
3350,86,7,7
3350,87,7,6
3350,88,7,7
3350,89,6,7
3350,90,5,7
3350,91,6,7
3350,92,6,6
3350,93,5,6
3350,94,6,6
3350,95,6,5
3350,96,5,5
3350,97,5,6
3350,98,4,6
3350,99,3,6
3350,100,3,7
3350,101,3,6
3350,102,3,7
3350,103,3,7
3350,104,4,7
3350,105,3,7
3350,106,4,7
3350,107,4,7
3350,108,5,7
3350,109,6,7
3350,110,7,7
3350,111,7,7
3350,112,7,6
3350,113,6,6
3350,114,5,6
3350,115,5,7
3350,116,5,7
3350,117,5,6
3350,118,4,6
3350,119,5,6
3350,120,6,6
3350,121,6,5
3350,122,5,5
3350,123,6,5
3350,124,7,5
3350,125,7,5
3350,126,7,5
3350,127,7,5
3350,128,7,6
3350,129,7,6
3350,130,6,6
3350,131,6,5
3350,132,6,4
3350,133,6,4
3350,134,5,4
3350,135,5,3
3350,136,5,2
3350,137,5,1
3350,138,6,1
3350,139,5,1
3350,140,4,1
3350,141,3,1
3350,142,4,1
3350,143,4,1
3350,144,4,1
3350,145,5,1
3350,146,6,1
3350,147,7,1
3350,148,6,1
3350,149,6,1
3400,0,4,5
3400,1,4,5
3400,2,3,5
3400,3,3,6
3400,4,3,5
3400,5,4,5
3400,6,5,5
3400,7,5,5
3400,8,4,5
3400,9,4,5
3400,10,4,5
3400,11,4,6
3400,12,4,6
3400,13,3,6
3400,14,3,5
3400,15,2,5
3400,16,3,5
3400,17,4,5
3400,18,4,5
3400,19,4,4
3400,20,4,4
3400,21,4,3
3400,22,4,3
3400,23,3,3
3400,24,3,3
3400,25,3,3
3400,26,4,3
3400,27,3,3
3400,28,2,3
3400,29,2,3
3400,30,3,3
3400,31,3,3
3400,32,4,3
3400,33,4,3
3400,34,5,3
3400,35,5,3
3400,36,4,3
3400,37,4,3
3400,38,4,4
3400,39,4,4
3400,40,4,5
3400,41,4,6
3400,42,4,5
3400,43,4,5
3400,44,4,4
3400,45,4,4
3400,46,4,3
3400,47,4,3
3400,48,4,2
3400,49,4,2
3400,50,4,3
3400,51,4,3
3400,52,5,3
3400,53,4,3
3400,54,5,3
3400,55,4,3
3400,56,5,3
3400,57,4,3
3400,58,4,4
3400,59,4,4
3400,60,4,4
3400,61,4,3
3400,62,3,3
3400,63,3,4
3400,64,3,3
3400,65,3,3
3400,66,3,4
3400,67,3,3
3400,68,3,2
3400,69,3,2
3400,70,3,1
3400,71,3,0
3400,72,3,1
3400,73,3,1
3400,74,4,1
3400,75,3,1
3400,76,2,1
3400,77,2,1
3400,78,3,1
3400,79,4,1
3400,80,5,1
3400,81,6,1
3400,82,6,2
3400,83,6,2
3400,84,6,3
3400,85,7,3
3400,86,7,3
3400,87,7,4
3400,88,7,4
3400,89,7,4
3400,90,7,5
3400,91,7,6
3400,92,7,7
3400,93,6,7
3400,94,6,6
3400,95,6,5
3400,96,7,5
3400,97,6,5
3400,98,6,6
3400,99,6,5
3400,100,6,4
3400,101,5,4
3400,102,5,4
3400,103,4,4
3400,104,3,4
3400,105,3,3
3400,106,2,3
3400,107,1,3
3400,108,1,4
3400,109,0,4
3400,110,0,4
3400,111,0,3
3400,112,0,3
3400,113,0,4
3400,114,0,5
3400,115,0,5
3400,116,0,6
3400,117,0,7
3400,118,0,7
3400,119,0,6
3400,120,1,6
3400,121,1,7
3400,122,1,7
3400,123,1,6
3400,124,1,6
3400,125,1,7
3400,126,1,7
3400,127,0,7
3400,128,0,6
3400,129,0,5
3400,130,0,5
3400,131,0,5
3400,132,0,5
3400,133,1,5
3400,134,1,5
3400,135,1,4
3400,136,2,4
3400,137,3,4
3400,138,3,3
3400,139,4,3
3400,140,3,3
3400,141,4,3
3400,142,3,3
3400,143,4,3
3400,144,3,3
3400,145,4,3
3400,146,5,3
3400,147,6,3
3400,148,6,2
3400,149,5,2
3450,0,4,4
3450,1,4,3
3450,2,4,2
3450,3,4,2
3450,4,4,2
3450,5,3,2
3450,6,3,3
3450,7,3,3
3450,8,4,3
3450,9,4,3
3450,10,4,3
3450,11,5,3
3450,12,4,3
3450,13,4,2
3450,14,5,2
3450,15,5,2
3450,16,5,2
3450,17,5,3
3450,18,6,3
3450,19,5,3
3450,20,5,4
3450,21,5,4
3450,22,4,4
3450,23,4,4
3450,24,3,4
3450,25,3,4
3450,26,3,5
3450,27,3,5
3450,28,2,5
3450,29,2,6
3450,30,2,5
3450,31,2,5
3450,32,3,5
3450,33,3,5
3450,34,2,5
3450,35,2,5
3450,36,2,5
3450,37,2,6
3450,38,2,6
3450,39,2,5
3450,40,2,5
3450,41,2,6
3450,42,2,5
3450,43,3,5
3450,44,2,5
3450,45,2,6
3450,46,2,5
3450,47,1,5
3450,48,1,5
3450,49,1,6
3450,50,2,6
3450,51,2,6
3450,52,2,5
3450,53,2,4
3450,54,2,4
3450,55,2,3
3450,56,2,4
3450,57,2,4
3450,58,1,4
3450,59,2,4
3450,60,2,3
3450,61,2,3
3450,62,3,3
3450,63,3,4
3450,64,4,4
3450,65,3,4
3450,66,3,4
3450,67,4,4
3450,68,4,3
3450,69,4,4
3450,70,4,4
3450,71,4,3
3450,72,5,3
3450,73,5,4
3450,74,5,4
3450,75,5,5
3450,76,4,5
3450,77,4,4
3450,78,3,4
3450,79,3,3
3450,80,3,3
3450,81,3,2
3450,82,3,2
3450,83,3,2
3450,84,3,1
3450,85,3,1
3450,86,3,2
3450,87,3,2
3450,88,4,2
3450,89,4,2
3450,90,4,2
3450,91,5,2
3450,92,5,1
3450,93,4,1
3450,94,3,1
3450,95,2,1
3450,96,3,1
3450,97,2,1
3450,98,3,1
3450,99,2,1
3450,100,1,1
3450,101,0,1
3450,102,1,1
3450,103,2,1
3450,104,3,1
3450,105,2,1
3450,106,2,1
3450,107,3,1
3450,108,4,1
3450,109,3,1
3450,110,4,1
3450,111,5,1
3450,112,6,1
3450,113,7,1
3450,114,7,2
3450,115,7,2
3450,116,6,2
3450,117,6,1
3450,118,5,1
3450,119,5,0
3450,120,4,0
3450,121,4,0
3450,122,4,1
3450,123,4,0
3450,124,4,1
3450,125,4,0
3450,126,4,0
3450,127,5,0
3450,128,4,0
3450,129,3,0
3450,130,3,1
3450,131,4,1
3450,132,4,0
3450,133,4,1
3450,134,5,1
3450,135,4,1
3450,136,3,1
3450,137,4,1
3450,138,5,1
3450,139,5,0
3450,140,4,0
3450,141,5,0
3450,142,6,0
3450,143,6,1
3450,144,5,1
3450,145,5,2
3450,146,6,2
3450,147,6,2
3450,148,6,1
3450,149,6,0
3500,0,5,4
3500,1,5,5
3500,2,5,5
3500,3,4,5
3500,4,5,5
3500,5,4,5
3500,6,4,4
3500,7,3,4
3500,8,3,4
3500,9,3,3
3500,10,2,3
3500,11,2,4
3500,12,2,5
3500,13,1,5
3500,14,1,5
3500,15,0,5
3500,16,0,5
3500,17,0,4
3500,18,0,4
3500,19,0,4
3500,20,0,5
3500,21,0,6
3500,22,1,6
3500,23,1,7
3500,24,1,7
3500,25,1,6
3500,26,1,6
3500,27,1,5
3500,28,1,4
3500,29,1,3
3500,30,1,2
3500,31,1,2
3500,32,1,1
3500,33,1,2
3500,34,1,1
3500,35,1,0
3500,36,1,1
3500,37,1,1
3500,38,2,1
3500,39,3,1
3500,40,4,1
3500,41,3,1
3500,42,2,1
3500,43,2,0
3500,44,2,1
3500,45,2,0
3500,46,2,0
3500,47,2,0
3500,48,1,0
3500,49,1,1
3500,50,2,1
3500,51,1,1
3500,52,2,1
3500,53,2,0
3500,54,3,0
3500,55,4,0
3500,56,5,0
3500,57,6,0
3500,58,6,1
3500,59,6,0
3500,60,6,1
3500,61,6,0
3500,62,6,1
3500,63,5,1
3500,64,4,1
3500,65,3,1
3500,66,2,1
3500,67,3,1
3500,68,2,1
3500,69,3,1
3500,70,2,1
3500,71,1,1
3500,72,2,1
3500,73,2,1
3500,74,3,1
3500,75,4,1
3500,76,3,1
3500,77,4,1
3500,78,4,2
3500,79,4,3
3500,80,3,3
3500,81,2,3
3500,82,2,3
3500,83,3,3
3500,84,3,3
3500,85,2,3
3500,86,1,3
3500,87,0,3
3500,88,0,3
3500,89,0,2
3500,90,0,3
3500,91,0,2
3500,92,0,2
3500,93,0,3
3500,94,0,3
3500,95,0,3
3500,96,0,4
3500,97,0,4
3500,98,1,4
3500,99,2,4
3500,100,2,4
3500,101,2,5
3500,102,2,5
3500,103,2,5
3500,104,2,6
3500,105,2,7
3500,106,2,6
3500,107,2,6
3500,108,2,5
3500,109,3,5
3500,110,3,5
3500,111,3,5
3500,112,3,5
3500,113,2,5
3500,114,1,5
3500,115,2,5
3500,116,1,5
3500,117,0,5
3500,118,0,5
3500,119,0,5
3500,120,0,5
3500,121,1,5
3500,122,2,5
3500,123,2,6
3500,124,3,6
3500,125,3,5
3500,126,3,5
3500,127,4,5
3500,128,3,5
3500,129,4,5
3500,130,3,5
3500,131,4,5
3500,132,3,5
3500,133,3,4
3500,134,4,4
3500,135,4,3
3500,136,4,2
3500,137,4,3
3500,138,4,2
3500,139,5,2
3500,140,5,3
3500,141,5,4
3500,142,5,4
3500,143,5,5
3500,144,5,5
3500,145,6,5
3500,146,6,5
3500,147,5,5
3500,148,4,5
3500,149,3,5
3550,0,3,4
3550,1,2,4
3550,2,2,4
3550,3,2,5
3550,4,3,5
3550,5,3,5
3550,6,3,5
3550,7,2,5
3550,8,2,5
3550,9,1,5
3550,10,2,5
3550,11,3,5
3550,12,3,4
3550,13,3,4
3550,14,3,4
3550,15,4,4
3550,16,4,5
3550,17,3,5
3550,18,2,5
3550,19,1,5
3550,20,2,5
3550,21,2,6
3550,22,2,6
3550,23,1,6
3550,24,1,6
3550,25,2,6
3550,26,3,6
3550,27,2,6
3550,28,3,6
3550,29,4,6
3550,30,4,5
3550,31,4,6
3550,32,4,6
3550,33,4,5
3550,34,4,5
3550,35,4,4
3550,36,4,5
3550,37,3,5
3550,38,3,5
3550,39,2,5
3550,40,2,5
3550,41,2,4
3550,42,3,4
3550,43,4,4
3550,44,4,4
3550,45,4,5
3550,46,4,6
3550,47,4,5
3550,48,3,5
3550,49,3,5
3550,50,3,4
3550,51,3,4
3550,52,4,4
3550,53,3,4
3550,54,2,4
3550,55,3,4
3550,56,2,4
3550,57,2,5
3550,58,2,5
3550,59,3,5
3550,60,3,5
3550,61,2,5
3550,62,2,4
3550,63,2,5
3550,64,3,5
3550,65,3,6
3550,66,4,6
3550,67,4,6
3550,68,4,7
3550,69,4,7
3550,70,4,6
3550,71,4,7
3550,72,4,6
3550,73,4,7
3550,74,4,6
3550,75,4,5
3550,76,5,5
3550,77,4,5
3550,78,4,6
3550,79,4,5
3550,80,4,4
3550,81,5,4
3550,82,5,5
3550,83,5,5
3550,84,5,4
3550,85,6,4
3550,86,5,4
3550,87,5,3
3550,88,4,3
3550,89,4,2
3550,90,3,2
3550,91,4,2
3550,92,3,2
3550,93,3,2
3550,94,3,1
3550,95,3,2
3550,96,3,3
3550,97,3,3
3550,98,3,4
3550,99,3,4
3550,100,3,5
3550,101,2,5
3550,102,1,5
3550,103,0,5
3550,104,0,5
3550,105,0,5
3550,106,1,5
3550,107,1,4
3550,108,1,5
3550,109,0,5
3550,110,0,5
3550,111,0,6
3550,112,0,6
3550,113,0,5
3550,114,0,5
3550,115,0,6
3550,116,0,6
3550,117,0,6
3550,118,0,5
3550,119,0,6
3550,120,1,6
3550,121,1,6
3550,122,2,6
3550,123,2,6
3550,124,2,6
3550,125,2,6
3550,126,2,5
3550,127,2,6
3550,128,1,6
3550,129,0,6
3550,130,0,6
3550,131,0,6
3550,132,0,6
3550,133,0,6
3550,134,0,6
3550,135,0,7
3550,136,1,7
3550,137,2,7
3550,138,3,7
3550,139,3,6
3550,140,3,6
3550,141,4,6
3550,142,4,6
3550,143,4,7
3550,144,3,7
3550,145,3,7
3550,146,3,7
3550,147,2,7
3550,148,1,7
3550,149,0,7
3600,0,4,4
3600,1,4,4
3600,2,5,4
3600,3,5,4
3600,4,6,4
3600,5,6,4
3600,6,6,4
3600,7,5,4
3600,8,4,4
3600,9,4,4
3600,10,5,4
3600,11,5,4
3600,12,5,5
3600,13,5,5
3600,14,5,6
3600,15,5,6
3600,16,5,6
3600,17,5,6
3600,18,6,6
3600,19,5,6
3600,20,5,5
3600,21,5,6
3600,22,5,6
3600,23,6,6
3600,24,5,6
3600,25,5,6
3600,26,4,6
3600,27,3,6
3600,28,3,7
3600,29,3,6
3600,30,3,6
3600,31,3,6
3600,32,4,6
3600,33,4,6
3600,34,4,6
3600,35,4,6
3600,36,3,6
3600,37,4,6
3600,38,4,7
3600,39,4,7
3600,40,4,6
3600,41,3,6
3600,42,4,6
3600,43,5,6
3600,44,6,6
3600,45,7,6
3600,46,7,7
3600,47,7,6
3600,48,7,7
3600,49,7,7
3600,50,7,7
3600,51,7,7
3600,52,7,7
3600,53,6,7
3600,54,6,7
3600,55,6,7
3600,56,5,7
3600,57,4,7
3600,58,3,7
3600,59,3,7
3600,60,2,7
3600,61,2,7
3600,62,2,7
3600,63,3,7
3600,64,3,6
3600,65,3,7
3600,66,3,6
3600,67,2,6
3600,68,2,5
3600,69,2,5
3600,70,3,5
3600,71,4,5
3600,72,4,6
3600,73,5,6
3600,74,4,6
3600,75,4,5
3600,76,5,5
3600,77,6,5
3600,78,7,5
3600,79,7,6
3600,80,6,6
3600,81,6,7
3600,82,6,6
3600,83,6,7
3600,84,7,7
3600,85,7,7
3600,86,6,7
3600,87,6,7
3600,88,7,7
3600,89,6,7
3600,90,5,7
3600,91,5,7
3600,92,5,6
3600,93,5,7
3600,94,4,7
3600,95,5,7
3600,96,4,7
3600,97,5,7
3600,98,6,7
3600,99,6,7
3600,100,6,6
3600,101,5,6
3600,102,6,6
3600,103,5,6
3600,104,6,6
3600,105,6,7
3600,106,5,7
3600,107,4,7
3600,108,5,7
3600,109,5,7
3600,110,6,7
3600,111,6,7
3600,112,6,6
3600,113,6,6
3600,114,7,6
3600,115,7,7
3600,116,7,7
3600,117,7,7
3600,118,6,7
3600,119,6,6
3600,120,6,7
3600,121,5,7
3600,122,6,7
3600,123,6,6
3600,124,5,6
3600,125,4,6
3600,126,5,6
3600,127,6,6
3600,128,6,6
3600,129,7,6
3600,130,7,7
3600,131,6,7
3600,132,6,6
3600,133,5,6
3600,134,5,7
3600,135,5,6
3600,136,5,7
3600,137,5,6
3600,138,4,6
3600,139,5,6
3600,140,6,6
3600,141,6,5
3600,142,7,5
3600,143,7,5
3600,144,7,6
3600,145,7,7
3600,146,6,7
3600,147,5,7
3600,148,6,7
3600,149,6,6
3650,0,3,4
3650,1,2,4
3650,2,2,4
3650,3,2,3
3650,4,2,3
3650,5,3,3
3650,6,2,3
3650,7,3,3
3650,8,3,3
3650,9,3,3
3650,10,3,4
3650,11,3,4
3650,12,3,4
3650,13,3,5
3650,14,3,5
3650,15,4,5
3650,16,5,5
3650,17,5,4
3650,18,5,4
3650,19,4,4
3650,20,3,4
3650,21,3,4
3650,22,4,4
3650,23,4,4
3650,24,5,4
3650,25,4,4
3650,26,4,4
3650,27,5,4
3650,28,5,5
3650,29,5,5
3650,30,5,6
3650,31,6,6
3650,32,7,6
3650,33,7,6
3650,34,7,7
3650,35,6,7
3650,36,5,7
3650,37,5,7
3650,38,6,7
3650,39,6,7
3650,40,6,6
3650,41,7,6
3650,42,7,6
3650,43,7,6
3650,44,7,7
3650,45,6,7
3650,46,7,7
3650,47,7,7
3650,48,7,7
3650,49,7,7
3650,50,7,7
3650,51,7,7
3650,52,6,7
3650,53,6,7
3650,54,6,7
3650,55,6,6
3650,56,6,5
3650,57,7,5
3650,58,7,6
3650,59,7,7
3650,60,7,7
3650,61,7,7
3650,62,7,7
3650,63,7,7
3650,64,7,7
3650,65,7,7
3650,66,7,7
3650,67,7,7
3650,68,7,7
3650,69,7,7
3650,70,7,7
3650,71,7,7
3650,72,7,7
3650,73,7,7
3650,74,7,7
3650,75,7,7
3650,76,7,6
3650,77,7,7
3650,78,6,7
3650,79,5,7
3650,80,6,7
3650,81,5,7
3650,82,5,7
3650,83,6,7
3650,84,7,7
3650,85,7,7
3650,86,7,7
3650,87,7,7
3650,88,7,7
3650,89,7,7
3650,90,7,7
3650,91,7,7
3650,92,7,7
3650,93,7,7
3650,94,7,7
3650,95,7,7
3650,96,7,6
3650,97,7,7
3650,98,7,7
3650,99,7,7
3650,100,7,7
3650,101,6,7
3650,102,6,6
3650,103,5,6
3650,104,6,6
3650,105,6,7
3650,106,5,7
3650,107,4,7
3650,108,4,7
3650,109,5,7
3650,110,6,7
3650,111,5,7
3650,112,4,7
3650,113,3,7
3650,114,3,7
3650,115,3,7
3650,116,4,7
3650,117,5,7
3650,118,6,7
3650,119,6,7
3650,120,6,7
3650,121,7,7
3650,122,7,7
3650,123,6,7
3650,124,7,7
3650,125,7,7
3650,126,7,7
3650,127,7,7
3650,128,7,7
3650,129,7,7
3650,130,7,6
3650,131,7,6
3650,132,7,6
3650,133,6,6
3650,134,6,5
3650,135,7,5
3650,136,7,6
3650,137,7,7
3650,138,7,7
3650,139,7,7
3650,140,7,7
3650,141,7,7
3650,142,7,7
3650,143,7,7
3650,144,7,7
3650,145,6,7
3650,146,5,7
3650,147,5,7
3650,148,6,7
3650,149,7,7
3700,0,5,4
3700,1,4,4
3700,2,4,3
3700,3,3,3
3700,4,3,3
3700,5,3,3
3700,6,3,2
3700,7,4,2
3700,8,5,2
3700,9,5,3
3700,10,4,3
3700,11,4,4
3700,12,3,4
3700,13,3,4
3700,14,3,4
3700,15,3,4
3700,16,2,4
3700,17,1,4
3700,18,1,4
3700,19,1,4
3700,20,0,4
3700,21,1,4
3700,22,1,5
3700,23,1,5
3700,24,0,5
3700,25,0,5
3700,26,1,5
3700,27,1,6
3700,28,2,6
3700,29,2,6
3700,30,2,5
3700,31,2,5
3700,32,2,4
3700,33,2,4
3700,34,3,4
3700,35,2,4
3700,36,2,3
3700,37,2,3
3700,38,2,2
3700,39,2,3
3700,40,2,2
3700,41,2,1
3700,42,2,1
3700,43,2,1
3700,44,1,1
3700,45,2,1
3700,46,3,1
3700,47,4,1
3700,48,5,1
3700,49,4,1
3700,50,5,1
3700,51,5,1
3700,52,4,1
3700,53,3,1
3700,54,3,1
3700,55,4,1
3700,56,3,1
3700,57,4,1
3700,58,4,1
3700,59,5,1
3700,60,6,1
3700,61,6,2
3700,62,6,2
3700,63,6,1
3700,64,7,1
3700,65,7,2
3700,66,7,3
3700,67,7,4
3700,68,6,4
3700,69,5,4
3700,70,5,3
3700,71,4,3
3700,72,4,3
3700,73,3,3
3700,74,3,2
3700,75,4,2
3700,76,5,2
3700,77,5,2
3700,78,5,3
3700,79,6,3
3700,80,7,3
3700,81,7,4
3700,82,7,4
3700,83,7,5
3700,84,7,5
3700,85,7,6
3700,86,6,6
3700,87,6,7
3700,88,6,7
3700,89,7,7
3700,90,7,7
3700,91,7,7
3700,92,7,7
3700,93,7,6
3700,94,7,5
3700,95,6,5
3700,96,7,5
3700,97,7,5
3700,98,7,5
3700,99,7,6
3700,100,7,7
3700,101,7,7
3700,102,7,7
3700,103,6,7
3700,104,7,7
3700,105,7,7
3700,106,7,7
3700,107,7,7
3700,108,7,7
3700,109,6,7
3700,110,6,7
3700,111,6,7
3700,112,6,6
3700,113,6,5
3700,114,7,5
3700,115,7,5
3700,116,7,5
3700,117,7,6
3700,118,7,6
3700,119,7,7
3700,120,7,7
3700,121,7,6
3700,122,7,6
3700,123,7,5
3700,124,7,5
3700,125,7,6
3700,126,7,6
3700,127,7,6
3700,128,7,7
3700,129,7,7
3700,130,7,7
3700,131,7,7
3700,132,7,7
3700,133,7,7
3700,134,7,7
3700,135,7,7
3700,136,6,7
3700,137,6,7
3700,138,5,7
3700,139,6,7
3700,140,6,6
3700,141,7,6
3700,142,7,6
3700,143,7,5
3700,144,7,5
3700,145,6,5
3700,146,6,5
3700,147,6,5
3700,148,5,5
3700,149,5,6
3750,0,4,4
3750,1,4,3
3750,2,4,2
3750,3,4,2
3750,4,3,2
3750,5,3,2
3750,6,3,2
3750,7,3,1
3750,8,4,1
3750,9,4,1
3750,10,3,1
3750,11,3,2
3750,12,4,2
3750,13,4,2
3750,14,5,2
3750,15,5,3
3750,16,4,3
3750,17,4,2
3750,18,5,2
3750,19,6,2
3750,20,6,2
3750,21,6,1
3750,22,6,2
3750,23,6,1
3750,24,6,1
3750,25,5,1
3750,26,5,0
3750,27,5,0
3750,28,4,0
3750,29,5,0
3750,30,6,0
3750,31,6,0
3750,32,7,0
3750,33,7,0
3750,34,7,0
3750,35,7,0
3750,36,7,0
3750,37,7,0
3750,38,7,0
3750,39,7,0
3750,40,7,0
3750,41,7,1
3750,42,6,1
3750,43,5,1
3750,44,4,1
3750,45,4,0
3750,46,5,0
3750,47,5,0
3750,48,6,0
3750,49,6,0
3750,50,6,0
3750,51,5,0
3750,52,6,0
3750,53,6,0
3750,54,7,0
3750,55,7,0
3750,56,7,0
3750,57,7,1
3750,58,7,1
3750,59,7,1
3750,60,7,2
3750,61,7,3
3750,62,7,4
3750,63,7,5
3750,64,7,5
3750,65,6,5
3750,66,7,5
3750,67,7,5
3750,68,7,6
3750,69,7,6
3750,70,7,6
3750,71,7,6
3750,72,6,6
3750,73,6,5
3750,74,7,5
3750,75,7,5
3750,76,7,6
3750,77,6,6
3750,78,5,6
3750,79,5,7
3750,80,4,7
3750,81,4,6
3750,82,5,6
3750,83,5,6
3750,84,5,6
3750,85,5,7
3750,86,5,7
3750,87,4,7
3750,88,5,7
3750,89,6,7
3750,90,5,7
3750,91,6,7
3750,92,6,7
3750,93,6,6
3750,94,5,6
3750,95,5,5
3750,96,4,5
3750,97,4,5
3750,98,5,5
3750,99,5,5
3750,100,4,5
3750,101,3,5
3750,102,3,4
3750,103,3,3
3750,104,3,3
3750,105,3,2
3750,106,3,2
3750,107,3,2
3750,108,3,2
3750,109,3,2
3750,110,3,1
3750,111,3,2
3750,112,2,2
3750,113,2,1
3750,114,1,1
3750,115,2,1
3750,116,3,1
3750,117,4,1
3750,118,4,2
3750,119,4,2
3750,120,4,1
3750,121,4,0
3750,122,3,0
3750,123,4,0
3750,124,5,0
3750,125,6,0
3750,126,6,0
3750,127,6,1
3750,128,6,1
3750,129,5,1
3750,130,5,1
3750,131,6,1
3750,132,6,0
3750,133,7,0
3750,134,7,1
3750,135,7,1
3750,136,7,2
3750,137,7,2
3750,138,7,1
3750,139,7,1
3750,140,7,1
3750,141,7,2
3750,142,7,1
3750,143,7,0
3750,144,7,0
3750,145,7,1
3750,146,7,1
3750,147,7,2
3750,148,7,2
3750,149,6,2
3800,0,5,4
3800,1,4,4
3800,2,5,4
3800,3,4,4
3800,4,5,4
3800,5,4,4
3800,6,4,3
3800,7,5,3
3800,8,5,3
3800,9,6,3
3800,10,6,2
3800,11,5,2
3800,12,5,2
3800,13,5,2
3800,14,5,3
3800,15,5,2
3800,16,5,1
3800,17,4,1
3800,18,3,1
3800,19,3,1
3800,20,4,1
3800,21,3,1
3800,22,4,1
3800,23,5,1
3800,24,5,2
3800,25,4,2
3800,26,4,2
3800,27,4,3
3800,28,4,3
3800,29,3,3
3800,30,2,3
3800,31,1,3
3800,32,1,3
3800,33,1,3
3800,34,1,3
3800,35,1,2
3800,36,1,2
3800,37,1,3
3800,38,1,3
3800,39,1,2
3800,40,1,3
3800,41,1,2
3800,42,2,2
3800,43,2,2
3800,44,3,2
3800,45,3,2
3800,46,3,2
3800,47,3,1
3800,48,2,1
3800,49,3,1
3800,50,3,0
3800,51,2,0
3800,52,3,0
3800,53,2,0
3800,54,1,0
3800,55,2,0
3800,56,3,0
3800,57,4,0
3800,58,4,0
3800,59,4,1
3800,60,5,1
3800,61,6,1
3800,62,7,1
3800,63,7,1
3800,64,7,2
3800,65,7,2
3800,66,6,2
3800,67,6,3
3800,68,7,3
3800,69,6,3
3800,70,6,4
3800,71,6,3
3800,72,6,3
3800,73,6,3
3800,74,7,3
3800,75,7,4
3800,76,7,4
3800,77,7,3
3800,78,7,3
3800,79,7,2
3800,80,7,2
3800,81,7,2
3800,82,7,3
3800,83,7,4
3800,84,7,5
3800,85,7,6
3800,86,6,6
3800,87,5,6
3800,88,5,5
3800,89,4,5
3800,90,5,5
3800,91,5,6
3800,92,5,7
3800,93,4,7
3800,94,3,7
3800,95,2,7
3800,96,2,7
3800,97,2,6
3800,98,2,6
3800,99,3,6
3800,100,2,6
3800,101,1,6
3800,102,1,6
3800,103,1,6
3800,104,2,6
3800,105,2,6
3800,106,2,5
3800,107,2,4
3800,108,2,4
3800,109,2,3
3800,110,1,3
3800,111,0,3
3800,112,0,3
3800,113,1,3
3800,114,1,3
3800,115,0,3
3800,116,0,3
3800,117,0,4
3800,118,0,4
3800,119,0,4
3800,120,1,4
3800,121,2,4
3800,122,2,3
3800,123,2,3
3800,124,2,2
3800,125,2,2
3800,126,2,1
3800,127,3,1
3800,128,2,1
3800,129,1,1
3800,130,2,1
3800,131,3,1
3800,132,3,1
3800,133,3,1
3800,134,3,0
3800,135,2,0
3800,136,3,0
3800,137,4,0
3800,138,4,0
3800,139,5,0
3800,140,5,0
3800,141,4,0
3800,142,3,0
3800,143,4,0
3800,144,5,0
3800,145,4,0
3800,146,3,0
3800,147,3,0
3800,148,3,1
3800,149,2,1
3850,0,5,4
3850,1,4,4
3850,2,3,4
3850,3,3,3
3850,4,3,2
3850,5,3,1
3850,6,4,1
3850,7,5,1
3850,8,4,1
3850,9,5,1
3850,10,4,1
3850,11,5,1
3850,12,5,0
3850,13,5,0
3850,14,4,0
3850,15,5,0
3850,16,4,0
3850,17,5,0
3850,18,4,0
3850,19,3,0
3850,20,2,0
3850,21,2,0
3850,22,1,0
3850,23,1,0
3850,24,0,0
3850,25,0,1
3850,26,0,1
3850,27,0,1
3850,28,0,2
3850,29,0,2
3850,30,0,2
3850,31,0,1
3850,32,0,0
3850,33,0,0
3850,34,0,0
3850,35,1,0
3850,36,2,0
3850,37,2,0
3850,38,1,0
3850,39,1,0
3850,40,0,0
3850,41,0,0
3850,42,0,1
3850,43,0,1
3850,44,0,2
3850,45,0,3
3850,46,0,2
3850,47,0,1
3850,48,0,1
3850,49,1,1
3850,50,1,2
3850,51,2,2
3850,52,3,2
3850,53,3,1
3850,54,4,1
3850,55,5,1
3850,56,5,0
3850,57,6,0
3850,58,7,0
3850,59,7,0
3850,60,7,0
3850,61,6,0
3850,62,6,0
3850,63,6,0
3850,64,6,0
3850,65,5,0
3850,66,4,0
3850,67,4,0
3850,68,5,0
3850,69,6,0
3850,70,7,0
3850,71,6,0
3850,72,6,1
3850,73,5,1
3850,74,6,1
3850,75,5,1
3850,76,5,2
3850,77,5,1
3850,78,6,1
3850,79,6,0
3850,80,5,0
3850,81,6,0
3850,82,6,1
3850,83,7,1
3850,84,7,1
3850,85,7,2
3850,86,6,2
3850,87,7,2
3850,88,7,2
3850,89,7,2
3850,90,7,1
3850,91,7,1
3850,92,7,1
3850,93,7,2
3850,94,7,3
3850,95,7,3
3850,96,7,3
3850,97,7,2
3850,98,6,2
3850,99,6,1
3850,100,6,0
3850,101,5,0
3850,102,5,0
3850,103,5,0
3850,104,6,0
3850,105,6,1
3850,106,6,0
3850,107,5,0
3850,108,5,0
3850,109,4,0
3850,110,4,0
3850,111,5,0
3850,112,5,0
3850,113,5,0
3850,114,6,0
3850,115,5,0
3850,116,4,0
3850,117,4,1
3850,118,4,2
3850,119,4,3
3850,120,4,3
3850,121,4,2
3850,122,4,2
3850,123,4,1
3850,124,3,1
3850,125,2,1
3850,126,3,1
3850,127,3,0
3850,128,2,0
3850,129,3,0
3850,130,4,0
3850,131,4,0
3850,132,5,0
3850,133,6,0
3850,134,6,0
3850,135,5,0
3850,136,4,0
3850,137,4,0
3850,138,4,0
3850,139,5,0
3850,140,5,0
3850,141,5,1
3850,142,5,0
3850,143,6,0
3850,144,7,0
3850,145,7,0
3850,146,7,0
3850,147,7,1
3850,148,6,1
3850,149,5,1
3900,0,3,4
3900,1,2,4
3900,2,2,4
3900,3,1,4
3900,4,1,4
3900,5,1,4
3900,6,1,5
3900,7,1,5
3900,8,1,5
3900,9,1,5
3900,10,2,5
3900,11,2,5
3900,12,1,5
3900,13,0,5
3900,14,0,5
3900,15,0,4
3900,16,0,3
3900,17,0,2
3900,18,0,2
3900,19,0,2
3900,20,1,2
3900,21,2,2
3900,22,2,1
3900,23,1,1
3900,24,2,1
3900,25,1,1
3900,26,1,1
3900,27,0,1
3900,28,0,1
3900,29,1,1
3900,30,0,1
3900,31,0,1
3900,32,0,2
3900,33,0,1
3900,34,0,2
3900,35,0,1
3900,36,0,1
3900,37,1,1
3900,38,0,1
3900,39,0,1
3900,40,0,1
3900,41,0,0
3900,42,0,0
3900,43,1,0
3900,44,1,0
3900,45,2,0
3900,46,1,0
3900,47,1,1
3900,48,0,1
3900,49,0,1
3900,50,0,1
3900,51,0,0
3900,52,0,0
3900,53,0,0
3900,54,1,0
3900,55,1,1
3900,56,1,1
3900,57,0,1
3900,58,0,1
3900,59,0,0
3900,60,0,0
3900,61,0,0
3900,62,1,0
3900,63,2,0
3900,64,1,0
3900,65,0,0
3900,66,0,1
3900,67,0,2
3900,68,0,1
3900,69,0,2
3900,70,0,3
3900,71,0,3
3900,72,0,2
3900,73,0,2
3900,74,0,1
3900,75,0,1
3900,76,0,1
3900,77,0,2
3900,78,1,2
3900,79,1,3
3900,80,1,3
3900,81,2,3
3900,82,1,3
3900,83,0,3
3900,84,0,3
3900,85,0,3
3900,86,0,2
3900,87,0,1
3900,88,0,1
3900,89,0,1
3900,90,0,0
3900,91,0,0
3900,92,0,0
3900,93,0,0
3900,94,0,0
3900,95,0,0
3900,96,0,0
3900,97,1,0
3900,98,1,1
3900,99,1,2
3900,100,1,3
3900,101,1,2
3900,102,0,2
3900,103,0,2
3900,104,0,1
3900,105,0,1
3900,106,1,1
3900,107,2,1
3900,108,3,1
3900,109,3,2
3900,110,4,2
3900,111,3,2
3900,112,4,2
3900,113,3,2
3900,114,3,3
3900,115,3,3
3900,116,4,3
3900,117,3,3
3900,118,3,2
3900,119,3,2
3900,120,3,1
3900,121,3,2
3900,122,2,2
3900,123,1,2
3900,124,1,1
3900,125,2,1
3900,126,2,0
3900,127,1,0
3900,128,1,1
3900,129,2,1
3900,130,3,1
3900,131,3,2
3900,132,3,1
3900,133,4,1
3900,134,3,1
3900,135,3,1
3900,136,3,1
3900,137,4,1
3900,138,3,1
3900,139,4,1
3900,140,5,1
3900,141,4,1
3900,142,3,1
3900,143,3,0
3900,144,2,0
3900,145,1,0
3900,146,0,0
3900,147,1,0
3900,148,1,0
3900,149,0,0
3950,0,3,4
3950,1,2,4
3950,2,2,3
3950,3,2,3
3950,4,2,3
3950,5,3,3
3950,6,4,3
3950,7,4,3
3950,8,5,3
3950,9,5,4
3950,10,6,4
3950,11,5,4
3950,12,6,4
3950,13,6,3
3950,14,5,3
3950,15,5,3
3950,16,6,3
3950,17,6,3
3950,18,6,3
3950,19,6,2
3950,20,5,2
3950,21,4,2
3950,22,5,2
3950,23,4,2
3950,24,4,1
3950,25,3,1
3950,26,3,1
3950,27,3,1
3950,28,2,1
3950,29,1,1
3950,30,1,2
3950,31,0,2
3950,32,0,1
3950,33,0,2
3950,34,0,3
3950,35,0,2
3950,36,0,1
3950,37,0,1
3950,38,0,1
3950,39,0,1
3950,40,0,0
3950,41,0,0
3950,42,0,0
3950,43,0,0
3950,44,0,0
3950,45,0,0
3950,46,0,0
3950,47,0,0
3950,48,0,0
3950,49,0,0
3950,50,0,0
3950,51,0,0
3950,52,0,0
3950,53,0,0
3950,54,0,0
3950,55,1,0
3950,56,1,0
3950,57,0,0
3950,58,0,1
3950,59,0,2
3950,60,0,2
3950,61,0,1
3950,62,1,1
3950,63,2,1
3950,64,2,0
3950,65,1,0
3950,66,1,1
3950,67,1,2
3950,68,1,1
3950,69,2,1
3950,70,3,1
3950,71,2,1
3950,72,3,1
3950,73,3,2
3950,74,2,2
3950,75,2,1
3950,76,1,1
3950,77,1,0
3950,78,1,0
3950,79,2,0
3950,80,1,0
3950,81,0,0
3950,82,0,0
3950,83,0,0
3950,84,0,0
3950,85,0,0
3950,86,0,1
3950,87,0,1
3950,88,1,1
3950,89,2,1
3950,90,3,1
3950,91,2,1
3950,92,1,1
3950,93,2,1
3950,94,1,1
3950,95,2,1
3950,96,3,1
3950,97,3,0
3950,98,2,0
3950,99,1,0
3950,100,2,0
3950,101,2,1
3950,102,3,1
3950,103,3,2
3950,104,3,2
3950,105,3,2
3950,106,2,2
3950,107,1,2
3950,108,2,2
3950,109,1,2
3950,110,1,1
3950,111,0,1
3950,112,0,1
3950,113,0,1
3950,114,0,1
3950,115,1,1
3950,116,0,1
3950,117,0,1
3950,118,0,0
3950,119,0,1
3950,120,1,1
3950,121,1,2
3950,122,2,2
3950,123,1,2
3950,124,1,1
3950,125,1,0
3950,126,1,0
3950,127,0,0
3950,128,0,0
3950,129,0,0
3950,130,0,1
3950,131,0,1
3950,132,1,1
3950,133,1,1
3950,134,2,1
3950,135,3,1
3950,136,4,1
3950,137,3,1
3950,138,2,1
3950,139,3,1
3950,140,3,2
3950,141,4,2
3950,142,4,1
3950,143,5,1
3950,144,5,2
3950,145,5,2
3950,146,6,2
3950,147,6,2
3950,148,6,3
3950,149,7,3
4000,0,4,5
4000,1,4,5
4000,2,3,5
4000,3,2,5
4000,4,2,5
4000,5,3,5
4000,6,4,5
4000,7,4,4
4000,8,5,4
4000,9,4,4
4000,10,4,4
4000,11,4,3
4000,12,5,3
4000,13,5,3
4000,14,6,3
4000,15,6,2
4000,16,6,2
4000,17,6,2
4000,18,6,3
4000,19,6,4
4000,20,7,4
4000,21,7,5
4000,22,7,5
4000,23,7,5
4000,24,7,6
4000,25,7,6
4000,26,7,6
4000,27,6,6
4000,28,6,5
4000,29,6,6
4000,30,7,6
4000,31,7,7
4000,32,7,6
4000,33,7,5
4000,34,6,5
4000,35,5,5
4000,36,5,4
4000,37,5,4
4000,38,4,4
4000,39,3,4
4000,40,2,4
4000,41,1,4
4000,42,2,4
4000,43,1,4
4000,44,2,4
4000,45,2,3
4000,46,2,2
4000,47,2,2
4000,48,2,2
4000,49,1,2
4000,50,1,3
4000,51,1,2
4000,52,2,2
4000,53,2,1
4000,54,1,1
4000,55,2,1
4000,56,1,1
4000,57,1,0
4000,58,0,0
4000,59,0,0
4000,60,0,1
4000,61,0,1
4000,62,0,1
4000,63,0,0
4000,64,0,0
4000,65,0,0
4000,66,0,0
4000,67,0,0
4000,68,0,0
4000,69,0,0
4000,70,0,0
4000,71,0,0
4000,72,0,0
4000,73,0,0
4000,74,0,0
4000,75,0,1
4000,76,0,1
4000,77,1,1
4000,78,2,1
4000,79,1,1
4000,80,1,0
4000,81,0,0
4000,82,0,0
4000,83,0,0
4000,84,0,0
4000,85,0,1
4000,86,1,1
4000,87,1,2
4000,88,0,2
4000,89,0,2
4000,90,1,2
4000,91,1,1
4000,92,1,0
4000,93,2,0
4000,94,2,0
4000,95,3,0
4000,96,3,0
4000,97,4,0
4000,98,3,0
4000,99,4,0
4000,100,3,0
4000,101,3,0
4000,102,4,0
4000,103,3,0
4000,104,4,0
4000,105,5,0
4000,106,5,0
4000,107,5,0
4000,108,6,0
4000,109,5,0
4000,110,4,0
4000,111,5,0
4000,112,5,0
4000,113,5,0
4000,114,5,0
4000,115,5,0
4000,116,6,0
4000,117,6,1
4000,118,7,1
4000,119,7,1
4000,120,7,2
4000,121,6,2
4000,122,7,2
4000,123,7,3
4000,124,7,3
4000,125,7,3
4000,126,7,2
4000,127,7,1
4000,128,7,1
4000,129,7,1
4000,130,7,2
4000,131,7,2
4000,132,7,2
4000,133,7,3
4000,134,7,3
4000,135,7,3
4000,136,7,3
4000,137,6,3
4000,138,6,2
4000,139,6,2
4000,140,7,2
4000,141,7,3
4000,142,7,4
4000,143,7,3
4000,144,7,4
4000,145,7,5
4000,146,7,4
4000,147,7,4
4000,148,6,4
4000,149,6,4
